Fitter report for i2c_oled_ni2
Sat Dec 20 18:06:42 2025
Quartus Prime Version 17.1.0 Build 590 10/25/2017 SJ Lite Edition


---------------------
; Table of Contents ;
---------------------
  1. Legal Notice
  2. Fitter Summary
  3. Fitter Settings
  4. Parallel Compilation
  5. Fitter Netlist Optimizations
  6. Incremental Compilation Preservation Summary
  7. Incremental Compilation Partition Settings
  8. Incremental Compilation Placement Preservation
  9. Pin-Out File
 10. Fitter Resource Usage Summary
 11. Fitter Partition Statistics
 12. Input Pins
 13. Output Pins
 14. Bidir Pins
 15. Dual Purpose and Dedicated Pins
 16. I/O Bank Usage
 17. All Package Pins
 18. I/O Assignment Warnings
 19. Fitter Resource Utilization by Entity
 20. Delay Chain Summary
 21. Pad To Core Delay Chain Fanout
 22. Control Signals
 23. Global & Other Fast Signals
 24. Fitter RAM Summary
 25. Routing Usage Summary
 26. LAB Logic Elements
 27. LAB-wide Signals
 28. LAB Signals Sourced
 29. LAB Signals Sourced Out
 30. LAB Distinct Inputs
 31. I/O Rules Summary
 32. I/O Rules Details
 33. I/O Rules Matrix
 34. Fitter Device Options
 35. Operating Settings and Conditions
 36. Fitter Messages
 37. Fitter Suppressed Messages



----------------
; Legal Notice ;
----------------
Copyright (C) 2017  Intel Corporation. All rights reserved.
Your use of Intel Corporation's design tools, logic functions 
and other software and tools, and its AMPP partner logic 
functions, and any output files from any of the foregoing 
(including device programming or simulation files), and any 
associated documentation or information are expressly subject 
to the terms and conditions of the Intel Program License 
Subscription Agreement, the Intel Quartus Prime License Agreement,
the Intel FPGA IP License Agreement, or other applicable license
agreement, including, without limitation, that your use is for
the sole purpose of programming logic devices manufactured by
Intel and sold by Intel or its authorized distributors.  Please
refer to the applicable agreement for further details.



+----------------------------------------------------------------------------------+
; Fitter Summary                                                                   ;
+------------------------------------+---------------------------------------------+
; Fitter Status                      ; Successful - Sat Dec 20 18:06:42 2025       ;
; Quartus Prime Version              ; 17.1.0 Build 590 10/25/2017 SJ Lite Edition ;
; Revision Name                      ; i2c_oled_ni2                                ;
; Top-level Entity Name              ; NIOS2i2c                                    ;
; Family                             ; MAX 10                                      ;
; Device                             ; 10M08SCE144C8G                              ;
; Timing Models                      ; Final                                       ;
; Total logic elements               ; 2,476 / 8,064 ( 31 % )                      ;
;     Total combinational functions  ; 2,326 / 8,064 ( 29 % )                      ;
;     Dedicated logic registers      ; 1,316 / 8,064 ( 16 % )                      ;
; Total registers                    ; 1316                                        ;
; Total pins                         ; 9 / 101 ( 9 % )                             ;
; Total virtual pins                 ; 0                                           ;
; Total memory bits                  ; 139,336 / 387,072 ( 36 % )                  ;
; Embedded Multiplier 9-bit elements ; 0 / 48 ( 0 % )                              ;
; Total PLLs                         ; 0 / 1 ( 0 % )                               ;
; UFM blocks                         ; 0 / 1 ( 0 % )                               ;
; ADC blocks                         ; 0                                           ;
+------------------------------------+---------------------------------------------+


+------------------------------------------------------------------------------------------------------------------------------------------------------------+
; Fitter Settings                                                                                                                                            ;
+----------------------------------------------------------------------------+---------------------------------------+---------------------------------------+
; Option                                                                     ; Setting                               ; Default Value                         ;
+----------------------------------------------------------------------------+---------------------------------------+---------------------------------------+
; Device                                                                     ; 10M08SCE144C8G                        ;                                       ;
; Minimum Core Junction Temperature                                          ; 0                                     ;                                       ;
; Maximum Core Junction Temperature                                          ; 85                                    ;                                       ;
; Fit Attempts to Skip                                                       ; 0                                     ; 0.0                                   ;
; Use smart compilation                                                      ; Off                                   ; Off                                   ;
; Enable parallel Assembler and TimeQuest Timing Analyzer during compilation ; On                                    ; On                                    ;
; Enable compact report table                                                ; Off                                   ; Off                                   ;
; Auto Merge PLLs                                                            ; On                                    ; On                                    ;
; Router Timing Optimization Level                                           ; Normal                                ; Normal                                ;
; Perform Clocking Topology Analysis During Routing                          ; Off                                   ; Off                                   ;
; Placement Effort Multiplier                                                ; 1.0                                   ; 1.0                                   ;
; Router Effort Multiplier                                                   ; 1.0                                   ; 1.0                                   ;
; Optimize Hold Timing                                                       ; All Paths                             ; All Paths                             ;
; Optimize Multi-Corner Timing                                               ; On                                    ; On                                    ;
; Power Optimization During Fitting                                          ; Normal compilation                    ; Normal compilation                    ;
; SSN Optimization                                                           ; Off                                   ; Off                                   ;
; Optimize Timing                                                            ; Normal compilation                    ; Normal compilation                    ;
; Optimize Timing for ECOs                                                   ; Off                                   ; Off                                   ;
; Regenerate Full Fit Report During ECO Compiles                             ; Off                                   ; Off                                   ;
; Optimize IOC Register Placement for Timing                                 ; Normal                                ; Normal                                ;
; Final Placement Optimizations                                              ; Automatically                         ; Automatically                         ;
; Fitter Initial Placement Seed                                              ; 1                                     ; 1                                     ;
; Periphery to Core Placement and Routing Optimization                       ; Off                                   ; Off                                   ;
; PCI I/O                                                                    ; Off                                   ; Off                                   ;
; Weak Pull-Up Resistor                                                      ; Off                                   ; Off                                   ;
; Enable Bus-Hold Circuitry                                                  ; Off                                   ; Off                                   ;
; Auto Packed Registers                                                      ; Auto                                  ; Auto                                  ;
; Auto Delay Chains                                                          ; On                                    ; On                                    ;
; Auto Delay Chains for High Fanout Input Pins                               ; Off                                   ; Off                                   ;
; Allow Single-ended Buffer for Differential-XSTL Input                      ; Off                                   ; Off                                   ;
; Treat Bidirectional Pin as Output Pin                                      ; Off                                   ; Off                                   ;
; Perform Physical Synthesis for Combinational Logic for Fitting             ; Off                                   ; Off                                   ;
; Perform Physical Synthesis for Combinational Logic for Performance         ; Off                                   ; Off                                   ;
; Perform Register Duplication for Performance                               ; Off                                   ; Off                                   ;
; Perform Logic to Memory Mapping for Fitting                                ; Off                                   ; Off                                   ;
; Perform Register Retiming for Performance                                  ; Off                                   ; Off                                   ;
; Perform Asynchronous Signal Pipelining                                     ; Off                                   ; Off                                   ;
; Fitter Effort                                                              ; Auto Fit                              ; Auto Fit                              ;
; Physical Synthesis Effort Level                                            ; Normal                                ; Normal                                ;
; Logic Cell Insertion - Logic Duplication                                   ; Auto                                  ; Auto                                  ;
; Auto Register Duplication                                                  ; Auto                                  ; Auto                                  ;
; Auto Global Clock                                                          ; On                                    ; On                                    ;
; Auto Global Register Control Signals                                       ; On                                    ; On                                    ;
; Reserve all unused pins                                                    ; As input tri-stated with weak pull-up ; As input tri-stated with weak pull-up ;
; Synchronizer Identification                                                ; Auto                                  ; Auto                                  ;
; Enable Beneficial Skew Optimization                                        ; On                                    ; On                                    ;
; Optimize Design for Metastability                                          ; On                                    ; On                                    ;
; Force Fitter to Avoid Periphery Placement Warnings                         ; Off                                   ; Off                                   ;
; Enable input tri-state on active configuration pins in user mode           ; Off                                   ; Off                                   ;
+----------------------------------------------------------------------------+---------------------------------------+---------------------------------------+


+------------------------------------------+
; Parallel Compilation                     ;
+----------------------------+-------------+
; Processors                 ; Number      ;
+----------------------------+-------------+
; Number detected on machine ; 12          ;
; Maximum allowed            ; 8           ;
;                            ;             ;
; Average used               ; 1.69        ;
; Maximum used               ; 8           ;
;                            ;             ;
; Usage by Processor         ; % Time Used ;
;     Processor 1            ; 100.0%      ;
;     Processor 2            ;   9.9%      ;
;     Processor 3            ;   9.8%      ;
;     Processor 4            ;   9.8%      ;
;     Processor 5            ;   9.8%      ;
;     Processor 6            ;   9.8%      ;
;     Processor 7            ;   9.8%      ;
;     Processor 8            ;   9.8%      ;
+----------------------------+-------------+


+------------------------------------------------------------------------------------------------------------------------------------------------------------------------------------------------------------------------------------------------------------------------------------------------------------------------------------------------------------------------------------------------------------------------------------------------------------------------------------------+
; Fitter Netlist Optimizations                                                                                                                                                                                                                                                                                                                                                                                                                                                             ;
+----------------------------------------------------------------------------------------------------------------------------+-----------------+------------------+---------------------+-----------+----------------+--------------------------------------------------------------------------------------------------------------------------------------------------------------------------------------------------------------------------+------------------+-----------------------+
; Node                                                                                                                       ; Action          ; Operation        ; Reason              ; Node Port ; Node Port Name ; Destination Node                                                                                                                                                                                                         ; Destination Port ; Destination Port Name ;
+----------------------------------------------------------------------------------------------------------------------------+-----------------+------------------+---------------------+-----------+----------------+--------------------------------------------------------------------------------------------------------------------------------------------------------------------------------------------------------------------------+------------------+-----------------------+
; i2c_oled_ni2:u0|i2c_oled_ni2_jtag_uart_0:jtag_uart_0|alt_jtag_atlantic:i2c_oled_ni2_jtag_uart_0_alt_jtag_atlantic|rdata[0] ; Packed Register ; Register Packing ; Timing optimization ; Q         ;                ; i2c_oled_ni2:u0|i2c_oled_ni2_jtag_uart_0:jtag_uart_0|i2c_oled_ni2_jtag_uart_0_scfifo_w:the_i2c_oled_ni2_jtag_uart_0_scfifo_w|scfifo:wfifo|scfifo_9621:auto_generated|a_dpfifo_bb01:dpfifo|altsyncram_dtn1:FIFOram|q_b[0] ; PORTBDATAOUT     ;                       ;
; i2c_oled_ni2:u0|i2c_oled_ni2_jtag_uart_0:jtag_uart_0|alt_jtag_atlantic:i2c_oled_ni2_jtag_uart_0_alt_jtag_atlantic|rdata[1] ; Packed Register ; Register Packing ; Timing optimization ; Q         ;                ; i2c_oled_ni2:u0|i2c_oled_ni2_jtag_uart_0:jtag_uart_0|i2c_oled_ni2_jtag_uart_0_scfifo_w:the_i2c_oled_ni2_jtag_uart_0_scfifo_w|scfifo:wfifo|scfifo_9621:auto_generated|a_dpfifo_bb01:dpfifo|altsyncram_dtn1:FIFOram|q_b[1] ; PORTBDATAOUT     ;                       ;
; i2c_oled_ni2:u0|i2c_oled_ni2_jtag_uart_0:jtag_uart_0|alt_jtag_atlantic:i2c_oled_ni2_jtag_uart_0_alt_jtag_atlantic|rdata[2] ; Packed Register ; Register Packing ; Timing optimization ; Q         ;                ; i2c_oled_ni2:u0|i2c_oled_ni2_jtag_uart_0:jtag_uart_0|i2c_oled_ni2_jtag_uart_0_scfifo_w:the_i2c_oled_ni2_jtag_uart_0_scfifo_w|scfifo:wfifo|scfifo_9621:auto_generated|a_dpfifo_bb01:dpfifo|altsyncram_dtn1:FIFOram|q_b[2] ; PORTBDATAOUT     ;                       ;
; i2c_oled_ni2:u0|i2c_oled_ni2_jtag_uart_0:jtag_uart_0|alt_jtag_atlantic:i2c_oled_ni2_jtag_uart_0_alt_jtag_atlantic|rdata[3] ; Packed Register ; Register Packing ; Timing optimization ; Q         ;                ; i2c_oled_ni2:u0|i2c_oled_ni2_jtag_uart_0:jtag_uart_0|i2c_oled_ni2_jtag_uart_0_scfifo_w:the_i2c_oled_ni2_jtag_uart_0_scfifo_w|scfifo:wfifo|scfifo_9621:auto_generated|a_dpfifo_bb01:dpfifo|altsyncram_dtn1:FIFOram|q_b[3] ; PORTBDATAOUT     ;                       ;
; i2c_oled_ni2:u0|i2c_oled_ni2_jtag_uart_0:jtag_uart_0|alt_jtag_atlantic:i2c_oled_ni2_jtag_uart_0_alt_jtag_atlantic|rdata[4] ; Packed Register ; Register Packing ; Timing optimization ; Q         ;                ; i2c_oled_ni2:u0|i2c_oled_ni2_jtag_uart_0:jtag_uart_0|i2c_oled_ni2_jtag_uart_0_scfifo_w:the_i2c_oled_ni2_jtag_uart_0_scfifo_w|scfifo:wfifo|scfifo_9621:auto_generated|a_dpfifo_bb01:dpfifo|altsyncram_dtn1:FIFOram|q_b[4] ; PORTBDATAOUT     ;                       ;
; i2c_oled_ni2:u0|i2c_oled_ni2_jtag_uart_0:jtag_uart_0|alt_jtag_atlantic:i2c_oled_ni2_jtag_uart_0_alt_jtag_atlantic|rdata[5] ; Packed Register ; Register Packing ; Timing optimization ; Q         ;                ; i2c_oled_ni2:u0|i2c_oled_ni2_jtag_uart_0:jtag_uart_0|i2c_oled_ni2_jtag_uart_0_scfifo_w:the_i2c_oled_ni2_jtag_uart_0_scfifo_w|scfifo:wfifo|scfifo_9621:auto_generated|a_dpfifo_bb01:dpfifo|altsyncram_dtn1:FIFOram|q_b[5] ; PORTBDATAOUT     ;                       ;
; i2c_oled_ni2:u0|i2c_oled_ni2_jtag_uart_0:jtag_uart_0|alt_jtag_atlantic:i2c_oled_ni2_jtag_uart_0_alt_jtag_atlantic|rdata[6] ; Packed Register ; Register Packing ; Timing optimization ; Q         ;                ; i2c_oled_ni2:u0|i2c_oled_ni2_jtag_uart_0:jtag_uart_0|i2c_oled_ni2_jtag_uart_0_scfifo_w:the_i2c_oled_ni2_jtag_uart_0_scfifo_w|scfifo:wfifo|scfifo_9621:auto_generated|a_dpfifo_bb01:dpfifo|altsyncram_dtn1:FIFOram|q_b[6] ; PORTBDATAOUT     ;                       ;
; i2c_oled_ni2:u0|i2c_oled_ni2_jtag_uart_0:jtag_uart_0|alt_jtag_atlantic:i2c_oled_ni2_jtag_uart_0_alt_jtag_atlantic|rdata[7] ; Packed Register ; Register Packing ; Timing optimization ; Q         ;                ; i2c_oled_ni2:u0|i2c_oled_ni2_jtag_uart_0:jtag_uart_0|i2c_oled_ni2_jtag_uart_0_scfifo_w:the_i2c_oled_ni2_jtag_uart_0_scfifo_w|scfifo:wfifo|scfifo_9621:auto_generated|a_dpfifo_bb01:dpfifo|altsyncram_dtn1:FIFOram|q_b[7] ; PORTBDATAOUT     ;                       ;
+----------------------------------------------------------------------------------------------------------------------------+-----------------+------------------+---------------------+-----------+----------------+--------------------------------------------------------------------------------------------------------------------------------------------------------------------------------------------------------------------------+------------------+-----------------------+


+---------------------------------------------------------------------------------------------------+
; Incremental Compilation Preservation Summary                                                      ;
+---------------------+---------------------+----------------------------+--------------------------+
; Type                ; Total [A + B]       ; From Design Partitions [A] ; From Rapid Recompile [B] ;
+---------------------+---------------------+----------------------------+--------------------------+
; Placement (by node) ;                     ;                            ;                          ;
;     -- Requested    ; 0.00 % ( 0 / 3851 ) ; 0.00 % ( 0 / 3851 )        ; 0.00 % ( 0 / 3851 )      ;
;     -- Achieved     ; 0.00 % ( 0 / 3851 ) ; 0.00 % ( 0 / 3851 )        ; 0.00 % ( 0 / 3851 )      ;
;                     ;                     ;                            ;                          ;
; Routing (by net)    ;                     ;                            ;                          ;
;     -- Requested    ; 0.00 % ( 0 / 0 )    ; 0.00 % ( 0 / 0 )           ; 0.00 % ( 0 / 0 )         ;
;     -- Achieved     ; 0.00 % ( 0 / 0 )    ; 0.00 % ( 0 / 0 )           ; 0.00 % ( 0 / 0 )         ;
+---------------------+---------------------+----------------------------+--------------------------+


+----------------------------------------------------------------------------------------------------------------------------------------------------------------------------------------+
; Incremental Compilation Partition Settings                                                                                                                                             ;
+--------------------------------+----------------+-------------------+-------------------------+------------------------+------------------------------+--------------------------------+
; Partition Name                 ; Partition Type ; Netlist Type Used ; Preservation Level Used ; Netlist Type Requested ; Preservation Level Requested ; Contents                       ;
+--------------------------------+----------------+-------------------+-------------------------+------------------------+------------------------------+--------------------------------+
; Top                            ; User-created   ; Source File       ; N/A                     ; Source File            ; N/A                          ;                                ;
; sld_hub:auto_hub               ; Auto-generated ; Post-Synthesis    ; N/A                     ; Post-Synthesis         ; N/A                          ; sld_hub:auto_hub               ;
; hard_block:auto_generated_inst ; Auto-generated ; Source File       ; N/A                     ; Source File            ; N/A                          ; hard_block:auto_generated_inst ;
+--------------------------------+----------------+-------------------+-------------------------+------------------------+------------------------------+--------------------------------+


+------------------------------------------------------------------------------------------------------------------------------------+
; Incremental Compilation Placement Preservation                                                                                     ;
+--------------------------------+-----------------------+-------------------------+-------------------+---------------------+-------+
; Partition Name                 ; Preservation Achieved ; Preservation Level Used ; Netlist Type Used ; Preservation Method ; Notes ;
+--------------------------------+-----------------------+-------------------------+-------------------+---------------------+-------+
; Top                            ; 0.00 % ( 0 / 3608 )   ; N/A                     ; Source File       ; N/A                 ;       ;
; sld_hub:auto_hub               ; 0.00 % ( 0 / 235 )    ; N/A                     ; Post-Synthesis    ; N/A                 ;       ;
; hard_block:auto_generated_inst ; 0.00 % ( 0 / 8 )      ; N/A                     ; Source File       ; N/A                 ;       ;
+--------------------------------+-----------------------+-------------------------+-------------------+---------------------+-------+


+--------------+
; Pin-Out File ;
+--------------+
The pin-out file can be found in C:/intelFPGA_lite/17.1/prueba4_i2c_oled/output_files/i2c_oled_ni2.pin.


+--------------------------------------------------------------------------+
; Fitter Resource Usage Summary                                            ;
+---------------------------------------------+----------------------------+
; Resource                                    ; Usage                      ;
+---------------------------------------------+----------------------------+
; Total logic elements                        ; 2,476 / 8,064 ( 31 % )     ;
;     -- Combinational with no register       ; 1160                       ;
;     -- Register only                        ; 150                        ;
;     -- Combinational with a register        ; 1166                       ;
;                                             ;                            ;
; Logic element usage by number of LUT inputs ;                            ;
;     -- 4 input functions                    ; 1161                       ;
;     -- 3 input functions                    ; 660                        ;
;     -- <=2 input functions                  ; 505                        ;
;     -- Register only                        ; 150                        ;
;                                             ;                            ;
; Logic elements by mode                      ;                            ;
;     -- normal mode                          ; 2143                       ;
;     -- arithmetic mode                      ; 183                        ;
;                                             ;                            ;
; Total registers*                            ; 1,316 / 8,542 ( 15 % )     ;
;     -- Dedicated logic registers            ; 1,316 / 8,064 ( 16 % )     ;
;     -- I/O registers                        ; 0 / 478 ( 0 % )            ;
;                                             ;                            ;
; Total LABs:  partially or completely used   ; 208 / 504 ( 41 % )         ;
; Virtual pins                                ; 0                          ;
; I/O pins                                    ; 9 / 101 ( 9 % )            ;
;     -- Clock pins                           ; 2 / 4 ( 50 % )             ;
;     -- Dedicated input pins                 ; 1 / 1 ( 100 % )            ;
;                                             ;                            ;
; M9Ks                                        ; 23 / 42 ( 55 % )           ;
; UFM blocks                                  ; 0 / 1 ( 0 % )              ;
; Total block memory bits                     ; 139,336 / 387,072 ( 36 % ) ;
; Total block memory implementation bits      ; 211,968 / 387,072 ( 55 % ) ;
; Embedded Multiplier 9-bit elements          ; 0 / 48 ( 0 % )             ;
; PLLs                                        ; 0 / 1 ( 0 % )              ;
; Global signals                              ; 4                          ;
;     -- Global clocks                        ; 4 / 10 ( 40 % )            ;
; JTAGs                                       ; 1 / 1 ( 100 % )            ;
; CRC blocks                                  ; 0 / 1 ( 0 % )              ;
; Remote update blocks                        ; 0 / 1 ( 0 % )              ;
; Oscillator blocks                           ; 0 / 1 ( 0 % )              ;
; Average interconnect usage (total/H/V)      ; 9.8% / 9.3% / 10.4%        ;
; Peak interconnect usage (total/H/V)         ; 19.5% / 18.8% / 20.5%      ;
; Maximum fan-out                             ; 1171                       ;
; Highest non-global fan-out                  ; 61                         ;
; Total fan-out                               ; 12799                      ;
; Average fan-out                             ; 3.35                       ;
+---------------------------------------------+----------------------------+
*  Register count does not include registers inside RAM blocks or DSP blocks.



+--------------------------------------------------------------------------------------------------------------------------+
; Fitter Partition Statistics                                                                                              ;
+---------------------------------------------+----------------------+--------------------+--------------------------------+
; Statistic                                   ; Top                  ; sld_hub:auto_hub   ; hard_block:auto_generated_inst ;
+---------------------------------------------+----------------------+--------------------+--------------------------------+
; Difficulty Clustering Region                ; Low                  ; Low                ; Low                            ;
;                                             ;                      ;                    ;                                ;
; Total logic elements                        ; 2310 / 8064 ( 29 % ) ; 166 / 8064 ( 2 % ) ; 0 / 8064 ( 0 % )               ;
;     -- Combinational with no register       ; 1079                 ; 81                 ; 0                              ;
;     -- Register only                        ; 134                  ; 16                 ; 0                              ;
;     -- Combinational with a register        ; 1097                 ; 69                 ; 0                              ;
;                                             ;                      ;                    ;                                ;
; Logic element usage by number of LUT inputs ;                      ;                    ;                                ;
;     -- 4 input functions                    ; 1089                 ; 72                 ; 0                              ;
;     -- 3 input functions                    ; 626                  ; 34                 ; 0                              ;
;     -- <=2 input functions                  ; 461                  ; 44                 ; 0                              ;
;     -- Register only                        ; 134                  ; 16                 ; 0                              ;
;                                             ;                      ;                    ;                                ;
; Logic elements by mode                      ;                      ;                    ;                                ;
;     -- normal mode                          ; 2001                 ; 142                ; 0                              ;
;     -- arithmetic mode                      ; 175                  ; 8                  ; 0                              ;
;                                             ;                      ;                    ;                                ;
; Total registers                             ; 1231                 ; 85                 ; 0                              ;
;     -- Dedicated logic registers            ; 1231 / 8064 ( 15 % ) ; 85 / 8064 ( 1 % )  ; 0 / 8064 ( 0 % )               ;
;     -- I/O registers                        ; 0                    ; 0                  ; 0                              ;
;                                             ;                      ;                    ;                                ;
; Total LABs:  partially or completely used   ; 195 / 504 ( 39 % )   ; 15 / 504 ( 3 % )   ; 0 / 504 ( 0 % )                ;
;                                             ;                      ;                    ;                                ;
; Virtual pins                                ; 0                    ; 0                  ; 0                              ;
; I/O pins                                    ; 9                    ; 0                  ; 0                              ;
; Embedded Multiplier 9-bit elements          ; 0 / 48 ( 0 % )       ; 0 / 48 ( 0 % )     ; 0 / 48 ( 0 % )                 ;
; Total memory bits                           ; 139336               ; 0                  ; 0                              ;
; Total RAM block bits                        ; 211968               ; 0                  ; 0                              ;
; JTAG                                        ; 1 / 1 ( 100 % )      ; 0 / 1 ( 0 % )      ; 0 / 1 ( 0 % )                  ;
; M9K                                         ; 23 / 42 ( 54 % )     ; 0 / 42 ( 0 % )     ; 0 / 42 ( 0 % )                 ;
; Clock control block                         ; 4 / 12 ( 33 % )      ; 0 / 12 ( 0 % )     ; 0 / 12 ( 0 % )                 ;
; User Flash Memory                           ; 1 / 1 ( 100 % )      ; 0 / 1 ( 0 % )      ; 0 / 1 ( 0 % )                  ;
; Analog-to-Digital Converter                 ; 1 / 1 ( 100 % )      ; 0 / 1 ( 0 % )      ; 0 / 1 ( 0 % )                  ;
;                                             ;                      ;                    ;                                ;
; Connections                                 ;                      ;                    ;                                ;
;     -- Input Connections                    ; 280                  ; 125                ; 0                              ;
;     -- Registered Input Connections         ; 131                  ; 94                 ; 0                              ;
;     -- Output Connections                   ; 223                  ; 182                ; 0                              ;
;     -- Registered Output Connections        ; 6                    ; 182                ; 0                              ;
;                                             ;                      ;                    ;                                ;
; Internal Connections                        ;                      ;                    ;                                ;
;     -- Total Connections                    ; 12205                ; 949                ; 4                              ;
;     -- Registered Connections               ; 4556                 ; 666                ; 0                              ;
;                                             ;                      ;                    ;                                ;
; External Connections                        ;                      ;                    ;                                ;
;     -- Top                                  ; 198                  ; 305                ; 0                              ;
;     -- sld_hub:auto_hub                     ; 305                  ; 2                  ; 0                              ;
;     -- hard_block:auto_generated_inst       ; 0                    ; 0                  ; 0                              ;
;                                             ;                      ;                    ;                                ;
; Partition Interface                         ;                      ;                    ;                                ;
;     -- Input Ports                          ; 53                   ; 62                 ; 0                              ;
;     -- Output Ports                         ; 12                   ; 79                 ; 0                              ;
;     -- Bidir Ports                          ; 2                    ; 0                  ; 0                              ;
;                                             ;                      ;                    ;                                ;
; Registered Ports                            ;                      ;                    ;                                ;
;     -- Registered Input Ports               ; 0                    ; 3                  ; 0                              ;
;     -- Registered Output Ports              ; 0                    ; 40                 ; 0                              ;
;                                             ;                      ;                    ;                                ;
; Port Connectivity                           ;                      ;                    ;                                ;
;     -- Input Ports driven by GND            ; 0                    ; 2                  ; 0                              ;
;     -- Output Ports driven by GND           ; 0                    ; 29                 ; 0                              ;
;     -- Input Ports driven by VCC            ; 0                    ; 0                  ; 0                              ;
;     -- Output Ports driven by VCC           ; 0                    ; 0                  ; 0                              ;
;     -- Input Ports with no Source           ; 0                    ; 47                 ; 0                              ;
;     -- Output Ports with no Source          ; 0                    ; 0                  ; 0                              ;
;     -- Input Ports with no Fanout           ; 0                    ; 52                 ; 0                              ;
;     -- Output Ports with no Fanout          ; 0                    ; 59                 ; 0                              ;
+---------------------------------------------+----------------------+--------------------+--------------------------------+


+-------------------------------------------------------------------------------------------------------------------------------------------------------------------------------------------------------------------------------------------------------------------------------------------+
; Input Pins                                                                                                                                                                                                                                                                                ;
+----------+-------+----------+--------------+--------------+--------------+-----------------------+--------------------+--------+----------------+---------------+-----------------+----------+--------------+--------------+---------------------------+----------------------+-----------+
; Name     ; Pin # ; I/O Bank ; X coordinate ; Y coordinate ; Z coordinate ; Combinational Fan-Out ; Registered Fan-Out ; Global ; Input Register ; Power Up High ; PCI I/O Enabled ; Bus Hold ; Weak Pull Up ; I/O Standard ; Termination Control Block ; Location assigned by ; Slew Rate ;
+----------+-------+----------+--------------+--------------+--------------+-----------------------+--------------------+--------+----------------+---------------+-----------------+----------+--------------+--------------+---------------------------+----------------------+-----------+
; clk_clk  ; 26    ; 2        ; 0            ; 7            ; 14           ; 1171                  ; 0                  ; yes    ; no             ; no            ; yes             ; no       ; Off          ; 3.3-V LVTTL  ; --                        ; User                 ; 0         ;
; uart_rxd ; 32    ; 2        ; 0            ; 2            ; 14           ; 1                     ; 0                  ; no     ; no             ; no            ; yes             ; no       ; Off          ; 3.3-V LVTTL  ; --                        ; User                 ; 0         ;
+----------+-------+----------+--------------+--------------+--------------+-----------------------+--------------------+--------+----------------+---------------+-----------------+----------+--------------+--------------+---------------------------+----------------------+-----------+


+-----------------------------------------------------------------------------------------------------------------------------------------------------------------------------------------------------------------------------------------------------------------------------------------------------------------------------------------------------------------------------------------------------------------------------------------------------------------+
; Output Pins                                                                                                                                                                                                                                                                                                                                                                                                                                                     ;
+----------------+-------+----------+--------------+--------------+--------------+-----------------+------------------------+---------------+-----------+-----------------+------------+---------------+----------+--------------+--------------+------------------+-----------------------------------+---------------------------+----------------------------+-----------------------------+----------------------+----------------------+---------------------+
; Name           ; Pin # ; I/O Bank ; X coordinate ; Y coordinate ; Z coordinate ; Output Register ; Output Enable Register ; Power Up High ; Slew Rate ; PCI I/O Enabled ; Open Drain ; TRI Primitive ; Bus Hold ; Weak Pull Up ; I/O Standard ; Current Strength ; Termination                       ; Termination Control Block ; Output Buffer Pre-emphasis ; Voltage Output Differential ; Location assigned by ; Output Enable Source ; Output Enable Group ;
+----------------+-------+----------+--------------+--------------+--------------+-----------------+------------------------+---------------+-----------+-----------------+------------+---------------+----------+--------------+--------------+------------------+-----------------------------------+---------------------------+----------------------------+-----------------------------+----------------------+----------------------+---------------------+
; leds_export[0] ; 99    ; 6        ; 31           ; 19           ; 21           ; no              ; no                     ; no            ; 2         ; no              ; no         ; no            ; no       ; Off          ; 2.5 V        ; Default          ; Series 50 Ohm without Calibration ; --                        ; no                         ; no                          ; User                 ; -                    ; -                   ;
; leds_export[1] ; 98    ; 6        ; 31           ; 17           ; 14           ; no              ; no                     ; no            ; 2         ; no              ; no         ; no            ; no       ; Off          ; 2.5 V        ; Default          ; Series 50 Ohm without Calibration ; --                        ; no                         ; no                          ; User                 ; -                    ; -                   ;
; leds_export[2] ; 96    ; 6        ; 31           ; 17           ; 21           ; no              ; no                     ; no            ; 2         ; no              ; no         ; no            ; no       ; Off          ; 2.5 V        ; Default          ; Series 50 Ohm without Calibration ; --                        ; no                         ; no                          ; User                 ; -                    ; -                   ;
; leds_export[3] ; 93    ; 6        ; 31           ; 12           ; 14           ; no              ; no                     ; no            ; 2         ; no              ; no         ; no            ; no       ; Off          ; 2.5 V        ; Default          ; Series 50 Ohm without Calibration ; --                        ; no                         ; no                          ; User                 ; -                    ; -                   ;
; uart_txd       ; 29    ; 2        ; 0            ; 6            ; 21           ; no              ; no                     ; no            ; 2         ; no              ; no         ; no            ; no       ; Off          ; 3.3-V LVTTL  ; 8mA              ; Off                               ; --                        ; no                         ; no                          ; User                 ; -                    ; -                   ;
+----------------+-------+----------+--------------+--------------+--------------+-----------------+------------------------+---------------+-----------+-----------------+------------+---------------+----------+--------------+--------------+------------------+-----------------------------------+---------------------------+----------------------------+-----------------------------+----------------------+----------------------+---------------------+


+--------------------------------------------------------------------------------------------------------------------------------------------------------------------------------------------------------------------------------------------------------------------------------------------------------------------------------------------------------------------------------------------------------------------------------------------------------------------------------------------------------------------------------+
; Bidir Pins                                                                                                                                                                                                                                                                                                                                                                                                                                                                                                                     ;
+---------+-------+----------+--------------+--------------+--------------+-----------------------+--------------------+--------+----------------+-----------------+------------------------+---------------+-----------+-----------------+------------+----------+--------------+--------------+------------------+--------------------+---------------------------+----------------------------+----------------------+----------------------+---------------------------------------------------------------------------------+
; Name    ; Pin # ; I/O Bank ; X coordinate ; Y coordinate ; Z coordinate ; Combinational Fan-Out ; Registered Fan-Out ; Global ; Input Register ; Output Register ; Output Enable Register ; Power Up High ; Slew Rate ; PCI I/O Enabled ; Open Drain ; Bus Hold ; Weak Pull Up ; I/O Standard ; Current Strength ; Output Termination ; Termination Control Block ; Output Buffer Pre-emphasis ; Location assigned by ; Output Enable Source ; Output Enable Group                                                             ;
+---------+-------+----------+--------------+--------------+--------------+-----------------------+--------------------+--------+----------------+-----------------+------------------------+---------------+-----------+-----------------+------------+----------+--------------+--------------+------------------+--------------------+---------------------------+----------------------------+----------------------+----------------------+---------------------------------------------------------------------------------+
; I2C_SCL ; 11    ; 1A       ; 10           ; 20           ; 14           ; 1                     ; 0                  ; no     ; no             ; no              ; no                     ; no            ; 2         ; yes             ; yes        ; no       ; Off          ; 3.3-V LVTTL  ; 8mA              ; Off                ; --                        ; no                         ; User                 ; 0 pF                 ; i2c_oled_ni2:u0|altera_avalon_i2c:i2c_0|altera_avalon_i2c_txout:u_txout|clk_oe  ;
; I2C_SDA ; 12    ; 1A       ; 10           ; 20           ; 21           ; 1                     ; 0                  ; no     ; no             ; no              ; no                     ; no            ; 2         ; yes             ; yes        ; no       ; Off          ; 3.3-V LVTTL  ; 8mA              ; Off                ; --                        ; no                         ; User                 ; 0 pF                 ; i2c_oled_ni2:u0|altera_avalon_i2c:i2c_0|altera_avalon_i2c_txout:u_txout|data_oe ;
+---------+-------+----------+--------------+--------------+--------------+-----------------------+--------------------+--------+----------------+-----------------+------------------------+---------------+-----------+-----------------+------------+----------+--------------+--------------+------------------+--------------------+---------------------------+----------------------------+----------------------+----------------------+---------------------------------------------------------------------------------+


+-----------------------------------------------------------------------------------------------------------------------------------------+
; Dual Purpose and Dedicated Pins                                                                                                         ;
+----------+----------------------------------------------------+--------------------------------+---------------------+------------------+
; Location ; Pin Name                                           ; Reserved As                    ; User Signal Name    ; Pin Type         ;
+----------+----------------------------------------------------+--------------------------------+---------------------+------------------+
; 16       ; DIFFIO_RX_L11n, DIFFOUT_L11n, TMS, Low_Speed       ; Reserved as secondary function ; altera_reserved_tms ; Dual Purpose Pin ;
; 18       ; DIFFIO_RX_L11p, DIFFOUT_L11p, TCK, Low_Speed       ; Reserved as secondary function ; altera_reserved_tck ; Dual Purpose Pin ;
; 19       ; DIFFIO_RX_L12n, DIFFOUT_L12n, TDI, Low_Speed       ; Reserved as secondary function ; altera_reserved_tdi ; Dual Purpose Pin ;
; 20       ; DIFFIO_RX_L12p, DIFFOUT_L12p, TDO, Low_Speed       ; Reserved as secondary function ; altera_reserved_tdo ; Dual Purpose Pin ;
; 126      ; CONFIG_SEL, Low_Speed                              ; Reserved as secondary function ; ~ALTERA_CONFIG_SEL~ ; Dual Purpose Pin ;
; 129      ; nCONFIG, Low_Speed                                 ; Reserved as secondary function ; ~ALTERA_nCONFIG~    ; Dual Purpose Pin ;
; 136      ; DIFFIO_RX_T24p, DIFFOUT_T24p, nSTATUS, Low_Speed   ; Reserved as secondary function ; ~ALTERA_nSTATUS~    ; Dual Purpose Pin ;
; 138      ; DIFFIO_RX_T24n, DIFFOUT_T24n, CONF_DONE, Low_Speed ; Reserved as secondary function ; ~ALTERA_CONF_DONE~  ; Dual Purpose Pin ;
+----------+----------------------------------------------------+--------------------------------+---------------------+------------------+


+-----------------------------------------------------------+
; I/O Bank Usage                                            ;
+----------+-----------------+---------------+--------------+
; I/O Bank ; Usage           ; VCCIO Voltage ; VREF Voltage ;
+----------+-----------------+---------------+--------------+
; 1A       ; 2 / 8 ( 25 % )  ; 3.3V          ; --           ;
; 1B       ; 4 / 10 ( 40 % ) ; 2.5V          ; --           ;
; 2        ; 3 / 7 ( 43 % )  ; 3.3V          ; --           ;
; 3        ; 0 / 18 ( 0 % )  ; 2.5V          ; --           ;
; 4        ; 0 / 7 ( 0 % )   ; 2.5V          ; --           ;
; 5        ; 0 / 12 ( 0 % )  ; 2.5V          ; --           ;
; 6        ; 4 / 15 ( 27 % ) ; 2.5V          ; --           ;
; 7        ; 0 / 7 ( 0 % )   ; 2.5V          ; --           ;
; 8        ; 4 / 17 ( 24 % ) ; 2.5V          ; --           ;
+----------+-----------------+---------------+--------------+


+-------------------------------------------------------------------------------------------------------------------------------------------------------------------------------+
; All Package Pins                                                                                                                                                              ;
+----------+------------+----------+--------------------------------------+--------+-----------------------+-----------+------------+-----------------+----------+--------------+
; Location ; Pad Number ; I/O Bank ; Pin Name/Usage                       ; Dir.   ; I/O Standard          ; Voltage   ; I/O Type   ; User Assignment ; Bus Hold ; Weak Pull Up ;
+----------+------------+----------+--------------------------------------+--------+-----------------------+-----------+------------+-----------------+----------+--------------+
; 1        ;            ; --       ; VCC_ONE                              ; power  ;                       ; 3.0V/3.3V ; --         ;                 ; --       ; --           ;
; 2        ;            ; --       ; VCCA6                                ; power  ;                       ; 3.0V/3.3V ; --         ;                 ; --       ; --           ;
; 3        ;            ;          ; GND                                  ; gnd    ;                       ;           ; --         ;                 ; --       ; --           ;
; 4        ;            ;          ; GND                                  ; gnd    ;                       ;           ; --         ;                 ; --       ; --           ;
; 5        ;            ; --       ; VCCA3                                ; power  ;                       ; 3.0V/3.3V ; --         ;                 ; --       ; --           ;
; 6        ; 0          ; 1A       ; RESERVED_INPUT_WITH_WEAK_PULLUP      ;        ;                       ;           ; Row I/O    ;                 ; no       ; On           ;
; 7        ; 2          ; 1A       ; RESERVED_INPUT_WITH_WEAK_PULLUP      ;        ;                       ;           ; Row I/O    ;                 ; no       ; On           ;
; 8        ; 4          ; 1A       ; RESERVED_INPUT_WITH_WEAK_PULLUP      ;        ;                       ;           ; Row I/O    ;                 ; no       ; On           ;
; 9        ;            ; 1A       ; VCCIO1A                              ; power  ;                       ; 3.3V      ; --         ;                 ; --       ; --           ;
; 10       ; 6          ; 1A       ; RESERVED_INPUT_WITH_WEAK_PULLUP      ;        ;                       ;           ; Row I/O    ;                 ; no       ; On           ;
; 11       ; 8          ; 1A       ; I2C_SCL                              ; bidir  ; 3.3-V LVTTL           ;           ; Row I/O    ; Y               ; no       ; Off          ;
; 12       ; 10         ; 1A       ; I2C_SDA                              ; bidir  ; 3.3-V LVTTL           ;           ; Row I/O    ; Y               ; no       ; Off          ;
; 13       ; 12         ; 1A       ; RESERVED_INPUT_WITH_WEAK_PULLUP      ;        ;                       ;           ; Row I/O    ;                 ; no       ; On           ;
; 14       ; 14         ; 1A       ; RESERVED_INPUT_WITH_WEAK_PULLUP      ;        ;                       ;           ; Row I/O    ;                 ; no       ; On           ;
; 15       ; 18         ; 1B       ; RESERVED_INPUT_WITH_WEAK_PULLUP      ;        ;                       ;           ; Row I/O    ;                 ; no       ; On           ;
; 16       ; 20         ; 1B       ; altera_reserved_tms                  ; input  ; 2.5 V Schmitt Trigger ;           ; Row I/O    ; N               ; no       ; Off          ;
; 17       ; 21         ; 1B       ; RESERVED_INPUT_WITH_WEAK_PULLUP      ;        ;                       ;           ; Row I/O    ;                 ; --       ; --           ;
; 18       ; 22         ; 1B       ; altera_reserved_tck                  ; input  ; 2.5 V Schmitt Trigger ;           ; Row I/O    ; N               ; no       ; Off          ;
; 19       ; 24         ; 1B       ; altera_reserved_tdi                  ; input  ; 2.5 V Schmitt Trigger ;           ; Row I/O    ; N               ; no       ; Off          ;
; 20       ; 26         ; 1B       ; altera_reserved_tdo                  ; output ; 2.5 V                 ;           ; Row I/O    ; N               ; no       ; Off          ;
; 21       ; 28         ; 1B       ; RESERVED_INPUT_WITH_WEAK_PULLUP      ;        ;                       ;           ; Row I/O    ;                 ; no       ; On           ;
; 22       ; 30         ; 1B       ; RESERVED_INPUT_WITH_WEAK_PULLUP      ;        ;                       ;           ; Row I/O    ;                 ; no       ; On           ;
; 23       ;            ; 1B       ; VCCIO1B                              ; power  ;                       ; 2.5V      ; --         ;                 ; --       ; --           ;
; 24       ; 32         ; 1B       ; RESERVED_INPUT_WITH_WEAK_PULLUP      ;        ;                       ;           ; Row I/O    ;                 ; no       ; On           ;
; 25       ; 34         ; 1B       ; RESERVED_INPUT_WITH_WEAK_PULLUP      ;        ;                       ;           ; Row I/O    ;                 ; no       ; On           ;
; 26       ; 36         ; 2        ; clk_clk                              ; input  ; 3.3-V LVTTL           ;           ; Row I/O    ; Y               ; no       ; Off          ;
; 27       ; 38         ; 2        ; RESERVED_INPUT_WITH_WEAK_PULLUP      ;        ;                       ;           ; Row I/O    ;                 ; no       ; On           ;
; 28       ; 40         ; 2        ; RESERVED_INPUT_WITH_WEAK_PULLUP      ;        ;                       ;           ; Row I/O    ;                 ; no       ; On           ;
; 29       ; 42         ; 2        ; uart_txd                             ; output ; 3.3-V LVTTL           ;           ; Row I/O    ; Y               ; no       ; Off          ;
; 30       ; 45         ; 2        ; RESERVED_INPUT_WITH_WEAK_PULLUP      ;        ;                       ;           ; Row I/O    ;                 ; --       ; --           ;
; 31       ;            ; 2        ; VCCIO2                               ; power  ;                       ; 3.3V      ; --         ;                 ; --       ; --           ;
; 32       ; 56         ; 2        ; uart_rxd                             ; input  ; 3.3-V LVTTL           ;           ; Row I/O    ; Y               ; no       ; Off          ;
; 33       ; 58         ; 2        ; RESERVED_INPUT_WITH_WEAK_PULLUP      ;        ;                       ;           ; Row I/O    ;                 ; no       ; On           ;
; 34       ;            ; --       ; VCCA2                                ; power  ;                       ; 3.0V/3.3V ; --         ;                 ; --       ; --           ;
; 35       ;            ; --       ; VCCA1                                ; power  ;                       ; 3.0V/3.3V ; --         ;                 ; --       ; --           ;
; 36       ;            ; --       ; VCC_ONE                              ; power  ;                       ; 3.0V/3.3V ; --         ;                 ; --       ; --           ;
; 37       ;            ; --       ; VCC_ONE                              ; power  ;                       ; 3.0V/3.3V ; --         ;                 ; --       ; --           ;
; 38       ; 60         ; 3        ; RESERVED_INPUT_WITH_WEAK_PULLUP      ;        ;                       ;           ; Column I/O ;                 ; no       ; On           ;
; 39       ; 62         ; 3        ; RESERVED_INPUT_WITH_WEAK_PULLUP      ;        ;                       ;           ; Column I/O ;                 ; no       ; On           ;
; 40       ;            ; 3        ; VCCIO3                               ; power  ;                       ; 2.5V      ; --         ;                 ; --       ; --           ;
; 41       ; 64         ; 3        ; RESERVED_INPUT_WITH_WEAK_PULLUP      ;        ;                       ;           ; Column I/O ;                 ; no       ; On           ;
; 42       ;            ;          ; GND                                  ; gnd    ;                       ;           ; --         ;                 ; --       ; --           ;
; 43       ; 66         ; 3        ; RESERVED_INPUT_WITH_WEAK_PULLUP      ;        ;                       ;           ; Column I/O ;                 ; no       ; On           ;
; 44       ; 68         ; 3        ; RESERVED_INPUT_WITH_WEAK_PULLUP      ;        ;                       ;           ; Column I/O ;                 ; no       ; On           ;
; 45       ; 70         ; 3        ; RESERVED_INPUT_WITH_WEAK_PULLUP      ;        ;                       ;           ; Column I/O ;                 ; no       ; On           ;
; 46       ; 72         ; 3        ; RESERVED_INPUT_WITH_WEAK_PULLUP      ;        ;                       ;           ; Column I/O ;                 ; no       ; On           ;
; 47       ; 74         ; 3        ; RESERVED_INPUT_WITH_WEAK_PULLUP      ;        ;                       ;           ; Column I/O ;                 ; no       ; On           ;
; 48       ; 77         ; 3        ; RESERVED_INPUT_WITH_WEAK_PULLUP      ;        ;                       ;           ; Column I/O ;                 ; --       ; --           ;
; 49       ;            ; 3        ; VCCIO3                               ; power  ;                       ; 2.5V      ; --         ;                 ; --       ; --           ;
; 50       ; 76         ; 3        ; RESERVED_INPUT_WITH_WEAK_PULLUP      ;        ;                       ;           ; Column I/O ;                 ; no       ; On           ;
; 51       ;            ; --       ; VCC_ONE                              ; power  ;                       ; 3.0V/3.3V ; --         ;                 ; --       ; --           ;
; 52       ; 78         ; 3        ; RESERVED_INPUT_WITH_WEAK_PULLUP      ;        ;                       ;           ; Column I/O ;                 ; no       ; On           ;
; 53       ;            ;          ; GND                                  ; gnd    ;                       ;           ; --         ;                 ; --       ; --           ;
; 54       ; 80         ; 3        ; RESERVED_INPUT_WITH_WEAK_PULLUP      ;        ;                       ;           ; Column I/O ;                 ; no       ; On           ;
; 55       ; 84         ; 3        ; RESERVED_INPUT_WITH_WEAK_PULLUP      ;        ;                       ;           ; Column I/O ;                 ; no       ; On           ;
; 56       ; 86         ; 3        ; RESERVED_INPUT_WITH_WEAK_PULLUP      ;        ;                       ;           ; Column I/O ;                 ; no       ; On           ;
; 57       ; 88         ; 3        ; RESERVED_INPUT_WITH_WEAK_PULLUP      ;        ;                       ;           ; Column I/O ;                 ; no       ; On           ;
; 58       ; 90         ; 3        ; RESERVED_INPUT_WITH_WEAK_PULLUP      ;        ;                       ;           ; Column I/O ;                 ; no       ; On           ;
; 59       ; 92         ; 3        ; RESERVED_INPUT_WITH_WEAK_PULLUP      ;        ;                       ;           ; Column I/O ;                 ; no       ; On           ;
; 60       ; 94         ; 3        ; RESERVED_INPUT_WITH_WEAK_PULLUP      ;        ;                       ;           ; Column I/O ;                 ; no       ; On           ;
; 61       ; 101        ; 4        ; RESERVED_INPUT_WITH_WEAK_PULLUP      ;        ;                       ;           ; Column I/O ;                 ; --       ; --           ;
; 62       ; 102        ; 4        ; RESERVED_INPUT_WITH_WEAK_PULLUP      ;        ;                       ;           ; Column I/O ;                 ; no       ; On           ;
; 63       ;            ;          ; GND                                  ; gnd    ;                       ;           ; --         ;                 ; --       ; --           ;
; 64       ; 108        ; 4        ; RESERVED_INPUT_WITH_WEAK_PULLUP      ;        ;                       ;           ; Column I/O ;                 ; no       ; On           ;
; 65       ; 110        ; 4        ; RESERVED_INPUT_WITH_WEAK_PULLUP      ;        ;                       ;           ; Column I/O ;                 ; no       ; On           ;
; 66       ; 112        ; 4        ; RESERVED_INPUT_WITH_WEAK_PULLUP      ;        ;                       ;           ; Column I/O ;                 ; no       ; On           ;
; 67       ;            ; 4        ; VCCIO4                               ; power  ;                       ; 2.5V      ; --         ;                 ; --       ; --           ;
; 68       ;            ;          ; GND                                  ; gnd    ;                       ;           ; --         ;                 ; --       ; --           ;
; 69       ; 116        ; 4        ; RESERVED_INPUT_WITH_WEAK_PULLUP      ;        ;                       ;           ; Column I/O ;                 ; no       ; On           ;
; 70       ; 118        ; 4        ; RESERVED_INPUT_WITH_WEAK_PULLUP      ;        ;                       ;           ; Column I/O ;                 ; no       ; On           ;
; 71       ;            ; --       ; VCCA5                                ; power  ;                       ; 3.0V/3.3V ; --         ;                 ; --       ; --           ;
; 72       ;            ; --       ; VCC_ONE                              ; power  ;                       ; 3.0V/3.3V ; --         ;                 ; --       ; --           ;
; 73       ;            ; --       ; VCC_ONE                              ; power  ;                       ; 3.0V/3.3V ; --         ;                 ; --       ; --           ;
; 74       ; 121        ; 5        ; RESERVED_INPUT_WITH_WEAK_PULLUP      ;        ;                       ;           ; Row I/O    ;                 ; no       ; On           ;
; 75       ; 120        ; 5        ; RESERVED_INPUT_WITH_WEAK_PULLUP      ;        ;                       ;           ; Row I/O    ;                 ; no       ; On           ;
; 76       ; 123        ; 5        ; RESERVED_INPUT_WITH_WEAK_PULLUP      ;        ;                       ;           ; Row I/O    ;                 ; no       ; On           ;
; 77       ; 122        ; 5        ; RESERVED_INPUT_WITH_WEAK_PULLUP      ;        ;                       ;           ; Row I/O    ;                 ; no       ; On           ;
; 78       ; 133        ; 5        ; RESERVED_INPUT_WITH_WEAK_PULLUP      ;        ;                       ;           ; Row I/O    ;                 ; no       ; On           ;
; 79       ; 132        ; 5        ; RESERVED_INPUT_WITH_WEAK_PULLUP      ;        ;                       ;           ; Row I/O    ;                 ; no       ; On           ;
; 80       ; 135        ; 5        ; RESERVED_INPUT_WITH_WEAK_PULLUP      ;        ;                       ;           ; Row I/O    ;                 ; --       ; --           ;
; 81       ; 134        ; 5        ; RESERVED_INPUT_WITH_WEAK_PULLUP      ;        ;                       ;           ; Row I/O    ;                 ; no       ; On           ;
; 82       ;            ; 5        ; VCCIO5                               ; power  ;                       ; 2.5V      ; --         ;                 ; --       ; --           ;
; 83       ;            ;          ; GND                                  ; gnd    ;                       ;           ; --         ;                 ; --       ; --           ;
; 84       ; 141        ; 5        ; RESERVED_INPUT_WITH_WEAK_PULLUP      ;        ;                       ;           ; Row I/O    ;                 ; no       ; On           ;
; 85       ; 140        ; 5        ; RESERVED_INPUT_WITH_WEAK_PULLUP      ;        ;                       ;           ; Row I/O    ;                 ; no       ; On           ;
; 86       ; 143        ; 5        ; RESERVED_INPUT_WITH_WEAK_PULLUP      ;        ;                       ;           ; Row I/O    ;                 ; no       ; On           ;
; 87       ; 142        ; 5        ; RESERVED_INPUT_WITH_WEAK_PULLUP      ;        ;                       ;           ; Row I/O    ;                 ; no       ; On           ;
; 88       ; 148        ; 6        ; RESERVED_INPUT_WITH_WEAK_PULLUP      ;        ;                       ;           ; Row I/O    ;                 ; no       ; On           ;
; 89       ; 150        ; 6        ; RESERVED_INPUT_WITH_WEAK_PULLUP      ;        ;                       ;           ; Row I/O    ;                 ; no       ; On           ;
; 90       ; 152        ; 6        ; RESERVED_INPUT_WITH_WEAK_PULLUP      ;        ;                       ;           ; Row I/O    ;                 ; no       ; On           ;
; 91       ; 154        ; 6        ; RESERVED_INPUT_WITH_WEAK_PULLUP      ;        ;                       ;           ; Row I/O    ;                 ; no       ; On           ;
; 92       ; 156        ; 6        ; RESERVED_INPUT_WITH_WEAK_PULLUP      ;        ;                       ;           ; Row I/O    ;                 ; no       ; On           ;
; 93       ; 158        ; 6        ; leds_export[3]                       ; output ; 2.5 V                 ;           ; Row I/O    ; Y               ; no       ; Off          ;
; 94       ;            ; 6        ; VCCIO6                               ; power  ;                       ; 2.5V      ; --         ;                 ; --       ; --           ;
; 95       ;            ;          ; GND                                  ; gnd    ;                       ;           ; --         ;                 ; --       ; --           ;
; 96       ; 172        ; 6        ; leds_export[2]                       ; output ; 2.5 V                 ;           ; Row I/O    ; Y               ; no       ; Off          ;
; 97       ; 173        ; 6        ; RESERVED_INPUT_WITH_WEAK_PULLUP      ;        ;                       ;           ; Row I/O    ;                 ; --       ; --           ;
; 98       ; 174        ; 6        ; leds_export[1]                       ; output ; 2.5 V                 ;           ; Row I/O    ; Y               ; no       ; Off          ;
; 99       ; 176        ; 6        ; leds_export[0]                       ; output ; 2.5 V                 ;           ; Row I/O    ; Y               ; no       ; Off          ;
; 100      ; 177        ; 6        ; RESERVED_INPUT_WITH_WEAK_PULLUP      ;        ;                       ;           ; Row I/O    ;                 ; no       ; On           ;
; 101      ; 178        ; 6        ; RESERVED_INPUT_WITH_WEAK_PULLUP      ;        ;                       ;           ; Row I/O    ;                 ; no       ; On           ;
; 102      ; 179        ; 6        ; RESERVED_INPUT_WITH_WEAK_PULLUP      ;        ;                       ;           ; Row I/O    ;                 ; no       ; On           ;
; 103      ;            ; 6        ; VCCIO6                               ; power  ;                       ; 2.5V      ; --         ;                 ; --       ; --           ;
; 104      ;            ;          ; GND                                  ; gnd    ;                       ;           ; --         ;                 ; --       ; --           ;
; 105      ; 188        ; 6        ; RESERVED_INPUT_WITH_WEAK_PULLUP      ;        ;                       ;           ; Row I/O    ;                 ; no       ; On           ;
; 106      ; 190        ; 6        ; RESERVED_INPUT_WITH_WEAK_PULLUP      ;        ;                       ;           ; Row I/O    ;                 ; no       ; On           ;
; 107      ;            ; --       ; VCCA3                                ; power  ;                       ; 3.0V/3.3V ; --         ;                 ; --       ; --           ;
; 108      ;            ; --       ; VCC_ONE                              ; power  ;                       ; 3.0V/3.3V ; --         ;                 ; --       ; --           ;
; 109      ;            ; --       ; VCC_ONE                              ; power  ;                       ; 3.0V/3.3V ; --         ;                 ; --       ; --           ;
; 110      ; 192        ; 7        ; RESERVED_INPUT_WITH_WEAK_PULLUP      ;        ;                       ;           ; Column I/O ;                 ; no       ; On           ;
; 111      ; 194        ; 7        ; RESERVED_INPUT_WITH_WEAK_PULLUP      ;        ;                       ;           ; Column I/O ;                 ; no       ; On           ;
; 112      ; 199        ; 7        ; RESERVED_INPUT_WITH_WEAK_PULLUP      ;        ;                       ;           ; Column I/O ;                 ; --       ; --           ;
; 113      ; 202        ; 7        ; RESERVED_INPUT_WITH_WEAK_PULLUP      ;        ;                       ;           ; Column I/O ;                 ; no       ; On           ;
; 114      ; 204        ; 7        ; RESERVED_INPUT_WITH_WEAK_PULLUP      ;        ;                       ;           ; Column I/O ;                 ; no       ; On           ;
; 115      ;            ; --       ; VCC_ONE                              ; power  ;                       ; 3.0V/3.3V ; --         ;                 ; --       ; --           ;
; 116      ;            ;          ; GND                                  ; gnd    ;                       ;           ; --         ;                 ; --       ; --           ;
; 117      ;            ; 7        ; VCCIO7                               ; power  ;                       ; 2.5V      ; --         ;                 ; --       ; --           ;
; 118      ; 212        ; 7        ; RESERVED_INPUT_WITH_WEAK_PULLUP      ;        ;                       ;           ; Column I/O ;                 ; no       ; On           ;
; 119      ; 214        ; 7        ; RESERVED_INPUT_WITH_WEAK_PULLUP      ;        ;                       ;           ; Column I/O ;                 ; no       ; On           ;
; 120      ; 224        ; 8        ; RESERVED_INPUT_WITH_WEAK_PULLUP      ;        ;                       ;           ; Column I/O ;                 ; no       ; On           ;
; 121      ; 226        ; 8        ; RESERVED_INPUT_WITH_WEAK_PULLUP      ;        ;                       ;           ; Column I/O ;                 ; no       ; On           ;
; 122      ; 228        ; 8        ; RESERVED_INPUT_WITH_WEAK_PULLUP      ;        ;                       ;           ; Column I/O ;                 ; no       ; On           ;
; 123      ; 231        ; 8        ; RESERVED_INPUT_WITH_WEAK_PULLUP      ;        ;                       ;           ; Column I/O ;                 ; --       ; --           ;
; 124      ; 233        ; 8        ; RESERVED_INPUT_WITH_WEAK_PULLUP      ;        ;                       ;           ; Column I/O ;                 ; no       ; On           ;
; 125      ;            ;          ; GND                                  ; gnd    ;                       ;           ; --         ;                 ; --       ; --           ;
; 126      ; 232        ; 8        ; ~ALTERA_CONFIG_SEL~ / RESERVED_INPUT ; input  ; 2.5 V                 ;           ; Column I/O ; N               ; no       ; Off          ;
; 127      ; 235        ; 8        ; RESERVED_INPUT_WITH_WEAK_PULLUP      ;        ;                       ;           ; Column I/O ;                 ; no       ; On           ;
; 128      ;            ; 8        ; VCCIO8                               ; power  ;                       ; 2.5V      ; --         ;                 ; --       ; --           ;
; 129      ; 234        ; 8        ; ~ALTERA_nCONFIG~ / RESERVED_INPUT    ; input  ; 2.5 V Schmitt Trigger ;           ; Column I/O ; N               ; no       ; Off          ;
; 130      ; 236        ; 8        ; RESERVED_INPUT_WITH_WEAK_PULLUP      ;        ;                       ;           ; Column I/O ;                 ; no       ; On           ;
; 131      ; 238        ; 8        ; RESERVED_INPUT_WITH_WEAK_PULLUP      ;        ;                       ;           ; Column I/O ;                 ; no       ; On           ;
; 132      ; 240        ; 8        ; RESERVED_INPUT_WITH_WEAK_PULLUP      ;        ;                       ;           ; Column I/O ;                 ; no       ; On           ;
; 133      ;            ;          ; GND                                  ; gnd    ;                       ;           ; --         ;                 ; --       ; --           ;
; 134      ; 242        ; 8        ; RESERVED_INPUT_WITH_WEAK_PULLUP      ;        ;                       ;           ; Column I/O ;                 ; no       ; On           ;
; 135      ; 243        ; 8        ; RESERVED_INPUT_WITH_WEAK_PULLUP      ;        ;                       ;           ; Column I/O ;                 ; no       ; On           ;
; 136      ; 244        ; 8        ; ~ALTERA_nSTATUS~ / RESERVED_INPUT    ; input  ; 2.5 V Schmitt Trigger ;           ; Column I/O ; N               ; no       ; Off          ;
; 137      ;            ;          ; GND                                  ; gnd    ;                       ;           ; --         ;                 ; --       ; --           ;
; 138      ; 246        ; 8        ; ~ALTERA_CONF_DONE~ / RESERVED_INPUT  ; input  ; 2.5 V Schmitt Trigger ;           ; Column I/O ; N               ; no       ; Off          ;
; 139      ;            ; 8        ; VCCIO8                               ; power  ;                       ; 2.5V      ; --         ;                 ; --       ; --           ;
; 140      ; 248        ; 8        ; RESERVED_INPUT_WITH_WEAK_PULLUP      ;        ;                       ;           ; Column I/O ;                 ; no       ; On           ;
; 141      ; 250        ; 8        ; RESERVED_INPUT_WITH_WEAK_PULLUP      ;        ;                       ;           ; Column I/O ;                 ; no       ; On           ;
; 142      ;            ;          ; GND                                  ; gnd    ;                       ;           ; --         ;                 ; --       ; --           ;
; 143      ;            ; --       ; VCCA4                                ; power  ;                       ; 3.0V/3.3V ; --         ;                 ; --       ; --           ;
; 144      ;            ; --       ; VCC_ONE                              ; power  ;                       ; 3.0V/3.3V ; --         ;                 ; --       ; --           ;
+----------+------------+----------+--------------------------------------+--------+-----------------------+-----------+------------+-----------------+----------+--------------+
Note: Pin directions (input, output or bidir) are based on device operating in user mode.


+------------------------------------------------+
; I/O Assignment Warnings                        ;
+----------------+-------------------------------+
; Pin Name       ; Reason                        ;
+----------------+-------------------------------+
; uart_txd       ; Missing drive strength        ;
; leds_export[0] ; Incomplete set of assignments ;
; leds_export[1] ; Incomplete set of assignments ;
; leds_export[2] ; Incomplete set of assignments ;
; leds_export[3] ; Incomplete set of assignments ;
; I2C_SCL        ; Missing drive strength        ;
; I2C_SDA        ; Missing drive strength        ;
+----------------+-------------------------------+


+-----------------------------------------------------------------------------------------------------------------------------------------------------------------------------------------------------------------------------------------------------------------------------------------------------------------------------------------------------------------------------------------------------------------------------------------------------------------------------------------------------------------------------------------------------------------------------------------------------------------------------------------------------------------------------------------------------------------------------------------------------------------------------------------------------------------------------------------------------------------------------------------------------+
; Fitter Resource Utilization by Entity                                                                                                                                                                                                                                                                                                                                                                                                                                                                                                                                                                                                                                                                                                                                                                                                                                                               ;
+-----------------------------------------------------------------------------------------------------------------------------------------+-------------+---------------------------+---------------+-------------+------+------------+--------------+---------+-----------+------+--------------+--------------+-------------------+------------------+------------+-----------------------------------------------------------------------------------------------------------------------------------------------------------------------------------------------------------------------------------------------------------------------------------------------------------------------------------------------------------------------------------------------------------------------------------------------------------+------------------------------------------------------+--------------+
; Compilation Hierarchy Node                                                                                                              ; Logic Cells ; Dedicated Logic Registers ; I/O Registers ; Memory Bits ; M9Ks ; UFM Blocks ; DSP Elements ; DSP 9x9 ; DSP 18x18 ; Pins ; Virtual Pins ; LUT-Only LCs ; Register-Only LCs ; LUT/Register LCs ; ADC blocks ; Full Hierarchy Name                                                                                                                                                                                                                                                                                                                                                                                                                                       ; Entity Name                                          ; Library Name ;
+-----------------------------------------------------------------------------------------------------------------------------------------+-------------+---------------------------+---------------+-------------+------+------------+--------------+---------+-----------+------+--------------+--------------+-------------------+------------------+------------+-----------------------------------------------------------------------------------------------------------------------------------------------------------------------------------------------------------------------------------------------------------------------------------------------------------------------------------------------------------------------------------------------------------------------------------------------------------+------------------------------------------------------+--------------+
; |NIOS2i2c                                                                                                                               ; 2476 (2)    ; 1316 (0)                  ; 0 (0)         ; 139336      ; 23   ; 1          ; 0            ; 0       ; 0         ; 9    ; 0            ; 1160 (2)     ; 150 (0)           ; 1166 (0)         ; 0          ; |NIOS2i2c                                                                                                                                                                                                                                                                                                                                                                                                                                                 ; NIOS2i2c                                             ; work         ;
;    |i2c_oled_ni2:u0|                                                                                                                    ; 2308 (0)    ; 1231 (0)                  ; 0 (0)         ; 139336      ; 23   ; 0          ; 0            ; 0       ; 0         ; 0    ; 0            ; 1077 (0)     ; 134 (0)           ; 1097 (0)         ; 0          ; |NIOS2i2c|i2c_oled_ni2:u0                                                                                                                                                                                                                                                                                                                                                                                                                                 ; i2c_oled_ni2                                         ; i2c_oled_ni2 ;
;       |altera_avalon_i2c:i2c_0|                                                                                                         ; 500 (3)     ; 280 (0)                   ; 0 (0)         ; 72          ; 2    ; 0          ; 0            ; 0       ; 0         ; 0    ; 0            ; 220 (3)      ; 27 (0)            ; 253 (1)          ; 0          ; |NIOS2i2c|i2c_oled_ni2:u0|altera_avalon_i2c:i2c_0                                                                                                                                                                                                                                                                                                                                                                                                         ; altera_avalon_i2c                                    ; i2c_oled_ni2 ;
;          |altera_avalon_i2c_clk_cnt:u_clk_cnt|                                                                                          ; 93 (93)     ; 27 (27)                   ; 0 (0)         ; 0           ; 0    ; 0          ; 0            ; 0       ; 0         ; 0    ; 0            ; 51 (51)      ; 16 (16)           ; 26 (26)          ; 0          ; |NIOS2i2c|i2c_oled_ni2:u0|altera_avalon_i2c:i2c_0|altera_avalon_i2c_clk_cnt:u_clk_cnt                                                                                                                                                                                                                                                                                                                                                                     ; altera_avalon_i2c_clk_cnt                            ; i2c_oled_ni2 ;
;          |altera_avalon_i2c_condt_det:u_condt_det|                                                                                      ; 10 (10)     ; 8 (8)                     ; 0 (0)         ; 0           ; 0    ; 0          ; 0            ; 0       ; 0         ; 0    ; 0            ; 2 (2)        ; 1 (1)             ; 7 (7)            ; 0          ; |NIOS2i2c|i2c_oled_ni2:u0|altera_avalon_i2c:i2c_0|altera_avalon_i2c_condt_det:u_condt_det                                                                                                                                                                                                                                                                                                                                                                 ; altera_avalon_i2c_condt_det                          ; i2c_oled_ni2 ;
;          |altera_avalon_i2c_condt_gen:u_condt_gen|                                                                                      ; 35 (35)     ; 26 (26)                   ; 0 (0)         ; 0           ; 0    ; 0          ; 0            ; 0       ; 0         ; 0    ; 0            ; 9 (9)        ; 2 (2)             ; 24 (24)          ; 0          ; |NIOS2i2c|i2c_oled_ni2:u0|altera_avalon_i2c:i2c_0|altera_avalon_i2c_condt_gen:u_condt_gen                                                                                                                                                                                                                                                                                                                                                                 ; altera_avalon_i2c_condt_gen                          ; i2c_oled_ni2 ;
;          |altera_avalon_i2c_csr:u_csr|                                                                                                  ; 123 (123)   ; 90 (90)                   ; 0 (0)         ; 0           ; 0    ; 0          ; 0            ; 0       ; 0         ; 0    ; 0            ; 33 (33)      ; 2 (2)             ; 88 (88)          ; 0          ; |NIOS2i2c|i2c_oled_ni2:u0|altera_avalon_i2c:i2c_0|altera_avalon_i2c_csr:u_csr                                                                                                                                                                                                                                                                                                                                                                             ; altera_avalon_i2c_csr                                ; i2c_oled_ni2 ;
;          |altera_avalon_i2c_fifo:u_rxfifo|                                                                                              ; 14 (14)     ; 9 (9)                     ; 0 (0)         ; 32          ; 1    ; 0          ; 0            ; 0       ; 0         ; 0    ; 0            ; 5 (5)        ; 0 (0)             ; 9 (9)            ; 0          ; |NIOS2i2c|i2c_oled_ni2:u0|altera_avalon_i2c:i2c_0|altera_avalon_i2c_fifo:u_rxfifo                                                                                                                                                                                                                                                                                                                                                                         ; altera_avalon_i2c_fifo                               ; i2c_oled_ni2 ;
;             |altsyncram:the_dp_ram|                                                                                                     ; 0 (0)       ; 0 (0)                     ; 0 (0)         ; 32          ; 1    ; 0          ; 0            ; 0       ; 0         ; 0    ; 0            ; 0 (0)        ; 0 (0)             ; 0 (0)            ; 0          ; |NIOS2i2c|i2c_oled_ni2:u0|altera_avalon_i2c:i2c_0|altera_avalon_i2c_fifo:u_rxfifo|altsyncram:the_dp_ram                                                                                                                                                                                                                                                                                                                                                   ; altsyncram                                           ; work         ;
;                |altsyncram_h0b1:auto_generated|                                                                                         ; 0 (0)       ; 0 (0)                     ; 0 (0)         ; 32          ; 1    ; 0          ; 0            ; 0       ; 0         ; 0    ; 0            ; 0 (0)        ; 0 (0)             ; 0 (0)            ; 0          ; |NIOS2i2c|i2c_oled_ni2:u0|altera_avalon_i2c:i2c_0|altera_avalon_i2c_fifo:u_rxfifo|altsyncram:the_dp_ram|altsyncram_h0b1:auto_generated                                                                                                                                                                                                                                                                                                                    ; altsyncram_h0b1                                      ; work         ;
;          |altera_avalon_i2c_fifo:u_txfifo|                                                                                              ; 16 (16)     ; 9 (9)                     ; 0 (0)         ; 40          ; 1    ; 0          ; 0            ; 0       ; 0         ; 0    ; 0            ; 7 (7)        ; 0 (0)             ; 9 (9)            ; 0          ; |NIOS2i2c|i2c_oled_ni2:u0|altera_avalon_i2c:i2c_0|altera_avalon_i2c_fifo:u_txfifo                                                                                                                                                                                                                                                                                                                                                                         ; altera_avalon_i2c_fifo                               ; i2c_oled_ni2 ;
;             |altsyncram:the_dp_ram|                                                                                                     ; 0 (0)       ; 0 (0)                     ; 0 (0)         ; 40          ; 1    ; 0          ; 0            ; 0       ; 0         ; 0    ; 0            ; 0 (0)        ; 0 (0)             ; 0 (0)            ; 0          ; |NIOS2i2c|i2c_oled_ni2:u0|altera_avalon_i2c:i2c_0|altera_avalon_i2c_fifo:u_txfifo|altsyncram:the_dp_ram                                                                                                                                                                                                                                                                                                                                                   ; altsyncram                                           ; work         ;
;                |altsyncram_33b1:auto_generated|                                                                                         ; 0 (0)       ; 0 (0)                     ; 0 (0)         ; 40          ; 1    ; 0          ; 0            ; 0       ; 0         ; 0    ; 0            ; 0 (0)        ; 0 (0)             ; 0 (0)            ; 0          ; |NIOS2i2c|i2c_oled_ni2:u0|altera_avalon_i2c:i2c_0|altera_avalon_i2c_fifo:u_txfifo|altsyncram:the_dp_ram|altsyncram_33b1:auto_generated                                                                                                                                                                                                                                                                                                                    ; altsyncram_33b1                                      ; work         ;
;          |altera_avalon_i2c_mstfsm:u_mstfsm|                                                                                            ; 50 (50)     ; 19 (19)                   ; 0 (0)         ; 0           ; 0    ; 0          ; 0            ; 0       ; 0         ; 0    ; 0            ; 27 (27)      ; 0 (0)             ; 23 (23)          ; 0          ; |NIOS2i2c|i2c_oled_ni2:u0|altera_avalon_i2c:i2c_0|altera_avalon_i2c_mstfsm:u_mstfsm                                                                                                                                                                                                                                                                                                                                                                       ; altera_avalon_i2c_mstfsm                             ; i2c_oled_ni2 ;
;          |altera_avalon_i2c_rxshifter:u_rxshifter|                                                                                      ; 51 (51)     ; 25 (25)                   ; 0 (0)         ; 0           ; 0    ; 0          ; 0            ; 0       ; 0         ; 0    ; 0            ; 24 (24)      ; 0 (0)             ; 27 (27)          ; 0          ; |NIOS2i2c|i2c_oled_ni2:u0|altera_avalon_i2c:i2c_0|altera_avalon_i2c_rxshifter:u_rxshifter                                                                                                                                                                                                                                                                                                                                                                 ; altera_avalon_i2c_rxshifter                          ; i2c_oled_ni2 ;
;          |altera_avalon_i2c_spksupp:u_spksupp|                                                                                          ; 26 (26)     ; 22 (22)                   ; 0 (0)         ; 0           ; 0    ; 0          ; 0            ; 0       ; 0         ; 0    ; 0            ; 4 (4)        ; 0 (0)             ; 22 (22)          ; 0          ; |NIOS2i2c|i2c_oled_ni2:u0|altera_avalon_i2c:i2c_0|altera_avalon_i2c_spksupp:u_spksupp                                                                                                                                                                                                                                                                                                                                                                     ; altera_avalon_i2c_spksupp                            ; i2c_oled_ni2 ;
;          |altera_avalon_i2c_txout:u_txout|                                                                                              ; 65 (65)     ; 19 (19)                   ; 0 (0)         ; 0           ; 0    ; 0          ; 0            ; 0       ; 0         ; 0    ; 0            ; 34 (34)      ; 0 (0)             ; 31 (31)          ; 0          ; |NIOS2i2c|i2c_oled_ni2:u0|altera_avalon_i2c:i2c_0|altera_avalon_i2c_txout:u_txout                                                                                                                                                                                                                                                                                                                                                                         ; altera_avalon_i2c_txout                              ; i2c_oled_ni2 ;
;          |altera_avalon_i2c_txshifter:u_txshifter|                                                                                      ; 47 (47)     ; 26 (26)                   ; 0 (0)         ; 0           ; 0    ; 0          ; 0            ; 0       ; 0         ; 0    ; 0            ; 21 (21)      ; 6 (6)             ; 20 (20)          ; 0          ; |NIOS2i2c|i2c_oled_ni2:u0|altera_avalon_i2c:i2c_0|altera_avalon_i2c_txshifter:u_txshifter                                                                                                                                                                                                                                                                                                                                                                 ; altera_avalon_i2c_txshifter                          ; i2c_oled_ni2 ;
;       |altera_reset_controller:rst_controller|                                                                                          ; 16 (10)     ; 16 (10)                   ; 0 (0)         ; 0           ; 0    ; 0          ; 0            ; 0       ; 0         ; 0    ; 0            ; 0 (0)        ; 9 (5)             ; 7 (5)            ; 0          ; |NIOS2i2c|i2c_oled_ni2:u0|altera_reset_controller:rst_controller                                                                                                                                                                                                                                                                                                                                                                                          ; altera_reset_controller                              ; i2c_oled_ni2 ;
;          |altera_reset_synchronizer:alt_rst_req_sync_uq1|                                                                               ; 3 (3)       ; 3 (3)                     ; 0 (0)         ; 0           ; 0    ; 0          ; 0            ; 0       ; 0         ; 0    ; 0            ; 0 (0)        ; 2 (2)             ; 1 (1)            ; 0          ; |NIOS2i2c|i2c_oled_ni2:u0|altera_reset_controller:rst_controller|altera_reset_synchronizer:alt_rst_req_sync_uq1                                                                                                                                                                                                                                                                                                                                           ; altera_reset_synchronizer                            ; i2c_oled_ni2 ;
;          |altera_reset_synchronizer:alt_rst_sync_uq1|                                                                                   ; 3 (3)       ; 3 (3)                     ; 0 (0)         ; 0           ; 0    ; 0          ; 0            ; 0       ; 0         ; 0    ; 0            ; 0 (0)        ; 2 (2)             ; 1 (1)            ; 0          ; |NIOS2i2c|i2c_oled_ni2:u0|altera_reset_controller:rst_controller|altera_reset_synchronizer:alt_rst_sync_uq1                                                                                                                                                                                                                                                                                                                                               ; altera_reset_synchronizer                            ; i2c_oled_ni2 ;
;       |i2c_oled_ni2_jtag_uart_0:jtag_uart_0|                                                                                            ; 168 (40)    ; 105 (13)                  ; 0 (0)         ; 1024        ; 2    ; 0          ; 0            ; 0       ; 0         ; 0    ; 0            ; 53 (17)      ; 22 (2)            ; 93 (21)          ; 0          ; |NIOS2i2c|i2c_oled_ni2:u0|i2c_oled_ni2_jtag_uart_0:jtag_uart_0                                                                                                                                                                                                                                                                                                                                                                                            ; i2c_oled_ni2_jtag_uart_0                             ; i2c_oled_ni2 ;
;          |alt_jtag_atlantic:i2c_oled_ni2_jtag_uart_0_alt_jtag_atlantic|                                                                 ; 77 (77)     ; 52 (52)                   ; 0 (0)         ; 0           ; 0    ; 0          ; 0            ; 0       ; 0         ; 0    ; 0            ; 25 (25)      ; 20 (20)           ; 32 (32)          ; 0          ; |NIOS2i2c|i2c_oled_ni2:u0|i2c_oled_ni2_jtag_uart_0:jtag_uart_0|alt_jtag_atlantic:i2c_oled_ni2_jtag_uart_0_alt_jtag_atlantic                                                                                                                                                                                                                                                                                                                               ; alt_jtag_atlantic                                    ; work         ;
;          |i2c_oled_ni2_jtag_uart_0_scfifo_r:the_i2c_oled_ni2_jtag_uart_0_scfifo_r|                                                      ; 26 (0)      ; 20 (0)                    ; 0 (0)         ; 512         ; 1    ; 0          ; 0            ; 0       ; 0         ; 0    ; 0            ; 6 (0)        ; 0 (0)             ; 20 (0)           ; 0          ; |NIOS2i2c|i2c_oled_ni2:u0|i2c_oled_ni2_jtag_uart_0:jtag_uart_0|i2c_oled_ni2_jtag_uart_0_scfifo_r:the_i2c_oled_ni2_jtag_uart_0_scfifo_r                                                                                                                                                                                                                                                                                                                    ; i2c_oled_ni2_jtag_uart_0_scfifo_r                    ; i2c_oled_ni2 ;
;             |scfifo:rfifo|                                                                                                              ; 26 (0)      ; 20 (0)                    ; 0 (0)         ; 512         ; 1    ; 0          ; 0            ; 0       ; 0         ; 0    ; 0            ; 6 (0)        ; 0 (0)             ; 20 (0)           ; 0          ; |NIOS2i2c|i2c_oled_ni2:u0|i2c_oled_ni2_jtag_uart_0:jtag_uart_0|i2c_oled_ni2_jtag_uart_0_scfifo_r:the_i2c_oled_ni2_jtag_uart_0_scfifo_r|scfifo:rfifo                                                                                                                                                                                                                                                                                                       ; scfifo                                               ; work         ;
;                |scfifo_9621:auto_generated|                                                                                             ; 26 (0)      ; 20 (0)                    ; 0 (0)         ; 512         ; 1    ; 0          ; 0            ; 0       ; 0         ; 0    ; 0            ; 6 (0)        ; 0 (0)             ; 20 (0)           ; 0          ; |NIOS2i2c|i2c_oled_ni2:u0|i2c_oled_ni2_jtag_uart_0:jtag_uart_0|i2c_oled_ni2_jtag_uart_0_scfifo_r:the_i2c_oled_ni2_jtag_uart_0_scfifo_r|scfifo:rfifo|scfifo_9621:auto_generated                                                                                                                                                                                                                                                                            ; scfifo_9621                                          ; work         ;
;                   |a_dpfifo_bb01:dpfifo|                                                                                                ; 26 (0)      ; 20 (0)                    ; 0 (0)         ; 512         ; 1    ; 0          ; 0            ; 0       ; 0         ; 0    ; 0            ; 6 (0)        ; 0 (0)             ; 20 (0)           ; 0          ; |NIOS2i2c|i2c_oled_ni2:u0|i2c_oled_ni2_jtag_uart_0:jtag_uart_0|i2c_oled_ni2_jtag_uart_0_scfifo_r:the_i2c_oled_ni2_jtag_uart_0_scfifo_r|scfifo:rfifo|scfifo_9621:auto_generated|a_dpfifo_bb01:dpfifo                                                                                                                                                                                                                                                       ; a_dpfifo_bb01                                        ; work         ;
;                      |a_fefifo_7cf:fifo_state|                                                                                          ; 14 (8)      ; 8 (2)                     ; 0 (0)         ; 0           ; 0    ; 0          ; 0            ; 0       ; 0         ; 0    ; 0            ; 6 (6)        ; 0 (0)             ; 8 (2)            ; 0          ; |NIOS2i2c|i2c_oled_ni2:u0|i2c_oled_ni2_jtag_uart_0:jtag_uart_0|i2c_oled_ni2_jtag_uart_0_scfifo_r:the_i2c_oled_ni2_jtag_uart_0_scfifo_r|scfifo:rfifo|scfifo_9621:auto_generated|a_dpfifo_bb01:dpfifo|a_fefifo_7cf:fifo_state                                                                                                                                                                                                                               ; a_fefifo_7cf                                         ; work         ;
;                         |cntr_337:count_usedw|                                                                                          ; 6 (6)       ; 6 (6)                     ; 0 (0)         ; 0           ; 0    ; 0          ; 0            ; 0       ; 0         ; 0    ; 0            ; 0 (0)        ; 0 (0)             ; 6 (6)            ; 0          ; |NIOS2i2c|i2c_oled_ni2:u0|i2c_oled_ni2_jtag_uart_0:jtag_uart_0|i2c_oled_ni2_jtag_uart_0_scfifo_r:the_i2c_oled_ni2_jtag_uart_0_scfifo_r|scfifo:rfifo|scfifo_9621:auto_generated|a_dpfifo_bb01:dpfifo|a_fefifo_7cf:fifo_state|cntr_337:count_usedw                                                                                                                                                                                                          ; cntr_337                                             ; work         ;
;                      |altsyncram_dtn1:FIFOram|                                                                                          ; 0 (0)       ; 0 (0)                     ; 0 (0)         ; 512         ; 1    ; 0          ; 0            ; 0       ; 0         ; 0    ; 0            ; 0 (0)        ; 0 (0)             ; 0 (0)            ; 0          ; |NIOS2i2c|i2c_oled_ni2:u0|i2c_oled_ni2_jtag_uart_0:jtag_uart_0|i2c_oled_ni2_jtag_uart_0_scfifo_r:the_i2c_oled_ni2_jtag_uart_0_scfifo_r|scfifo:rfifo|scfifo_9621:auto_generated|a_dpfifo_bb01:dpfifo|altsyncram_dtn1:FIFOram                                                                                                                                                                                                                               ; altsyncram_dtn1                                      ; work         ;
;                      |cntr_n2b:rd_ptr_count|                                                                                            ; 6 (6)       ; 6 (6)                     ; 0 (0)         ; 0           ; 0    ; 0          ; 0            ; 0       ; 0         ; 0    ; 0            ; 0 (0)        ; 0 (0)             ; 6 (6)            ; 0          ; |NIOS2i2c|i2c_oled_ni2:u0|i2c_oled_ni2_jtag_uart_0:jtag_uart_0|i2c_oled_ni2_jtag_uart_0_scfifo_r:the_i2c_oled_ni2_jtag_uart_0_scfifo_r|scfifo:rfifo|scfifo_9621:auto_generated|a_dpfifo_bb01:dpfifo|cntr_n2b:rd_ptr_count                                                                                                                                                                                                                                 ; cntr_n2b                                             ; work         ;
;                      |cntr_n2b:wr_ptr|                                                                                                  ; 6 (6)       ; 6 (6)                     ; 0 (0)         ; 0           ; 0    ; 0          ; 0            ; 0       ; 0         ; 0    ; 0            ; 0 (0)        ; 0 (0)             ; 6 (6)            ; 0          ; |NIOS2i2c|i2c_oled_ni2:u0|i2c_oled_ni2_jtag_uart_0:jtag_uart_0|i2c_oled_ni2_jtag_uart_0_scfifo_r:the_i2c_oled_ni2_jtag_uart_0_scfifo_r|scfifo:rfifo|scfifo_9621:auto_generated|a_dpfifo_bb01:dpfifo|cntr_n2b:wr_ptr                                                                                                                                                                                                                                       ; cntr_n2b                                             ; work         ;
;          |i2c_oled_ni2_jtag_uart_0_scfifo_w:the_i2c_oled_ni2_jtag_uart_0_scfifo_w|                                                      ; 25 (0)      ; 20 (0)                    ; 0 (0)         ; 512         ; 1    ; 0          ; 0            ; 0       ; 0         ; 0    ; 0            ; 5 (0)        ; 0 (0)             ; 20 (0)           ; 0          ; |NIOS2i2c|i2c_oled_ni2:u0|i2c_oled_ni2_jtag_uart_0:jtag_uart_0|i2c_oled_ni2_jtag_uart_0_scfifo_w:the_i2c_oled_ni2_jtag_uart_0_scfifo_w                                                                                                                                                                                                                                                                                                                    ; i2c_oled_ni2_jtag_uart_0_scfifo_w                    ; i2c_oled_ni2 ;
;             |scfifo:wfifo|                                                                                                              ; 25 (0)      ; 20 (0)                    ; 0 (0)         ; 512         ; 1    ; 0          ; 0            ; 0       ; 0         ; 0    ; 0            ; 5 (0)        ; 0 (0)             ; 20 (0)           ; 0          ; |NIOS2i2c|i2c_oled_ni2:u0|i2c_oled_ni2_jtag_uart_0:jtag_uart_0|i2c_oled_ni2_jtag_uart_0_scfifo_w:the_i2c_oled_ni2_jtag_uart_0_scfifo_w|scfifo:wfifo                                                                                                                                                                                                                                                                                                       ; scfifo                                               ; work         ;
;                |scfifo_9621:auto_generated|                                                                                             ; 25 (0)      ; 20 (0)                    ; 0 (0)         ; 512         ; 1    ; 0          ; 0            ; 0       ; 0         ; 0    ; 0            ; 5 (0)        ; 0 (0)             ; 20 (0)           ; 0          ; |NIOS2i2c|i2c_oled_ni2:u0|i2c_oled_ni2_jtag_uart_0:jtag_uart_0|i2c_oled_ni2_jtag_uart_0_scfifo_w:the_i2c_oled_ni2_jtag_uart_0_scfifo_w|scfifo:wfifo|scfifo_9621:auto_generated                                                                                                                                                                                                                                                                            ; scfifo_9621                                          ; work         ;
;                   |a_dpfifo_bb01:dpfifo|                                                                                                ; 25 (0)      ; 20 (0)                    ; 0 (0)         ; 512         ; 1    ; 0          ; 0            ; 0       ; 0         ; 0    ; 0            ; 5 (0)        ; 0 (0)             ; 20 (0)           ; 0          ; |NIOS2i2c|i2c_oled_ni2:u0|i2c_oled_ni2_jtag_uart_0:jtag_uart_0|i2c_oled_ni2_jtag_uart_0_scfifo_w:the_i2c_oled_ni2_jtag_uart_0_scfifo_w|scfifo:wfifo|scfifo_9621:auto_generated|a_dpfifo_bb01:dpfifo                                                                                                                                                                                                                                                       ; a_dpfifo_bb01                                        ; work         ;
;                      |a_fefifo_7cf:fifo_state|                                                                                          ; 13 (7)      ; 8 (2)                     ; 0 (0)         ; 0           ; 0    ; 0          ; 0            ; 0       ; 0         ; 0    ; 0            ; 5 (5)        ; 0 (0)             ; 8 (2)            ; 0          ; |NIOS2i2c|i2c_oled_ni2:u0|i2c_oled_ni2_jtag_uart_0:jtag_uart_0|i2c_oled_ni2_jtag_uart_0_scfifo_w:the_i2c_oled_ni2_jtag_uart_0_scfifo_w|scfifo:wfifo|scfifo_9621:auto_generated|a_dpfifo_bb01:dpfifo|a_fefifo_7cf:fifo_state                                                                                                                                                                                                                               ; a_fefifo_7cf                                         ; work         ;
;                         |cntr_337:count_usedw|                                                                                          ; 6 (6)       ; 6 (6)                     ; 0 (0)         ; 0           ; 0    ; 0          ; 0            ; 0       ; 0         ; 0    ; 0            ; 0 (0)        ; 0 (0)             ; 6 (6)            ; 0          ; |NIOS2i2c|i2c_oled_ni2:u0|i2c_oled_ni2_jtag_uart_0:jtag_uart_0|i2c_oled_ni2_jtag_uart_0_scfifo_w:the_i2c_oled_ni2_jtag_uart_0_scfifo_w|scfifo:wfifo|scfifo_9621:auto_generated|a_dpfifo_bb01:dpfifo|a_fefifo_7cf:fifo_state|cntr_337:count_usedw                                                                                                                                                                                                          ; cntr_337                                             ; work         ;
;                      |altsyncram_dtn1:FIFOram|                                                                                          ; 0 (0)       ; 0 (0)                     ; 0 (0)         ; 512         ; 1    ; 0          ; 0            ; 0       ; 0         ; 0    ; 0            ; 0 (0)        ; 0 (0)             ; 0 (0)            ; 0          ; |NIOS2i2c|i2c_oled_ni2:u0|i2c_oled_ni2_jtag_uart_0:jtag_uart_0|i2c_oled_ni2_jtag_uart_0_scfifo_w:the_i2c_oled_ni2_jtag_uart_0_scfifo_w|scfifo:wfifo|scfifo_9621:auto_generated|a_dpfifo_bb01:dpfifo|altsyncram_dtn1:FIFOram                                                                                                                                                                                                                               ; altsyncram_dtn1                                      ; work         ;
;                      |cntr_n2b:rd_ptr_count|                                                                                            ; 6 (6)       ; 6 (6)                     ; 0 (0)         ; 0           ; 0    ; 0          ; 0            ; 0       ; 0         ; 0    ; 0            ; 0 (0)        ; 0 (0)             ; 6 (6)            ; 0          ; |NIOS2i2c|i2c_oled_ni2:u0|i2c_oled_ni2_jtag_uart_0:jtag_uart_0|i2c_oled_ni2_jtag_uart_0_scfifo_w:the_i2c_oled_ni2_jtag_uart_0_scfifo_w|scfifo:wfifo|scfifo_9621:auto_generated|a_dpfifo_bb01:dpfifo|cntr_n2b:rd_ptr_count                                                                                                                                                                                                                                 ; cntr_n2b                                             ; work         ;
;                      |cntr_n2b:wr_ptr|                                                                                                  ; 6 (6)       ; 6 (6)                     ; 0 (0)         ; 0           ; 0    ; 0          ; 0            ; 0       ; 0         ; 0    ; 0            ; 0 (0)        ; 0 (0)             ; 6 (6)            ; 0          ; |NIOS2i2c|i2c_oled_ni2:u0|i2c_oled_ni2_jtag_uart_0:jtag_uart_0|i2c_oled_ni2_jtag_uart_0_scfifo_w:the_i2c_oled_ni2_jtag_uart_0_scfifo_w|scfifo:wfifo|scfifo_9621:auto_generated|a_dpfifo_bb01:dpfifo|cntr_n2b:wr_ptr                                                                                                                                                                                                                                       ; cntr_n2b                                             ; work         ;
;       |i2c_oled_ni2_mm_interconnect_0:mm_interconnect_0|                                                                                ; 448 (0)     ; 153 (0)                   ; 0 (0)         ; 0           ; 0    ; 0          ; 0            ; 0       ; 0         ; 0    ; 0            ; 226 (0)      ; 7 (0)             ; 215 (0)          ; 0          ; |NIOS2i2c|i2c_oled_ni2:u0|i2c_oled_ni2_mm_interconnect_0:mm_interconnect_0                                                                                                                                                                                                                                                                                                                                                                                ; i2c_oled_ni2_mm_interconnect_0                       ; i2c_oled_ni2 ;
;          |altera_avalon_sc_fifo:i2c_0_csr_agent_rsp_fifo|                                                                               ; 13 (13)     ; 9 (9)                     ; 0 (0)         ; 0           ; 0    ; 0          ; 0            ; 0       ; 0         ; 0    ; 0            ; 4 (4)        ; 2 (2)             ; 7 (7)            ; 0          ; |NIOS2i2c|i2c_oled_ni2:u0|i2c_oled_ni2_mm_interconnect_0:mm_interconnect_0|altera_avalon_sc_fifo:i2c_0_csr_agent_rsp_fifo                                                                                                                                                                                                                                                                                                                                 ; altera_avalon_sc_fifo                                ; i2c_oled_ni2 ;
;          |altera_avalon_sc_fifo:jtag_uart_0_avalon_jtag_slave_agent_rsp_fifo|                                                           ; 9 (9)       ; 6 (6)                     ; 0 (0)         ; 0           ; 0    ; 0          ; 0            ; 0       ; 0         ; 0    ; 0            ; 3 (3)        ; 0 (0)             ; 6 (6)            ; 0          ; |NIOS2i2c|i2c_oled_ni2:u0|i2c_oled_ni2_mm_interconnect_0:mm_interconnect_0|altera_avalon_sc_fifo:jtag_uart_0_avalon_jtag_slave_agent_rsp_fifo                                                                                                                                                                                                                                                                                                             ; altera_avalon_sc_fifo                                ; i2c_oled_ni2 ;
;          |altera_avalon_sc_fifo:nios2_gen2_0_debug_mem_slave_agent_rsp_fifo|                                                            ; 10 (10)     ; 6 (6)                     ; 0 (0)         ; 0           ; 0    ; 0          ; 0            ; 0       ; 0         ; 0    ; 0            ; 4 (4)        ; 2 (2)             ; 4 (4)            ; 0          ; |NIOS2i2c|i2c_oled_ni2:u0|i2c_oled_ni2_mm_interconnect_0:mm_interconnect_0|altera_avalon_sc_fifo:nios2_gen2_0_debug_mem_slave_agent_rsp_fifo                                                                                                                                                                                                                                                                                                              ; altera_avalon_sc_fifo                                ; i2c_oled_ni2 ;
;          |altera_avalon_sc_fifo:onchip_memory2_0_s1_agent_rsp_fifo|                                                                     ; 10 (10)     ; 6 (6)                     ; 0 (0)         ; 0           ; 0    ; 0          ; 0            ; 0       ; 0         ; 0    ; 0            ; 4 (4)        ; 0 (0)             ; 6 (6)            ; 0          ; |NIOS2i2c|i2c_oled_ni2:u0|i2c_oled_ni2_mm_interconnect_0:mm_interconnect_0|altera_avalon_sc_fifo:onchip_memory2_0_s1_agent_rsp_fifo                                                                                                                                                                                                                                                                                                                       ; altera_avalon_sc_fifo                                ; i2c_oled_ni2 ;
;          |altera_avalon_sc_fifo:pio_0_s1_agent_rsp_fifo|                                                                                ; 8 (8)       ; 6 (6)                     ; 0 (0)         ; 0           ; 0    ; 0          ; 0            ; 0       ; 0         ; 0    ; 0            ; 2 (2)        ; 0 (0)             ; 6 (6)            ; 0          ; |NIOS2i2c|i2c_oled_ni2:u0|i2c_oled_ni2_mm_interconnect_0:mm_interconnect_0|altera_avalon_sc_fifo:pio_0_s1_agent_rsp_fifo                                                                                                                                                                                                                                                                                                                                  ; altera_avalon_sc_fifo                                ; i2c_oled_ni2 ;
;          |altera_avalon_sc_fifo:uart_0_s1_agent_rsp_fifo|                                                                               ; 8 (8)       ; 6 (6)                     ; 0 (0)         ; 0           ; 0    ; 0          ; 0            ; 0       ; 0         ; 0    ; 0            ; 2 (2)        ; 0 (0)             ; 6 (6)            ; 0          ; |NIOS2i2c|i2c_oled_ni2:u0|i2c_oled_ni2_mm_interconnect_0:mm_interconnect_0|altera_avalon_sc_fifo:uart_0_s1_agent_rsp_fifo                                                                                                                                                                                                                                                                                                                                 ; altera_avalon_sc_fifo                                ; i2c_oled_ni2 ;
;          |altera_merlin_master_agent:nios2_gen2_0_data_master_agent|                                                                    ; 2 (2)       ; 0 (0)                     ; 0 (0)         ; 0           ; 0    ; 0          ; 0            ; 0       ; 0         ; 0    ; 0            ; 2 (2)        ; 0 (0)             ; 0 (0)            ; 0          ; |NIOS2i2c|i2c_oled_ni2:u0|i2c_oled_ni2_mm_interconnect_0:mm_interconnect_0|altera_merlin_master_agent:nios2_gen2_0_data_master_agent                                                                                                                                                                                                                                                                                                                      ; altera_merlin_master_agent                           ; i2c_oled_ni2 ;
;          |altera_merlin_master_agent:nios2_gen2_0_instruction_master_agent|                                                             ; 1 (1)       ; 0 (0)                     ; 0 (0)         ; 0           ; 0    ; 0          ; 0            ; 0       ; 0         ; 0    ; 0            ; 1 (1)        ; 0 (0)             ; 0 (0)            ; 0          ; |NIOS2i2c|i2c_oled_ni2:u0|i2c_oled_ni2_mm_interconnect_0:mm_interconnect_0|altera_merlin_master_agent:nios2_gen2_0_instruction_master_agent                                                                                                                                                                                                                                                                                                               ; altera_merlin_master_agent                           ; i2c_oled_ni2 ;
;          |altera_merlin_master_translator:nios2_gen2_0_data_master_translator|                                                          ; 8 (8)       ; 3 (3)                     ; 0 (0)         ; 0           ; 0    ; 0          ; 0            ; 0       ; 0         ; 0    ; 0            ; 5 (5)        ; 0 (0)             ; 3 (3)            ; 0          ; |NIOS2i2c|i2c_oled_ni2:u0|i2c_oled_ni2_mm_interconnect_0:mm_interconnect_0|altera_merlin_master_translator:nios2_gen2_0_data_master_translator                                                                                                                                                                                                                                                                                                            ; altera_merlin_master_translator                      ; i2c_oled_ni2 ;
;          |altera_merlin_master_translator:nios2_gen2_0_instruction_master_translator|                                                   ; 12 (12)     ; 1 (1)                     ; 0 (0)         ; 0           ; 0    ; 0          ; 0            ; 0       ; 0         ; 0    ; 0            ; 11 (11)      ; 0 (0)             ; 1 (1)            ; 0          ; |NIOS2i2c|i2c_oled_ni2:u0|i2c_oled_ni2_mm_interconnect_0:mm_interconnect_0|altera_merlin_master_translator:nios2_gen2_0_instruction_master_translator                                                                                                                                                                                                                                                                                                     ; altera_merlin_master_translator                      ; i2c_oled_ni2 ;
;          |altera_merlin_slave_agent:i2c_0_csr_agent|                                                                                    ; 2 (2)       ; 0 (0)                     ; 0 (0)         ; 0           ; 0    ; 0          ; 0            ; 0       ; 0         ; 0    ; 0            ; 2 (2)        ; 0 (0)             ; 0 (0)            ; 0          ; |NIOS2i2c|i2c_oled_ni2:u0|i2c_oled_ni2_mm_interconnect_0:mm_interconnect_0|altera_merlin_slave_agent:i2c_0_csr_agent                                                                                                                                                                                                                                                                                                                                      ; altera_merlin_slave_agent                            ; i2c_oled_ni2 ;
;          |altera_merlin_slave_agent:nios2_gen2_0_debug_mem_slave_agent|                                                                 ; 1 (1)       ; 0 (0)                     ; 0 (0)         ; 0           ; 0    ; 0          ; 0            ; 0       ; 0         ; 0    ; 0            ; 1 (1)        ; 0 (0)             ; 0 (0)            ; 0          ; |NIOS2i2c|i2c_oled_ni2:u0|i2c_oled_ni2_mm_interconnect_0:mm_interconnect_0|altera_merlin_slave_agent:nios2_gen2_0_debug_mem_slave_agent                                                                                                                                                                                                                                                                                                                   ; altera_merlin_slave_agent                            ; i2c_oled_ni2 ;
;          |altera_merlin_slave_agent:pio_0_s1_agent|                                                                                     ; 3 (3)       ; 0 (0)                     ; 0 (0)         ; 0           ; 0    ; 0          ; 0            ; 0       ; 0         ; 0    ; 0            ; 3 (3)        ; 0 (0)             ; 0 (0)            ; 0          ; |NIOS2i2c|i2c_oled_ni2:u0|i2c_oled_ni2_mm_interconnect_0:mm_interconnect_0|altera_merlin_slave_agent:pio_0_s1_agent                                                                                                                                                                                                                                                                                                                                       ; altera_merlin_slave_agent                            ; i2c_oled_ni2 ;
;          |altera_merlin_slave_translator:i2c_0_csr_translator|                                                                          ; 3 (3)       ; 2 (2)                     ; 0 (0)         ; 0           ; 0    ; 0          ; 0            ; 0       ; 0         ; 0    ; 0            ; 1 (1)        ; 2 (2)             ; 0 (0)            ; 0          ; |NIOS2i2c|i2c_oled_ni2:u0|i2c_oled_ni2_mm_interconnect_0:mm_interconnect_0|altera_merlin_slave_translator:i2c_0_csr_translator                                                                                                                                                                                                                                                                                                                            ; altera_merlin_slave_translator                       ; i2c_oled_ni2 ;
;          |altera_merlin_slave_translator:jtag_uart_0_avalon_jtag_slave_translator|                                                      ; 23 (23)     ; 23 (23)                   ; 0 (0)         ; 0           ; 0    ; 0          ; 0            ; 0       ; 0         ; 0    ; 0            ; 0 (0)        ; 0 (0)             ; 23 (23)          ; 0          ; |NIOS2i2c|i2c_oled_ni2:u0|i2c_oled_ni2_mm_interconnect_0:mm_interconnect_0|altera_merlin_slave_translator:jtag_uart_0_avalon_jtag_slave_translator                                                                                                                                                                                                                                                                                                        ; altera_merlin_slave_translator                       ; i2c_oled_ni2 ;
;          |altera_merlin_slave_translator:nios2_gen2_0_debug_mem_slave_translator|                                                       ; 33 (33)     ; 33 (33)                   ; 0 (0)         ; 0           ; 0    ; 0          ; 0            ; 0       ; 0         ; 0    ; 0            ; 0 (0)        ; 0 (0)             ; 33 (33)          ; 0          ; |NIOS2i2c|i2c_oled_ni2:u0|i2c_oled_ni2_mm_interconnect_0:mm_interconnect_0|altera_merlin_slave_translator:nios2_gen2_0_debug_mem_slave_translator                                                                                                                                                                                                                                                                                                         ; altera_merlin_slave_translator                       ; i2c_oled_ni2 ;
;          |altera_merlin_slave_translator:onchip_memory2_0_s1_translator|                                                                ; 1 (1)       ; 1 (1)                     ; 0 (0)         ; 0           ; 0    ; 0          ; 0            ; 0       ; 0         ; 0    ; 0            ; 0 (0)        ; 0 (0)             ; 1 (1)            ; 0          ; |NIOS2i2c|i2c_oled_ni2:u0|i2c_oled_ni2_mm_interconnect_0:mm_interconnect_0|altera_merlin_slave_translator:onchip_memory2_0_s1_translator                                                                                                                                                                                                                                                                                                                  ; altera_merlin_slave_translator                       ; i2c_oled_ni2 ;
;          |altera_merlin_slave_translator:pio_0_s1_translator|                                                                           ; 10 (10)     ; 7 (7)                     ; 0 (0)         ; 0           ; 0    ; 0          ; 0            ; 0       ; 0         ; 0    ; 0            ; 3 (3)        ; 0 (0)             ; 7 (7)            ; 0          ; |NIOS2i2c|i2c_oled_ni2:u0|i2c_oled_ni2_mm_interconnect_0:mm_interconnect_0|altera_merlin_slave_translator:pio_0_s1_translator                                                                                                                                                                                                                                                                                                                             ; altera_merlin_slave_translator                       ; i2c_oled_ni2 ;
;          |altera_merlin_slave_translator:uart_0_s1_translator|                                                                          ; 17 (17)     ; 14 (14)                   ; 0 (0)         ; 0           ; 0    ; 0          ; 0            ; 0       ; 0         ; 0    ; 0            ; 3 (3)        ; 0 (0)             ; 14 (14)          ; 0          ; |NIOS2i2c|i2c_oled_ni2:u0|i2c_oled_ni2_mm_interconnect_0:mm_interconnect_0|altera_merlin_slave_translator:uart_0_s1_translator                                                                                                                                                                                                                                                                                                                            ; altera_merlin_slave_translator                       ; i2c_oled_ni2 ;
;          |i2c_oled_ni2_mm_interconnect_0_cmd_demux:cmd_demux_001|                                                                       ; 6 (6)       ; 0 (0)                     ; 0 (0)         ; 0           ; 0    ; 0          ; 0            ; 0       ; 0         ; 0    ; 0            ; 6 (6)        ; 0 (0)             ; 0 (0)            ; 0          ; |NIOS2i2c|i2c_oled_ni2:u0|i2c_oled_ni2_mm_interconnect_0:mm_interconnect_0|i2c_oled_ni2_mm_interconnect_0_cmd_demux:cmd_demux_001                                                                                                                                                                                                                                                                                                                         ; i2c_oled_ni2_mm_interconnect_0_cmd_demux             ; i2c_oled_ni2 ;
;          |i2c_oled_ni2_mm_interconnect_0_cmd_demux:cmd_demux|                                                                           ; 15 (15)     ; 0 (0)                     ; 0 (0)         ; 0           ; 0    ; 0          ; 0            ; 0       ; 0         ; 0    ; 0            ; 15 (15)      ; 0 (0)             ; 0 (0)            ; 0          ; |NIOS2i2c|i2c_oled_ni2:u0|i2c_oled_ni2_mm_interconnect_0:mm_interconnect_0|i2c_oled_ni2_mm_interconnect_0_cmd_demux:cmd_demux                                                                                                                                                                                                                                                                                                                             ; i2c_oled_ni2_mm_interconnect_0_cmd_demux             ; i2c_oled_ni2 ;
;          |i2c_oled_ni2_mm_interconnect_0_cmd_mux:cmd_mux_001|                                                                           ; 32 (30)     ; 5 (3)                     ; 0 (0)         ; 0           ; 0    ; 0          ; 0            ; 0       ; 0         ; 0    ; 0            ; 22 (22)      ; 0 (0)             ; 10 (6)           ; 0          ; |NIOS2i2c|i2c_oled_ni2:u0|i2c_oled_ni2_mm_interconnect_0:mm_interconnect_0|i2c_oled_ni2_mm_interconnect_0_cmd_mux:cmd_mux_001                                                                                                                                                                                                                                                                                                                             ; i2c_oled_ni2_mm_interconnect_0_cmd_mux               ; i2c_oled_ni2 ;
;             |altera_merlin_arbitrator:arb|                                                                                              ; 4 (4)       ; 2 (2)                     ; 0 (0)         ; 0           ; 0    ; 0          ; 0            ; 0       ; 0         ; 0    ; 0            ; 0 (0)        ; 0 (0)             ; 4 (4)            ; 0          ; |NIOS2i2c|i2c_oled_ni2:u0|i2c_oled_ni2_mm_interconnect_0:mm_interconnect_0|i2c_oled_ni2_mm_interconnect_0_cmd_mux:cmd_mux_001|altera_merlin_arbitrator:arb                                                                                                                                                                                                                                                                                                ; altera_merlin_arbitrator                             ; i2c_oled_ni2 ;
;          |i2c_oled_ni2_mm_interconnect_0_cmd_mux:cmd_mux_002|                                                                           ; 56 (53)     ; 5 (3)                     ; 0 (0)         ; 0           ; 0    ; 0          ; 0            ; 0       ; 0         ; 0    ; 0            ; 5 (4)        ; 1 (1)             ; 50 (47)          ; 0          ; |NIOS2i2c|i2c_oled_ni2:u0|i2c_oled_ni2_mm_interconnect_0:mm_interconnect_0|i2c_oled_ni2_mm_interconnect_0_cmd_mux:cmd_mux_002                                                                                                                                                                                                                                                                                                                             ; i2c_oled_ni2_mm_interconnect_0_cmd_mux               ; i2c_oled_ni2 ;
;             |altera_merlin_arbitrator:arb|                                                                                              ; 4 (4)       ; 2 (2)                     ; 0 (0)         ; 0           ; 0    ; 0          ; 0            ; 0       ; 0         ; 0    ; 0            ; 1 (1)        ; 0 (0)             ; 3 (3)            ; 0          ; |NIOS2i2c|i2c_oled_ni2:u0|i2c_oled_ni2_mm_interconnect_0:mm_interconnect_0|i2c_oled_ni2_mm_interconnect_0_cmd_mux:cmd_mux_002|altera_merlin_arbitrator:arb                                                                                                                                                                                                                                                                                                ; altera_merlin_arbitrator                             ; i2c_oled_ni2 ;
;          |i2c_oled_ni2_mm_interconnect_0_cmd_mux:cmd_mux_003|                                                                           ; 56 (54)     ; 5 (3)                     ; 0 (0)         ; 0           ; 0    ; 0          ; 0            ; 0       ; 0         ; 0    ; 0            ; 51 (51)      ; 0 (0)             ; 5 (1)            ; 0          ; |NIOS2i2c|i2c_oled_ni2:u0|i2c_oled_ni2_mm_interconnect_0:mm_interconnect_0|i2c_oled_ni2_mm_interconnect_0_cmd_mux:cmd_mux_003                                                                                                                                                                                                                                                                                                                             ; i2c_oled_ni2_mm_interconnect_0_cmd_mux               ; i2c_oled_ni2 ;
;             |altera_merlin_arbitrator:arb|                                                                                              ; 4 (4)       ; 2 (2)                     ; 0 (0)         ; 0           ; 0    ; 0          ; 0            ; 0       ; 0         ; 0    ; 0            ; 0 (0)        ; 0 (0)             ; 4 (4)            ; 0          ; |NIOS2i2c|i2c_oled_ni2:u0|i2c_oled_ni2_mm_interconnect_0:mm_interconnect_0|i2c_oled_ni2_mm_interconnect_0_cmd_mux:cmd_mux_003|altera_merlin_arbitrator:arb                                                                                                                                                                                                                                                                                                ; altera_merlin_arbitrator                             ; i2c_oled_ni2 ;
;          |i2c_oled_ni2_mm_interconnect_0_cmd_mux:cmd_mux_004|                                                                           ; 23 (21)     ; 5 (3)                     ; 0 (0)         ; 0           ; 0    ; 0          ; 0            ; 0       ; 0         ; 0    ; 0            ; 8 (8)        ; 0 (0)             ; 15 (11)          ; 0          ; |NIOS2i2c|i2c_oled_ni2:u0|i2c_oled_ni2_mm_interconnect_0:mm_interconnect_0|i2c_oled_ni2_mm_interconnect_0_cmd_mux:cmd_mux_004                                                                                                                                                                                                                                                                                                                             ; i2c_oled_ni2_mm_interconnect_0_cmd_mux               ; i2c_oled_ni2 ;
;             |altera_merlin_arbitrator:arb|                                                                                              ; 4 (4)       ; 2 (2)                     ; 0 (0)         ; 0           ; 0    ; 0          ; 0            ; 0       ; 0         ; 0    ; 0            ; 0 (0)        ; 0 (0)             ; 4 (4)            ; 0          ; |NIOS2i2c|i2c_oled_ni2:u0|i2c_oled_ni2_mm_interconnect_0:mm_interconnect_0|i2c_oled_ni2_mm_interconnect_0_cmd_mux:cmd_mux_004|altera_merlin_arbitrator:arb                                                                                                                                                                                                                                                                                                ; altera_merlin_arbitrator                             ; i2c_oled_ni2 ;
;          |i2c_oled_ni2_mm_interconnect_0_cmd_mux:cmd_mux_005|                                                                           ; 14 (11)     ; 5 (3)                     ; 0 (0)         ; 0           ; 0    ; 0          ; 0            ; 0       ; 0         ; 0    ; 0            ; 9 (8)        ; 0 (0)             ; 5 (1)            ; 0          ; |NIOS2i2c|i2c_oled_ni2:u0|i2c_oled_ni2_mm_interconnect_0:mm_interconnect_0|i2c_oled_ni2_mm_interconnect_0_cmd_mux:cmd_mux_005                                                                                                                                                                                                                                                                                                                             ; i2c_oled_ni2_mm_interconnect_0_cmd_mux               ; i2c_oled_ni2 ;
;             |altera_merlin_arbitrator:arb|                                                                                              ; 5 (5)       ; 2 (2)                     ; 0 (0)         ; 0           ; 0    ; 0          ; 0            ; 0       ; 0         ; 0    ; 0            ; 1 (1)        ; 0 (0)             ; 4 (4)            ; 0          ; |NIOS2i2c|i2c_oled_ni2:u0|i2c_oled_ni2_mm_interconnect_0:mm_interconnect_0|i2c_oled_ni2_mm_interconnect_0_cmd_mux:cmd_mux_005|altera_merlin_arbitrator:arb                                                                                                                                                                                                                                                                                                ; altera_merlin_arbitrator                             ; i2c_oled_ni2 ;
;          |i2c_oled_ni2_mm_interconnect_0_cmd_mux:cmd_mux|                                                                               ; 21 (18)     ; 5 (3)                     ; 0 (0)         ; 0           ; 0    ; 0          ; 0            ; 0       ; 0         ; 0    ; 0            ; 9 (8)        ; 0 (0)             ; 12 (9)           ; 0          ; |NIOS2i2c|i2c_oled_ni2:u0|i2c_oled_ni2_mm_interconnect_0:mm_interconnect_0|i2c_oled_ni2_mm_interconnect_0_cmd_mux:cmd_mux                                                                                                                                                                                                                                                                                                                                 ; i2c_oled_ni2_mm_interconnect_0_cmd_mux               ; i2c_oled_ni2 ;
;             |altera_merlin_arbitrator:arb|                                                                                              ; 4 (4)       ; 2 (2)                     ; 0 (0)         ; 0           ; 0    ; 0          ; 0            ; 0       ; 0         ; 0    ; 0            ; 1 (1)        ; 0 (0)             ; 3 (3)            ; 0          ; |NIOS2i2c|i2c_oled_ni2:u0|i2c_oled_ni2_mm_interconnect_0:mm_interconnect_0|i2c_oled_ni2_mm_interconnect_0_cmd_mux:cmd_mux|altera_merlin_arbitrator:arb                                                                                                                                                                                                                                                                                                    ; altera_merlin_arbitrator                             ; i2c_oled_ni2 ;
;          |i2c_oled_ni2_mm_interconnect_0_router:router_001|                                                                             ; 12 (12)     ; 0 (0)                     ; 0 (0)         ; 0           ; 0    ; 0          ; 0            ; 0       ; 0         ; 0    ; 0            ; 12 (12)      ; 0 (0)             ; 0 (0)            ; 0          ; |NIOS2i2c|i2c_oled_ni2:u0|i2c_oled_ni2_mm_interconnect_0:mm_interconnect_0|i2c_oled_ni2_mm_interconnect_0_router:router_001                                                                                                                                                                                                                                                                                                                               ; i2c_oled_ni2_mm_interconnect_0_router                ; i2c_oled_ni2 ;
;          |i2c_oled_ni2_mm_interconnect_0_router:router|                                                                                 ; 9 (9)       ; 0 (0)                     ; 0 (0)         ; 0           ; 0    ; 0          ; 0            ; 0       ; 0         ; 0    ; 0            ; 9 (9)        ; 0 (0)             ; 0 (0)            ; 0          ; |NIOS2i2c|i2c_oled_ni2:u0|i2c_oled_ni2_mm_interconnect_0:mm_interconnect_0|i2c_oled_ni2_mm_interconnect_0_router:router                                                                                                                                                                                                                                                                                                                                   ; i2c_oled_ni2_mm_interconnect_0_router                ; i2c_oled_ni2 ;
;          |i2c_oled_ni2_mm_interconnect_0_rsp_demux:rsp_demux_001|                                                                       ; 2 (2)       ; 0 (0)                     ; 0 (0)         ; 0           ; 0    ; 0          ; 0            ; 0       ; 0         ; 0    ; 0            ; 2 (2)        ; 0 (0)             ; 0 (0)            ; 0          ; |NIOS2i2c|i2c_oled_ni2:u0|i2c_oled_ni2_mm_interconnect_0:mm_interconnect_0|i2c_oled_ni2_mm_interconnect_0_rsp_demux:rsp_demux_001                                                                                                                                                                                                                                                                                                                         ; i2c_oled_ni2_mm_interconnect_0_rsp_demux             ; i2c_oled_ni2 ;
;          |i2c_oled_ni2_mm_interconnect_0_rsp_demux:rsp_demux_002|                                                                       ; 2 (2)       ; 0 (0)                     ; 0 (0)         ; 0           ; 0    ; 0          ; 0            ; 0       ; 0         ; 0    ; 0            ; 2 (2)        ; 0 (0)             ; 0 (0)            ; 0          ; |NIOS2i2c|i2c_oled_ni2:u0|i2c_oled_ni2_mm_interconnect_0:mm_interconnect_0|i2c_oled_ni2_mm_interconnect_0_rsp_demux:rsp_demux_002                                                                                                                                                                                                                                                                                                                         ; i2c_oled_ni2_mm_interconnect_0_rsp_demux             ; i2c_oled_ni2 ;
;          |i2c_oled_ni2_mm_interconnect_0_rsp_demux:rsp_demux_003|                                                                       ; 2 (2)       ; 0 (0)                     ; 0 (0)         ; 0           ; 0    ; 0          ; 0            ; 0       ; 0         ; 0    ; 0            ; 2 (2)        ; 0 (0)             ; 0 (0)            ; 0          ; |NIOS2i2c|i2c_oled_ni2:u0|i2c_oled_ni2_mm_interconnect_0:mm_interconnect_0|i2c_oled_ni2_mm_interconnect_0_rsp_demux:rsp_demux_003                                                                                                                                                                                                                                                                                                                         ; i2c_oled_ni2_mm_interconnect_0_rsp_demux             ; i2c_oled_ni2 ;
;          |i2c_oled_ni2_mm_interconnect_0_rsp_demux:rsp_demux_004|                                                                       ; 2 (2)       ; 0 (0)                     ; 0 (0)         ; 0           ; 0    ; 0          ; 0            ; 0       ; 0         ; 0    ; 0            ; 0 (0)        ; 0 (0)             ; 2 (2)            ; 0          ; |NIOS2i2c|i2c_oled_ni2:u0|i2c_oled_ni2_mm_interconnect_0:mm_interconnect_0|i2c_oled_ni2_mm_interconnect_0_rsp_demux:rsp_demux_004                                                                                                                                                                                                                                                                                                                         ; i2c_oled_ni2_mm_interconnect_0_rsp_demux             ; i2c_oled_ni2 ;
;          |i2c_oled_ni2_mm_interconnect_0_rsp_demux:rsp_demux_005|                                                                       ; 2 (2)       ; 0 (0)                     ; 0 (0)         ; 0           ; 0    ; 0          ; 0            ; 0       ; 0         ; 0    ; 0            ; 0 (0)        ; 0 (0)             ; 2 (2)            ; 0          ; |NIOS2i2c|i2c_oled_ni2:u0|i2c_oled_ni2_mm_interconnect_0:mm_interconnect_0|i2c_oled_ni2_mm_interconnect_0_rsp_demux:rsp_demux_005                                                                                                                                                                                                                                                                                                                         ; i2c_oled_ni2_mm_interconnect_0_rsp_demux             ; i2c_oled_ni2 ;
;          |i2c_oled_ni2_mm_interconnect_0_rsp_demux:rsp_demux|                                                                           ; 2 (2)       ; 0 (0)                     ; 0 (0)         ; 0           ; 0    ; 0          ; 0            ; 0       ; 0         ; 0    ; 0            ; 0 (0)        ; 0 (0)             ; 2 (2)            ; 0          ; |NIOS2i2c|i2c_oled_ni2:u0|i2c_oled_ni2_mm_interconnect_0:mm_interconnect_0|i2c_oled_ni2_mm_interconnect_0_rsp_demux:rsp_demux                                                                                                                                                                                                                                                                                                                             ; i2c_oled_ni2_mm_interconnect_0_rsp_demux             ; i2c_oled_ni2 ;
;          |i2c_oled_ni2_mm_interconnect_0_rsp_mux:rsp_mux_001|                                                                           ; 3 (3)       ; 0 (0)                     ; 0 (0)         ; 0           ; 0    ; 0          ; 0            ; 0       ; 0         ; 0    ; 0            ; 3 (3)        ; 0 (0)             ; 0 (0)            ; 0          ; |NIOS2i2c|i2c_oled_ni2:u0|i2c_oled_ni2_mm_interconnect_0:mm_interconnect_0|i2c_oled_ni2_mm_interconnect_0_rsp_mux:rsp_mux_001                                                                                                                                                                                                                                                                                                                             ; i2c_oled_ni2_mm_interconnect_0_rsp_mux               ; i2c_oled_ni2 ;
;          |i2c_oled_ni2_mm_interconnect_0_rsp_mux:rsp_mux|                                                                               ; 41 (41)     ; 0 (0)                     ; 0 (0)         ; 0           ; 0    ; 0          ; 0            ; 0       ; 0         ; 0    ; 0            ; 20 (20)      ; 0 (0)             ; 21 (21)          ; 0          ; |NIOS2i2c|i2c_oled_ni2:u0|i2c_oled_ni2_mm_interconnect_0:mm_interconnect_0|i2c_oled_ni2_mm_interconnect_0_rsp_mux:rsp_mux                                                                                                                                                                                                                                                                                                                                 ; i2c_oled_ni2_mm_interconnect_0_rsp_mux               ; i2c_oled_ni2 ;
;       |i2c_oled_ni2_nios2_gen2_0:nios2_gen2_0|                                                                                          ; 1131 (0)    ; 581 (0)                   ; 0 (0)         ; 10240       ; 3    ; 0          ; 0            ; 0       ; 0         ; 0    ; 0            ; 522 (0)      ; 54 (0)            ; 555 (0)          ; 0          ; |NIOS2i2c|i2c_oled_ni2:u0|i2c_oled_ni2_nios2_gen2_0:nios2_gen2_0                                                                                                                                                                                                                                                                                                                                                                                          ; i2c_oled_ni2_nios2_gen2_0                            ; i2c_oled_ni2 ;
;          |i2c_oled_ni2_nios2_gen2_0_cpu:cpu|                                                                                            ; 1131 (741)  ; 581 (310)                 ; 0 (0)         ; 10240       ; 3    ; 0          ; 0            ; 0       ; 0         ; 0    ; 0            ; 522 (403)    ; 54 (5)            ; 555 (333)        ; 0          ; |NIOS2i2c|i2c_oled_ni2:u0|i2c_oled_ni2_nios2_gen2_0:nios2_gen2_0|i2c_oled_ni2_nios2_gen2_0_cpu:cpu                                                                                                                                                                                                                                                                                                                                                        ; i2c_oled_ni2_nios2_gen2_0_cpu                        ; i2c_oled_ni2 ;
;             |i2c_oled_ni2_nios2_gen2_0_cpu_nios2_oci:the_i2c_oled_ni2_nios2_gen2_0_cpu_nios2_oci|                                       ; 390 (87)    ; 271 (80)                  ; 0 (0)         ; 8192        ; 1    ; 0          ; 0            ; 0       ; 0         ; 0    ; 0            ; 119 (7)      ; 49 (4)            ; 222 (76)         ; 0          ; |NIOS2i2c|i2c_oled_ni2:u0|i2c_oled_ni2_nios2_gen2_0:nios2_gen2_0|i2c_oled_ni2_nios2_gen2_0_cpu:cpu|i2c_oled_ni2_nios2_gen2_0_cpu_nios2_oci:the_i2c_oled_ni2_nios2_gen2_0_cpu_nios2_oci                                                                                                                                                                                                                                                                    ; i2c_oled_ni2_nios2_gen2_0_cpu_nios2_oci              ; i2c_oled_ni2 ;
;                |i2c_oled_ni2_nios2_gen2_0_cpu_debug_slave_wrapper:the_i2c_oled_ni2_nios2_gen2_0_cpu_debug_slave_wrapper|                ; 138 (0)     ; 96 (0)                    ; 0 (0)         ; 0           ; 0    ; 0          ; 0            ; 0       ; 0         ; 0    ; 0            ; 42 (0)       ; 42 (0)            ; 54 (0)           ; 0          ; |NIOS2i2c|i2c_oled_ni2:u0|i2c_oled_ni2_nios2_gen2_0:nios2_gen2_0|i2c_oled_ni2_nios2_gen2_0_cpu:cpu|i2c_oled_ni2_nios2_gen2_0_cpu_nios2_oci:the_i2c_oled_ni2_nios2_gen2_0_cpu_nios2_oci|i2c_oled_ni2_nios2_gen2_0_cpu_debug_slave_wrapper:the_i2c_oled_ni2_nios2_gen2_0_cpu_debug_slave_wrapper                                                                                                                                                            ; i2c_oled_ni2_nios2_gen2_0_cpu_debug_slave_wrapper    ; i2c_oled_ni2 ;
;                   |i2c_oled_ni2_nios2_gen2_0_cpu_debug_slave_sysclk:the_i2c_oled_ni2_nios2_gen2_0_cpu_debug_slave_sysclk|               ; 51 (47)     ; 49 (45)                   ; 0 (0)         ; 0           ; 0    ; 0          ; 0            ; 0       ; 0         ; 0    ; 0            ; 2 (2)        ; 36 (33)           ; 13 (12)          ; 0          ; |NIOS2i2c|i2c_oled_ni2:u0|i2c_oled_ni2_nios2_gen2_0:nios2_gen2_0|i2c_oled_ni2_nios2_gen2_0_cpu:cpu|i2c_oled_ni2_nios2_gen2_0_cpu_nios2_oci:the_i2c_oled_ni2_nios2_gen2_0_cpu_nios2_oci|i2c_oled_ni2_nios2_gen2_0_cpu_debug_slave_wrapper:the_i2c_oled_ni2_nios2_gen2_0_cpu_debug_slave_wrapper|i2c_oled_ni2_nios2_gen2_0_cpu_debug_slave_sysclk:the_i2c_oled_ni2_nios2_gen2_0_cpu_debug_slave_sysclk                                                      ; i2c_oled_ni2_nios2_gen2_0_cpu_debug_slave_sysclk     ; i2c_oled_ni2 ;
;                      |altera_std_synchronizer:the_altera_std_synchronizer3|                                                             ; 2 (2)       ; 2 (2)                     ; 0 (0)         ; 0           ; 0    ; 0          ; 0            ; 0       ; 0         ; 0    ; 0            ; 0 (0)        ; 1 (1)             ; 1 (1)            ; 0          ; |NIOS2i2c|i2c_oled_ni2:u0|i2c_oled_ni2_nios2_gen2_0:nios2_gen2_0|i2c_oled_ni2_nios2_gen2_0_cpu:cpu|i2c_oled_ni2_nios2_gen2_0_cpu_nios2_oci:the_i2c_oled_ni2_nios2_gen2_0_cpu_nios2_oci|i2c_oled_ni2_nios2_gen2_0_cpu_debug_slave_wrapper:the_i2c_oled_ni2_nios2_gen2_0_cpu_debug_slave_wrapper|i2c_oled_ni2_nios2_gen2_0_cpu_debug_slave_sysclk:the_i2c_oled_ni2_nios2_gen2_0_cpu_debug_slave_sysclk|altera_std_synchronizer:the_altera_std_synchronizer3 ; altera_std_synchronizer                              ; work         ;
;                      |altera_std_synchronizer:the_altera_std_synchronizer4|                                                             ; 2 (2)       ; 2 (2)                     ; 0 (0)         ; 0           ; 0    ; 0          ; 0            ; 0       ; 0         ; 0    ; 0            ; 0 (0)        ; 2 (2)             ; 0 (0)            ; 0          ; |NIOS2i2c|i2c_oled_ni2:u0|i2c_oled_ni2_nios2_gen2_0:nios2_gen2_0|i2c_oled_ni2_nios2_gen2_0_cpu:cpu|i2c_oled_ni2_nios2_gen2_0_cpu_nios2_oci:the_i2c_oled_ni2_nios2_gen2_0_cpu_nios2_oci|i2c_oled_ni2_nios2_gen2_0_cpu_debug_slave_wrapper:the_i2c_oled_ni2_nios2_gen2_0_cpu_debug_slave_wrapper|i2c_oled_ni2_nios2_gen2_0_cpu_debug_slave_sysclk:the_i2c_oled_ni2_nios2_gen2_0_cpu_debug_slave_sysclk|altera_std_synchronizer:the_altera_std_synchronizer4 ; altera_std_synchronizer                              ; work         ;
;                   |i2c_oled_ni2_nios2_gen2_0_cpu_debug_slave_tck:the_i2c_oled_ni2_nios2_gen2_0_cpu_debug_slave_tck|                     ; 88 (85)     ; 47 (43)                   ; 0 (0)         ; 0           ; 0    ; 0          ; 0            ; 0       ; 0         ; 0    ; 0            ; 37 (37)      ; 6 (3)             ; 45 (45)          ; 0          ; |NIOS2i2c|i2c_oled_ni2:u0|i2c_oled_ni2_nios2_gen2_0:nios2_gen2_0|i2c_oled_ni2_nios2_gen2_0_cpu:cpu|i2c_oled_ni2_nios2_gen2_0_cpu_nios2_oci:the_i2c_oled_ni2_nios2_gen2_0_cpu_nios2_oci|i2c_oled_ni2_nios2_gen2_0_cpu_debug_slave_wrapper:the_i2c_oled_ni2_nios2_gen2_0_cpu_debug_slave_wrapper|i2c_oled_ni2_nios2_gen2_0_cpu_debug_slave_tck:the_i2c_oled_ni2_nios2_gen2_0_cpu_debug_slave_tck                                                            ; i2c_oled_ni2_nios2_gen2_0_cpu_debug_slave_tck        ; i2c_oled_ni2 ;
;                      |altera_std_synchronizer:the_altera_std_synchronizer1|                                                             ; 2 (2)       ; 2 (2)                     ; 0 (0)         ; 0           ; 0    ; 0          ; 0            ; 0       ; 0         ; 0    ; 0            ; 0 (0)        ; 1 (1)             ; 1 (1)            ; 0          ; |NIOS2i2c|i2c_oled_ni2:u0|i2c_oled_ni2_nios2_gen2_0:nios2_gen2_0|i2c_oled_ni2_nios2_gen2_0_cpu:cpu|i2c_oled_ni2_nios2_gen2_0_cpu_nios2_oci:the_i2c_oled_ni2_nios2_gen2_0_cpu_nios2_oci|i2c_oled_ni2_nios2_gen2_0_cpu_debug_slave_wrapper:the_i2c_oled_ni2_nios2_gen2_0_cpu_debug_slave_wrapper|i2c_oled_ni2_nios2_gen2_0_cpu_debug_slave_tck:the_i2c_oled_ni2_nios2_gen2_0_cpu_debug_slave_tck|altera_std_synchronizer:the_altera_std_synchronizer1       ; altera_std_synchronizer                              ; work         ;
;                      |altera_std_synchronizer:the_altera_std_synchronizer2|                                                             ; 2 (2)       ; 2 (2)                     ; 0 (0)         ; 0           ; 0    ; 0          ; 0            ; 0       ; 0         ; 0    ; 0            ; 0 (0)        ; 2 (2)             ; 0 (0)            ; 0          ; |NIOS2i2c|i2c_oled_ni2:u0|i2c_oled_ni2_nios2_gen2_0:nios2_gen2_0|i2c_oled_ni2_nios2_gen2_0_cpu:cpu|i2c_oled_ni2_nios2_gen2_0_cpu_nios2_oci:the_i2c_oled_ni2_nios2_gen2_0_cpu_nios2_oci|i2c_oled_ni2_nios2_gen2_0_cpu_debug_slave_wrapper:the_i2c_oled_ni2_nios2_gen2_0_cpu_debug_slave_wrapper|i2c_oled_ni2_nios2_gen2_0_cpu_debug_slave_tck:the_i2c_oled_ni2_nios2_gen2_0_cpu_debug_slave_tck|altera_std_synchronizer:the_altera_std_synchronizer2       ; altera_std_synchronizer                              ; work         ;
;                   |sld_virtual_jtag_basic:i2c_oled_ni2_nios2_gen2_0_cpu_debug_slave_phy|                                                ; 4 (4)       ; 0 (0)                     ; 0 (0)         ; 0           ; 0    ; 0          ; 0            ; 0       ; 0         ; 0    ; 0            ; 3 (3)        ; 0 (0)             ; 1 (1)            ; 0          ; |NIOS2i2c|i2c_oled_ni2:u0|i2c_oled_ni2_nios2_gen2_0:nios2_gen2_0|i2c_oled_ni2_nios2_gen2_0_cpu:cpu|i2c_oled_ni2_nios2_gen2_0_cpu_nios2_oci:the_i2c_oled_ni2_nios2_gen2_0_cpu_nios2_oci|i2c_oled_ni2_nios2_gen2_0_cpu_debug_slave_wrapper:the_i2c_oled_ni2_nios2_gen2_0_cpu_debug_slave_wrapper|sld_virtual_jtag_basic:i2c_oled_ni2_nios2_gen2_0_cpu_debug_slave_phy                                                                                       ; sld_virtual_jtag_basic                               ; work         ;
;                |i2c_oled_ni2_nios2_gen2_0_cpu_nios2_avalon_reg:the_i2c_oled_ni2_nios2_gen2_0_cpu_nios2_avalon_reg|                      ; 11 (11)     ; 5 (5)                     ; 0 (0)         ; 0           ; 0    ; 0          ; 0            ; 0       ; 0         ; 0    ; 0            ; 6 (6)        ; 0 (0)             ; 5 (5)            ; 0          ; |NIOS2i2c|i2c_oled_ni2:u0|i2c_oled_ni2_nios2_gen2_0:nios2_gen2_0|i2c_oled_ni2_nios2_gen2_0_cpu:cpu|i2c_oled_ni2_nios2_gen2_0_cpu_nios2_oci:the_i2c_oled_ni2_nios2_gen2_0_cpu_nios2_oci|i2c_oled_ni2_nios2_gen2_0_cpu_nios2_avalon_reg:the_i2c_oled_ni2_nios2_gen2_0_cpu_nios2_avalon_reg                                                                                                                                                                  ; i2c_oled_ni2_nios2_gen2_0_cpu_nios2_avalon_reg       ; i2c_oled_ni2 ;
;                |i2c_oled_ni2_nios2_gen2_0_cpu_nios2_oci_break:the_i2c_oled_ni2_nios2_gen2_0_cpu_nios2_oci_break|                        ; 33 (33)     ; 32 (32)                   ; 0 (0)         ; 0           ; 0    ; 0          ; 0            ; 0       ; 0         ; 0    ; 0            ; 0 (0)        ; 0 (0)             ; 33 (33)          ; 0          ; |NIOS2i2c|i2c_oled_ni2:u0|i2c_oled_ni2_nios2_gen2_0:nios2_gen2_0|i2c_oled_ni2_nios2_gen2_0_cpu:cpu|i2c_oled_ni2_nios2_gen2_0_cpu_nios2_oci:the_i2c_oled_ni2_nios2_gen2_0_cpu_nios2_oci|i2c_oled_ni2_nios2_gen2_0_cpu_nios2_oci_break:the_i2c_oled_ni2_nios2_gen2_0_cpu_nios2_oci_break                                                                                                                                                                    ; i2c_oled_ni2_nios2_gen2_0_cpu_nios2_oci_break        ; i2c_oled_ni2 ;
;                |i2c_oled_ni2_nios2_gen2_0_cpu_nios2_oci_debug:the_i2c_oled_ni2_nios2_gen2_0_cpu_nios2_oci_debug|                        ; 11 (9)      ; 9 (7)                     ; 0 (0)         ; 0           ; 0    ; 0          ; 0            ; 0       ; 0         ; 0    ; 0            ; 2 (2)        ; 3 (1)             ; 6 (6)            ; 0          ; |NIOS2i2c|i2c_oled_ni2:u0|i2c_oled_ni2_nios2_gen2_0:nios2_gen2_0|i2c_oled_ni2_nios2_gen2_0_cpu:cpu|i2c_oled_ni2_nios2_gen2_0_cpu_nios2_oci:the_i2c_oled_ni2_nios2_gen2_0_cpu_nios2_oci|i2c_oled_ni2_nios2_gen2_0_cpu_nios2_oci_debug:the_i2c_oled_ni2_nios2_gen2_0_cpu_nios2_oci_debug                                                                                                                                                                    ; i2c_oled_ni2_nios2_gen2_0_cpu_nios2_oci_debug        ; i2c_oled_ni2 ;
;                   |altera_std_synchronizer:the_altera_std_synchronizer|                                                                 ; 2 (2)       ; 2 (2)                     ; 0 (0)         ; 0           ; 0    ; 0          ; 0            ; 0       ; 0         ; 0    ; 0            ; 0 (0)        ; 2 (2)             ; 0 (0)            ; 0          ; |NIOS2i2c|i2c_oled_ni2:u0|i2c_oled_ni2_nios2_gen2_0:nios2_gen2_0|i2c_oled_ni2_nios2_gen2_0_cpu:cpu|i2c_oled_ni2_nios2_gen2_0_cpu_nios2_oci:the_i2c_oled_ni2_nios2_gen2_0_cpu_nios2_oci|i2c_oled_ni2_nios2_gen2_0_cpu_nios2_oci_debug:the_i2c_oled_ni2_nios2_gen2_0_cpu_nios2_oci_debug|altera_std_synchronizer:the_altera_std_synchronizer                                                                                                                ; altera_std_synchronizer                              ; work         ;
;                |i2c_oled_ni2_nios2_gen2_0_cpu_nios2_ocimem:the_i2c_oled_ni2_nios2_gen2_0_cpu_nios2_ocimem|                              ; 114 (114)   ; 49 (49)                   ; 0 (0)         ; 8192        ; 1    ; 0          ; 0            ; 0       ; 0         ; 0    ; 0            ; 62 (62)      ; 0 (0)             ; 52 (52)          ; 0          ; |NIOS2i2c|i2c_oled_ni2:u0|i2c_oled_ni2_nios2_gen2_0:nios2_gen2_0|i2c_oled_ni2_nios2_gen2_0_cpu:cpu|i2c_oled_ni2_nios2_gen2_0_cpu_nios2_oci:the_i2c_oled_ni2_nios2_gen2_0_cpu_nios2_oci|i2c_oled_ni2_nios2_gen2_0_cpu_nios2_ocimem:the_i2c_oled_ni2_nios2_gen2_0_cpu_nios2_ocimem                                                                                                                                                                          ; i2c_oled_ni2_nios2_gen2_0_cpu_nios2_ocimem           ; i2c_oled_ni2 ;
;                   |i2c_oled_ni2_nios2_gen2_0_cpu_ociram_sp_ram_module:i2c_oled_ni2_nios2_gen2_0_cpu_ociram_sp_ram|                      ; 0 (0)       ; 0 (0)                     ; 0 (0)         ; 8192        ; 1    ; 0          ; 0            ; 0       ; 0         ; 0    ; 0            ; 0 (0)        ; 0 (0)             ; 0 (0)            ; 0          ; |NIOS2i2c|i2c_oled_ni2:u0|i2c_oled_ni2_nios2_gen2_0:nios2_gen2_0|i2c_oled_ni2_nios2_gen2_0_cpu:cpu|i2c_oled_ni2_nios2_gen2_0_cpu_nios2_oci:the_i2c_oled_ni2_nios2_gen2_0_cpu_nios2_oci|i2c_oled_ni2_nios2_gen2_0_cpu_nios2_ocimem:the_i2c_oled_ni2_nios2_gen2_0_cpu_nios2_ocimem|i2c_oled_ni2_nios2_gen2_0_cpu_ociram_sp_ram_module:i2c_oled_ni2_nios2_gen2_0_cpu_ociram_sp_ram                                                                           ; i2c_oled_ni2_nios2_gen2_0_cpu_ociram_sp_ram_module   ; i2c_oled_ni2 ;
;                      |altsyncram:the_altsyncram|                                                                                        ; 0 (0)       ; 0 (0)                     ; 0 (0)         ; 8192        ; 1    ; 0          ; 0            ; 0       ; 0         ; 0    ; 0            ; 0 (0)        ; 0 (0)             ; 0 (0)            ; 0          ; |NIOS2i2c|i2c_oled_ni2:u0|i2c_oled_ni2_nios2_gen2_0:nios2_gen2_0|i2c_oled_ni2_nios2_gen2_0_cpu:cpu|i2c_oled_ni2_nios2_gen2_0_cpu_nios2_oci:the_i2c_oled_ni2_nios2_gen2_0_cpu_nios2_oci|i2c_oled_ni2_nios2_gen2_0_cpu_nios2_ocimem:the_i2c_oled_ni2_nios2_gen2_0_cpu_nios2_ocimem|i2c_oled_ni2_nios2_gen2_0_cpu_ociram_sp_ram_module:i2c_oled_ni2_nios2_gen2_0_cpu_ociram_sp_ram|altsyncram:the_altsyncram                                                 ; altsyncram                                           ; work         ;
;                         |altsyncram_0n61:auto_generated|                                                                                ; 0 (0)       ; 0 (0)                     ; 0 (0)         ; 8192        ; 1    ; 0          ; 0            ; 0       ; 0         ; 0    ; 0            ; 0 (0)        ; 0 (0)             ; 0 (0)            ; 0          ; |NIOS2i2c|i2c_oled_ni2:u0|i2c_oled_ni2_nios2_gen2_0:nios2_gen2_0|i2c_oled_ni2_nios2_gen2_0_cpu:cpu|i2c_oled_ni2_nios2_gen2_0_cpu_nios2_oci:the_i2c_oled_ni2_nios2_gen2_0_cpu_nios2_oci|i2c_oled_ni2_nios2_gen2_0_cpu_nios2_ocimem:the_i2c_oled_ni2_nios2_gen2_0_cpu_nios2_ocimem|i2c_oled_ni2_nios2_gen2_0_cpu_ociram_sp_ram_module:i2c_oled_ni2_nios2_gen2_0_cpu_ociram_sp_ram|altsyncram:the_altsyncram|altsyncram_0n61:auto_generated                  ; altsyncram_0n61                                      ; work         ;
;             |i2c_oled_ni2_nios2_gen2_0_cpu_register_bank_a_module:i2c_oled_ni2_nios2_gen2_0_cpu_register_bank_a|                        ; 0 (0)       ; 0 (0)                     ; 0 (0)         ; 1024        ; 1    ; 0          ; 0            ; 0       ; 0         ; 0    ; 0            ; 0 (0)        ; 0 (0)             ; 0 (0)            ; 0          ; |NIOS2i2c|i2c_oled_ni2:u0|i2c_oled_ni2_nios2_gen2_0:nios2_gen2_0|i2c_oled_ni2_nios2_gen2_0_cpu:cpu|i2c_oled_ni2_nios2_gen2_0_cpu_register_bank_a_module:i2c_oled_ni2_nios2_gen2_0_cpu_register_bank_a                                                                                                                                                                                                                                                     ; i2c_oled_ni2_nios2_gen2_0_cpu_register_bank_a_module ; i2c_oled_ni2 ;
;                |altsyncram:the_altsyncram|                                                                                              ; 0 (0)       ; 0 (0)                     ; 0 (0)         ; 1024        ; 1    ; 0          ; 0            ; 0       ; 0         ; 0    ; 0            ; 0 (0)        ; 0 (0)             ; 0 (0)            ; 0          ; |NIOS2i2c|i2c_oled_ni2:u0|i2c_oled_ni2_nios2_gen2_0:nios2_gen2_0|i2c_oled_ni2_nios2_gen2_0_cpu:cpu|i2c_oled_ni2_nios2_gen2_0_cpu_register_bank_a_module:i2c_oled_ni2_nios2_gen2_0_cpu_register_bank_a|altsyncram:the_altsyncram                                                                                                                                                                                                                           ; altsyncram                                           ; work         ;
;                   |altsyncram_s0c1:auto_generated|                                                                                      ; 0 (0)       ; 0 (0)                     ; 0 (0)         ; 1024        ; 1    ; 0          ; 0            ; 0       ; 0         ; 0    ; 0            ; 0 (0)        ; 0 (0)             ; 0 (0)            ; 0          ; |NIOS2i2c|i2c_oled_ni2:u0|i2c_oled_ni2_nios2_gen2_0:nios2_gen2_0|i2c_oled_ni2_nios2_gen2_0_cpu:cpu|i2c_oled_ni2_nios2_gen2_0_cpu_register_bank_a_module:i2c_oled_ni2_nios2_gen2_0_cpu_register_bank_a|altsyncram:the_altsyncram|altsyncram_s0c1:auto_generated                                                                                                                                                                                            ; altsyncram_s0c1                                      ; work         ;
;             |i2c_oled_ni2_nios2_gen2_0_cpu_register_bank_b_module:i2c_oled_ni2_nios2_gen2_0_cpu_register_bank_b|                        ; 0 (0)       ; 0 (0)                     ; 0 (0)         ; 1024        ; 1    ; 0          ; 0            ; 0       ; 0         ; 0    ; 0            ; 0 (0)        ; 0 (0)             ; 0 (0)            ; 0          ; |NIOS2i2c|i2c_oled_ni2:u0|i2c_oled_ni2_nios2_gen2_0:nios2_gen2_0|i2c_oled_ni2_nios2_gen2_0_cpu:cpu|i2c_oled_ni2_nios2_gen2_0_cpu_register_bank_b_module:i2c_oled_ni2_nios2_gen2_0_cpu_register_bank_b                                                                                                                                                                                                                                                     ; i2c_oled_ni2_nios2_gen2_0_cpu_register_bank_b_module ; i2c_oled_ni2 ;
;                |altsyncram:the_altsyncram|                                                                                              ; 0 (0)       ; 0 (0)                     ; 0 (0)         ; 1024        ; 1    ; 0          ; 0            ; 0       ; 0         ; 0    ; 0            ; 0 (0)        ; 0 (0)             ; 0 (0)            ; 0          ; |NIOS2i2c|i2c_oled_ni2:u0|i2c_oled_ni2_nios2_gen2_0:nios2_gen2_0|i2c_oled_ni2_nios2_gen2_0_cpu:cpu|i2c_oled_ni2_nios2_gen2_0_cpu_register_bank_b_module:i2c_oled_ni2_nios2_gen2_0_cpu_register_bank_b|altsyncram:the_altsyncram                                                                                                                                                                                                                           ; altsyncram                                           ; work         ;
;                   |altsyncram_s0c1:auto_generated|                                                                                      ; 0 (0)       ; 0 (0)                     ; 0 (0)         ; 1024        ; 1    ; 0          ; 0            ; 0       ; 0         ; 0    ; 0            ; 0 (0)        ; 0 (0)             ; 0 (0)            ; 0          ; |NIOS2i2c|i2c_oled_ni2:u0|i2c_oled_ni2_nios2_gen2_0:nios2_gen2_0|i2c_oled_ni2_nios2_gen2_0_cpu:cpu|i2c_oled_ni2_nios2_gen2_0_cpu_register_bank_b_module:i2c_oled_ni2_nios2_gen2_0_cpu_register_bank_b|altsyncram:the_altsyncram|altsyncram_s0c1:auto_generated                                                                                                                                                                                            ; altsyncram_s0c1                                      ; work         ;
;       |i2c_oled_ni2_onchip_memory2_0:onchip_memory2_0|                                                                                  ; 1 (1)       ; 0 (0)                     ; 0 (0)         ; 128000      ; 16   ; 0          ; 0            ; 0       ; 0         ; 0    ; 0            ; 1 (1)        ; 0 (0)             ; 0 (0)            ; 0          ; |NIOS2i2c|i2c_oled_ni2:u0|i2c_oled_ni2_onchip_memory2_0:onchip_memory2_0                                                                                                                                                                                                                                                                                                                                                                                  ; i2c_oled_ni2_onchip_memory2_0                        ; i2c_oled_ni2 ;
;          |altsyncram:the_altsyncram|                                                                                                    ; 0 (0)       ; 0 (0)                     ; 0 (0)         ; 128000      ; 16   ; 0          ; 0            ; 0       ; 0         ; 0    ; 0            ; 0 (0)        ; 0 (0)             ; 0 (0)            ; 0          ; |NIOS2i2c|i2c_oled_ni2:u0|i2c_oled_ni2_onchip_memory2_0:onchip_memory2_0|altsyncram:the_altsyncram                                                                                                                                                                                                                                                                                                                                                        ; altsyncram                                           ; work         ;
;             |altsyncram_okc1:auto_generated|                                                                                            ; 0 (0)       ; 0 (0)                     ; 0 (0)         ; 128000      ; 16   ; 0          ; 0            ; 0       ; 0         ; 0    ; 0            ; 0 (0)        ; 0 (0)             ; 0 (0)            ; 0          ; |NIOS2i2c|i2c_oled_ni2:u0|i2c_oled_ni2_onchip_memory2_0:onchip_memory2_0|altsyncram:the_altsyncram|altsyncram_okc1:auto_generated                                                                                                                                                                                                                                                                                                                         ; altsyncram_okc1                                      ; work         ;
;       |i2c_oled_ni2_pio_0:pio_0|                                                                                                        ; 12 (12)     ; 4 (4)                     ; 0 (0)         ; 0           ; 0    ; 0          ; 0            ; 0       ; 0         ; 0    ; 0            ; 4 (4)        ; 4 (4)             ; 4 (4)            ; 0          ; |NIOS2i2c|i2c_oled_ni2:u0|i2c_oled_ni2_pio_0:pio_0                                                                                                                                                                                                                                                                                                                                                                                                        ; i2c_oled_ni2_pio_0                                   ; i2c_oled_ni2 ;
;       |i2c_oled_ni2_uart_0:uart_0|                                                                                                      ; 143 (0)     ; 92 (0)                    ; 0 (0)         ; 0           ; 0    ; 0          ; 0            ; 0       ; 0         ; 0    ; 0            ; 51 (0)       ; 11 (0)            ; 81 (0)           ; 0          ; |NIOS2i2c|i2c_oled_ni2:u0|i2c_oled_ni2_uart_0:uart_0                                                                                                                                                                                                                                                                                                                                                                                                      ; i2c_oled_ni2_uart_0                                  ; i2c_oled_ni2 ;
;          |i2c_oled_ni2_uart_0_regs:the_i2c_oled_ni2_uart_0_regs|                                                                        ; 54 (54)     ; 29 (29)                   ; 0 (0)         ; 0           ; 0    ; 0          ; 0            ; 0       ; 0         ; 0    ; 0            ; 17 (17)      ; 8 (8)             ; 29 (29)          ; 0          ; |NIOS2i2c|i2c_oled_ni2:u0|i2c_oled_ni2_uart_0:uart_0|i2c_oled_ni2_uart_0_regs:the_i2c_oled_ni2_uart_0_regs                                                                                                                                                                                                                                                                                                                                                ; i2c_oled_ni2_uart_0_regs                             ; i2c_oled_ni2 ;
;          |i2c_oled_ni2_uart_0_rx:the_i2c_oled_ni2_uart_0_rx|                                                                            ; 59 (57)     ; 37 (35)                   ; 0 (0)         ; 0           ; 0    ; 0          ; 0            ; 0       ; 0         ; 0    ; 0            ; 22 (22)      ; 3 (1)             ; 34 (34)          ; 0          ; |NIOS2i2c|i2c_oled_ni2:u0|i2c_oled_ni2_uart_0:uart_0|i2c_oled_ni2_uart_0_rx:the_i2c_oled_ni2_uart_0_rx                                                                                                                                                                                                                                                                                                                                                    ; i2c_oled_ni2_uart_0_rx                               ; i2c_oled_ni2 ;
;             |altera_std_synchronizer:the_altera_std_synchronizer|                                                                       ; 2 (2)       ; 2 (2)                     ; 0 (0)         ; 0           ; 0    ; 0          ; 0            ; 0       ; 0         ; 0    ; 0            ; 0 (0)        ; 2 (2)             ; 0 (0)            ; 0          ; |NIOS2i2c|i2c_oled_ni2:u0|i2c_oled_ni2_uart_0:uart_0|i2c_oled_ni2_uart_0_rx:the_i2c_oled_ni2_uart_0_rx|altera_std_synchronizer:the_altera_std_synchronizer                                                                                                                                                                                                                                                                                                ; altera_std_synchronizer                              ; work         ;
;          |i2c_oled_ni2_uart_0_tx:the_i2c_oled_ni2_uart_0_tx|                                                                            ; 38 (38)     ; 26 (26)                   ; 0 (0)         ; 0           ; 0    ; 0          ; 0            ; 0       ; 0         ; 0    ; 0            ; 12 (12)      ; 0 (0)             ; 26 (26)          ; 0          ; |NIOS2i2c|i2c_oled_ni2:u0|i2c_oled_ni2_uart_0:uart_0|i2c_oled_ni2_uart_0_tx:the_i2c_oled_ni2_uart_0_tx                                                                                                                                                                                                                                                                                                                                                    ; i2c_oled_ni2_uart_0_tx                               ; i2c_oled_ni2 ;
;    |sld_hub:auto_hub|                                                                                                                   ; 166 (1)     ; 85 (0)                    ; 0 (0)         ; 0           ; 0    ; 0          ; 0            ; 0       ; 0         ; 0    ; 0            ; 81 (1)       ; 16 (0)            ; 69 (0)           ; 0          ; |NIOS2i2c|sld_hub:auto_hub                                                                                                                                                                                                                                                                                                                                                                                                                                ; sld_hub                                              ; altera_sld   ;
;       |alt_sld_fab_with_jtag_input:\instrumentation_fabric_with_node_gen:fabric_gen_new_way:with_jtag_input_gen:instrumentation_fabric| ; 165 (0)     ; 85 (0)                    ; 0 (0)         ; 0           ; 0    ; 0          ; 0            ; 0       ; 0         ; 0    ; 0            ; 80 (0)       ; 16 (0)            ; 69 (0)           ; 0          ; |NIOS2i2c|sld_hub:auto_hub|alt_sld_fab_with_jtag_input:\instrumentation_fabric_with_node_gen:fabric_gen_new_way:with_jtag_input_gen:instrumentation_fabric                                                                                                                                                                                                                                                                                                ; alt_sld_fab_with_jtag_input                          ; altera_sld   ;
;          |alt_sld_fab:instrumentation_fabric|                                                                                           ; 165 (0)     ; 85 (0)                    ; 0 (0)         ; 0           ; 0    ; 0          ; 0            ; 0       ; 0         ; 0    ; 0            ; 80 (0)       ; 16 (0)            ; 69 (0)           ; 0          ; |NIOS2i2c|sld_hub:auto_hub|alt_sld_fab_with_jtag_input:\instrumentation_fabric_with_node_gen:fabric_gen_new_way:with_jtag_input_gen:instrumentation_fabric|alt_sld_fab:instrumentation_fabric                                                                                                                                                                                                                                                             ; alt_sld_fab                                          ; alt_sld_fab  ;
;             |alt_sld_fab_alt_sld_fab:alt_sld_fab|                                                                                       ; 165 (7)     ; 85 (6)                    ; 0 (0)         ; 0           ; 0    ; 0          ; 0            ; 0       ; 0         ; 0    ; 0            ; 80 (1)       ; 16 (4)            ; 69 (0)           ; 0          ; |NIOS2i2c|sld_hub:auto_hub|alt_sld_fab_with_jtag_input:\instrumentation_fabric_with_node_gen:fabric_gen_new_way:with_jtag_input_gen:instrumentation_fabric|alt_sld_fab:instrumentation_fabric|alt_sld_fab_alt_sld_fab:alt_sld_fab                                                                                                                                                                                                                         ; alt_sld_fab_alt_sld_fab                              ; alt_sld_fab  ;
;                |alt_sld_fab_alt_sld_fab_sldfabric:sldfabric|                                                                            ; 160 (0)     ; 79 (0)                    ; 0 (0)         ; 0           ; 0    ; 0          ; 0            ; 0       ; 0         ; 0    ; 0            ; 79 (0)       ; 12 (0)            ; 69 (0)           ; 0          ; |NIOS2i2c|sld_hub:auto_hub|alt_sld_fab_with_jtag_input:\instrumentation_fabric_with_node_gen:fabric_gen_new_way:with_jtag_input_gen:instrumentation_fabric|alt_sld_fab:instrumentation_fabric|alt_sld_fab_alt_sld_fab:alt_sld_fab|alt_sld_fab_alt_sld_fab_sldfabric:sldfabric                                                                                                                                                                             ; alt_sld_fab_alt_sld_fab_sldfabric                    ; alt_sld_fab  ;
;                   |sld_jtag_hub:\jtag_hub_gen:real_sld_jtag_hub|                                                                        ; 160 (116)   ; 79 (51)                   ; 0 (0)         ; 0           ; 0    ; 0          ; 0            ; 0       ; 0         ; 0    ; 0            ; 79 (63)      ; 12 (11)           ; 69 (43)          ; 0          ; |NIOS2i2c|sld_hub:auto_hub|alt_sld_fab_with_jtag_input:\instrumentation_fabric_with_node_gen:fabric_gen_new_way:with_jtag_input_gen:instrumentation_fabric|alt_sld_fab:instrumentation_fabric|alt_sld_fab_alt_sld_fab:alt_sld_fab|alt_sld_fab_alt_sld_fab_sldfabric:sldfabric|sld_jtag_hub:\jtag_hub_gen:real_sld_jtag_hub                                                                                                                                ; sld_jtag_hub                                         ; work         ;
;                      |sld_rom_sr:hub_info_reg|                                                                                          ; 24 (24)     ; 9 (9)                     ; 0 (0)         ; 0           ; 0    ; 0          ; 0            ; 0       ; 0         ; 0    ; 0            ; 15 (15)      ; 0 (0)             ; 9 (9)            ; 0          ; |NIOS2i2c|sld_hub:auto_hub|alt_sld_fab_with_jtag_input:\instrumentation_fabric_with_node_gen:fabric_gen_new_way:with_jtag_input_gen:instrumentation_fabric|alt_sld_fab:instrumentation_fabric|alt_sld_fab_alt_sld_fab:alt_sld_fab|alt_sld_fab_alt_sld_fab_sldfabric:sldfabric|sld_jtag_hub:\jtag_hub_gen:real_sld_jtag_hub|sld_rom_sr:hub_info_reg                                                                                                        ; sld_rom_sr                                           ; work         ;
;                      |sld_shadow_jsm:shadow_jsm|                                                                                        ; 20 (20)     ; 19 (19)                   ; 0 (0)         ; 0           ; 0    ; 0          ; 0            ; 0       ; 0         ; 0    ; 0            ; 1 (1)        ; 1 (1)             ; 18 (18)          ; 0          ; |NIOS2i2c|sld_hub:auto_hub|alt_sld_fab_with_jtag_input:\instrumentation_fabric_with_node_gen:fabric_gen_new_way:with_jtag_input_gen:instrumentation_fabric|alt_sld_fab:instrumentation_fabric|alt_sld_fab_alt_sld_fab:alt_sld_fab|alt_sld_fab_alt_sld_fab_sldfabric:sldfabric|sld_jtag_hub:\jtag_hub_gen:real_sld_jtag_hub|sld_shadow_jsm:shadow_jsm                                                                                                      ; sld_shadow_jsm                                       ; altera_sld   ;
+-----------------------------------------------------------------------------------------------------------------------------------------+-------------+---------------------------+---------------+-------------+------+------------+--------------+---------+-----------+------+--------------+--------------+-------------------+------------------+------------+-----------------------------------------------------------------------------------------------------------------------------------------------------------------------------------------------------------------------------------------------------------------------------------------------------------------------------------------------------------------------------------------------------------------------------------------------------------+------------------------------------------------------+--------------+
Note: For table entries with two numbers listed, the numbers in parentheses indicate the number of resources of the given type used by the specific entity alone. The numbers listed outside of parentheses indicate the total resources of the given type used by the specific entity and all of its sub-entities in the hierarchy.


+------------------------------------------------------------------------------------------------+
; Delay Chain Summary                                                                            ;
+----------------+----------+---------------+---------------+-----------------------+-----+------+
; Name           ; Pin Type ; Pad to Core 0 ; Pad to Core 1 ; Pad to Input Register ; TCO ; TCOE ;
+----------------+----------+---------------+---------------+-----------------------+-----+------+
; uart_txd       ; Output   ; --            ; --            ; --                    ; --  ; --   ;
; leds_export[0] ; Output   ; --            ; --            ; --                    ; --  ; --   ;
; leds_export[1] ; Output   ; --            ; --            ; --                    ; --  ; --   ;
; leds_export[2] ; Output   ; --            ; --            ; --                    ; --  ; --   ;
; leds_export[3] ; Output   ; --            ; --            ; --                    ; --  ; --   ;
; I2C_SCL        ; Bidir    ; (6) 873 ps    ; --            ; --                    ; --  ; --   ;
; I2C_SDA        ; Bidir    ; (6) 873 ps    ; --            ; --                    ; --  ; --   ;
; clk_clk        ; Input    ; (0) 0 ps      ; --            ; --                    ; --  ; --   ;
; uart_rxd       ; Input    ; --            ; (6) 873 ps    ; --                    ; --  ; --   ;
+----------------+----------+---------------+---------------+-----------------------+-----+------+


+-----------------------------------------------------------------------------------------------------------------------------------------------------------------------------------------------------+
; Pad To Core Delay Chain Fanout                                                                                                                                                                      ;
+-----------------------------------------------------------------------------------------------------------------------------------------------------------------------+-------------------+---------+
; Source Pin / Fanout                                                                                                                                                   ; Pad To Core Index ; Setting ;
+-----------------------------------------------------------------------------------------------------------------------------------------------------------------------+-------------------+---------+
; I2C_SCL                                                                                                                                                               ;                   ;         ;
;      - i2c_oled_ni2:u0|altera_avalon_i2c:i2c_0|altera_avalon_i2c_spksupp:u_spksupp|scl_doublesync_a~0                                                                 ; 0                 ; 6       ;
; I2C_SDA                                                                                                                                                               ;                   ;         ;
;      - i2c_oled_ni2:u0|altera_avalon_i2c:i2c_0|altera_avalon_i2c_spksupp:u_spksupp|sda_doublesync_a~0                                                                 ; 0                 ; 6       ;
; clk_clk                                                                                                                                                               ;                   ;         ;
; uart_rxd                                                                                                                                                              ;                   ;         ;
;      - i2c_oled_ni2:u0|i2c_oled_ni2_uart_0:uart_0|i2c_oled_ni2_uart_0_rx:the_i2c_oled_ni2_uart_0_rx|altera_std_synchronizer:the_altera_std_synchronizer|din_s1~feeder ; 1                 ; 6       ;
+-----------------------------------------------------------------------------------------------------------------------------------------------------------------------+-------------------+---------+


+--------------------------------------------------------------------------------------------------------------------------------------------------------------------------------------------------------------------------------------------------------------------------------------------------------------------------------------------------------------------------------------------------------------------------------------------------------------------------------------------------------------------------------------------------------------+
; Control Signals                                                                                                                                                                                                                                                                                                                                                                                                                                                                                                                                              ;
+-------------------------------------------------------------------------------------------------------------------------------------------------------------------------------------------------------------------------------------------------------------------------------------------------------------------------------------------------------------------------------------------------------------------+--------------------+---------+----------------------------+--------+----------------------+------------------+---------------------------+
; Name                                                                                                                                                                                                                                                                                                                                                                                                              ; Location           ; Fan-Out ; Usage                      ; Global ; Global Resource Used ; Global Line Name ; Enable Signal Source Name ;
+-------------------------------------------------------------------------------------------------------------------------------------------------------------------------------------------------------------------------------------------------------------------------------------------------------------------------------------------------------------------------------------------------------------------+--------------------+---------+----------------------------+--------+----------------------+------------------+---------------------------+
; altera_internal_jtag~TCKUTAP                                                                                                                                                                                                                                                                                                                                                                                      ; JTAG_X10_Y11_N0    ; 171     ; Clock                      ; yes    ; Global Clock         ; GCLK4            ; --                        ;
; altera_internal_jtag~TMSUTAP                                                                                                                                                                                                                                                                                                                                                                                      ; JTAG_X10_Y11_N0    ; 22      ; Sync. clear                ; no     ; --                   ; --               ; --                        ;
; clk_clk                                                                                                                                                                                                                                                                                                                                                                                                           ; PIN_26             ; 1169    ; Clock                      ; yes    ; Global Clock         ; GCLK2            ; --                        ;
; i2c_oled_ni2:u0|altera_avalon_i2c:i2c_0|altera_avalon_i2c_clk_cnt:u_clk_cnt|clk_cnt[1]~18                                                                                                                                                                                                                                                                                                                         ; LCCOMB_X19_Y18_N28 ; 16      ; Sync. load                 ; no     ; --                   ; --               ; --                        ;
; i2c_oled_ni2:u0|altera_avalon_i2c:i2c_0|altera_avalon_i2c_clk_cnt:u_clk_cnt|clk_cnt[1]~22                                                                                                                                                                                                                                                                                                                         ; LCCOMB_X18_Y20_N22 ; 16      ; Clock enable               ; no     ; --                   ; --               ; --                        ;
; i2c_oled_ni2:u0|altera_avalon_i2c:i2c_0|altera_avalon_i2c_condt_det:u_condt_det|mst_arb_lost_reg                                                                                                                                                                                                                                                                                                                  ; FF_X22_Y22_N21     ; 10      ; Sync. load                 ; no     ; --                   ; --               ; --                        ;
; i2c_oled_ni2:u0|altera_avalon_i2c:i2c_0|altera_avalon_i2c_csr:u_csr|ctrl_wren~0                                                                                                                                                                                                                                                                                                                                   ; LCCOMB_X19_Y17_N10 ; 6       ; Clock enable               ; no     ; --                   ; --               ; --                        ;
; i2c_oled_ni2:u0|altera_avalon_i2c:i2c_0|altera_avalon_i2c_csr:u_csr|iser_wren~1                                                                                                                                                                                                                                                                                                                                   ; LCCOMB_X20_Y18_N14 ; 5       ; Clock enable               ; no     ; --                   ; --               ; --                        ;
; i2c_oled_ni2:u0|altera_avalon_i2c:i2c_0|altera_avalon_i2c_csr:u_csr|scl_high_wren~0                                                                                                                                                                                                                                                                                                                               ; LCCOMB_X20_Y18_N26 ; 16      ; Clock enable               ; no     ; --                   ; --               ; --                        ;
; i2c_oled_ni2:u0|altera_avalon_i2c:i2c_0|altera_avalon_i2c_csr:u_csr|scl_low_wren~1                                                                                                                                                                                                                                                                                                                                ; LCCOMB_X20_Y17_N30 ; 16      ; Clock enable               ; no     ; --                   ; --               ; --                        ;
; i2c_oled_ni2:u0|altera_avalon_i2c:i2c_0|altera_avalon_i2c_csr:u_csr|sda_hold_wren~0                                                                                                                                                                                                                                                                                                                               ; LCCOMB_X19_Y17_N16 ; 16      ; Clock enable               ; no     ; --                   ; --               ; --                        ;
; i2c_oled_ni2:u0|altera_avalon_i2c:i2c_0|altera_avalon_i2c_fifo:u_rxfifo|internal_used[1]~5                                                                                                                                                                                                                                                                                                                        ; LCCOMB_X23_Y17_N30 ; 3       ; Clock enable               ; no     ; --                   ; --               ; --                        ;
; i2c_oled_ni2:u0|altera_avalon_i2c:i2c_0|altera_avalon_i2c_fifo:u_txfifo|internal_used[1]~7                                                                                                                                                                                                                                                                                                                        ; LCCOMB_X22_Y18_N16 ; 3       ; Clock enable               ; no     ; --                   ; --               ; --                        ;
; i2c_oled_ni2:u0|altera_avalon_i2c:i2c_0|altera_avalon_i2c_fifo:u_txfifo|read_address[0]~4                                                                                                                                                                                                                                                                                                                         ; LCCOMB_X23_Y20_N10 ; 2       ; Clock enable               ; no     ; --                   ; --               ; --                        ;
; i2c_oled_ni2:u0|altera_avalon_i2c:i2c_0|altera_avalon_i2c_mstfsm:u_mstfsm|Selector3~2                                                                                                                                                                                                                                                                                                                             ; LCCOMB_X23_Y18_N16 ; 15      ; Clock enable               ; no     ; --                   ; --               ; --                        ;
; i2c_oled_ni2:u0|altera_avalon_i2c:i2c_0|altera_avalon_i2c_spksupp:u_spksupp|scl_clear_cnt~0                                                                                                                                                                                                                                                                                                                       ; LCCOMB_X25_Y20_N10 ; 8       ; Sync. clear                ; no     ; --                   ; --               ; --                        ;
; i2c_oled_ni2:u0|altera_avalon_i2c:i2c_0|altera_avalon_i2c_spksupp:u_spksupp|sda_clear_cnt~0                                                                                                                                                                                                                                                                                                                       ; LCCOMB_X13_Y21_N10 ; 8       ; Sync. clear                ; no     ; --                   ; --               ; --                        ;
; i2c_oled_ni2:u0|altera_avalon_i2c:i2c_0|put_rxfifo                                                                                                                                                                                                                                                                                                                                                                ; LCCOMB_X23_Y17_N18 ; 5       ; Write enable               ; no     ; --                   ; --               ; --                        ;
; i2c_oled_ni2:u0|altera_avalon_i2c:i2c_0|put_txfifo~0                                                                                                                                                                                                                                                                                                                                                              ; LCCOMB_X23_Y18_N12 ; 6       ; Write enable               ; no     ; --                   ; --               ; --                        ;
; i2c_oled_ni2:u0|altera_reset_controller:rst_controller|r_early_rst                                                                                                                                                                                                                                                                                                                                                ; FF_X13_Y12_N9      ; 17      ; Clock enable               ; no     ; --                   ; --               ; --                        ;
; i2c_oled_ni2:u0|altera_reset_controller:rst_controller|r_sync_rst                                                                                                                                                                                                                                                                                                                                                 ; FF_X13_Y12_N1      ; 911     ; Async. clear               ; yes    ; Global Clock         ; GCLK7            ; --                        ;
; i2c_oled_ni2:u0|i2c_oled_ni2_jtag_uart_0:jtag_uart_0|alt_jtag_atlantic:i2c_oled_ni2_jtag_uart_0_alt_jtag_atlantic|r_ena~0                                                                                                                                                                                                                                                                                         ; LCCOMB_X12_Y13_N28 ; 1       ; Clock enable               ; no     ; --                   ; --               ; --                        ;
; i2c_oled_ni2:u0|i2c_oled_ni2_jtag_uart_0:jtag_uart_0|alt_jtag_atlantic:i2c_oled_ni2_jtag_uart_0_alt_jtag_atlantic|td_shift[0]~4                                                                                                                                                                                                                                                                                   ; LCCOMB_X11_Y12_N30 ; 21      ; Clock enable               ; no     ; --                   ; --               ; --                        ;
; i2c_oled_ni2:u0|i2c_oled_ni2_jtag_uart_0:jtag_uart_0|alt_jtag_atlantic:i2c_oled_ni2_jtag_uart_0_alt_jtag_atlantic|wdata[1]~3                                                                                                                                                                                                                                                                                      ; LCCOMB_X11_Y12_N20 ; 8       ; Clock enable               ; no     ; --                   ; --               ; --                        ;
; i2c_oled_ni2:u0|i2c_oled_ni2_jtag_uart_0:jtag_uart_0|alt_jtag_atlantic:i2c_oled_ni2_jtag_uart_0_alt_jtag_atlantic|write_stalled~3                                                                                                                                                                                                                                                                                 ; LCCOMB_X11_Y12_N2  ; 5       ; Clock enable               ; no     ; --                   ; --               ; --                        ;
; i2c_oled_ni2:u0|i2c_oled_ni2_jtag_uart_0:jtag_uart_0|fifo_rd~1                                                                                                                                                                                                                                                                                                                                                    ; LCCOMB_X16_Y10_N8  ; 11      ; Clock enable               ; no     ; --                   ; --               ; --                        ;
; i2c_oled_ni2:u0|i2c_oled_ni2_jtag_uart_0:jtag_uart_0|fifo_wr                                                                                                                                                                                                                                                                                                                                                      ; FF_X15_Y11_N19     ; 15      ; Clock enable, Write enable ; no     ; --                   ; --               ; --                        ;
; i2c_oled_ni2:u0|i2c_oled_ni2_jtag_uart_0:jtag_uart_0|i2c_oled_ni2_jtag_uart_0_scfifo_r:the_i2c_oled_ni2_jtag_uart_0_scfifo_r|scfifo:rfifo|scfifo_9621:auto_generated|a_dpfifo_bb01:dpfifo|a_fefifo_7cf:fifo_state|_~4                                                                                                                                                                                             ; LCCOMB_X22_Y11_N14 ; 6       ; Clock enable               ; no     ; --                   ; --               ; --                        ;
; i2c_oled_ni2:u0|i2c_oled_ni2_jtag_uart_0:jtag_uart_0|i2c_oled_ni2_jtag_uart_0_scfifo_w:the_i2c_oled_ni2_jtag_uart_0_scfifo_w|scfifo:wfifo|scfifo_9621:auto_generated|a_dpfifo_bb01:dpfifo|a_fefifo_7cf:fifo_state|_~0                                                                                                                                                                                             ; LCCOMB_X15_Y11_N26 ; 6       ; Clock enable               ; no     ; --                   ; --               ; --                        ;
; i2c_oled_ni2:u0|i2c_oled_ni2_jtag_uart_0:jtag_uart_0|ien_AE~0                                                                                                                                                                                                                                                                                                                                                     ; LCCOMB_X16_Y10_N26 ; 3       ; Clock enable               ; no     ; --                   ; --               ; --                        ;
; i2c_oled_ni2:u0|i2c_oled_ni2_jtag_uart_0:jtag_uart_0|r_val~0                                                                                                                                                                                                                                                                                                                                                      ; LCCOMB_X12_Y13_N14 ; 11      ; Clock enable               ; no     ; --                   ; --               ; --                        ;
; i2c_oled_ni2:u0|i2c_oled_ni2_jtag_uart_0:jtag_uart_0|read_0                                                                                                                                                                                                                                                                                                                                                       ; FF_X16_Y10_N11     ; 16      ; Sync. load                 ; no     ; --                   ; --               ; --                        ;
; i2c_oled_ni2:u0|i2c_oled_ni2_jtag_uart_0:jtag_uart_0|wr_rfifo                                                                                                                                                                                                                                                                                                                                                     ; LCCOMB_X22_Y11_N22 ; 13      ; Clock enable, Write enable ; no     ; --                   ; --               ; --                        ;
; i2c_oled_ni2:u0|i2c_oled_ni2_mm_interconnect_0:mm_interconnect_0|altera_avalon_sc_fifo:i2c_0_csr_agent_rsp_fifo|always0~0                                                                                                                                                                                                                                                                                         ; LCCOMB_X22_Y16_N16 ; 2       ; Clock enable               ; no     ; --                   ; --               ; --                        ;
; i2c_oled_ni2:u0|i2c_oled_ni2_mm_interconnect_0:mm_interconnect_0|altera_avalon_sc_fifo:i2c_0_csr_agent_rsp_fifo|always1~0                                                                                                                                                                                                                                                                                         ; LCCOMB_X22_Y16_N0  ; 2       ; Clock enable               ; no     ; --                   ; --               ; --                        ;
; i2c_oled_ni2:u0|i2c_oled_ni2_mm_interconnect_0:mm_interconnect_0|altera_avalon_sc_fifo:i2c_0_csr_agent_rsp_fifo|mem_used[0]~2                                                                                                                                                                                                                                                                                     ; LCCOMB_X22_Y16_N2  ; 2       ; Clock enable               ; no     ; --                   ; --               ; --                        ;
; i2c_oled_ni2:u0|i2c_oled_ni2_mm_interconnect_0:mm_interconnect_0|altera_avalon_sc_fifo:jtag_uart_0_avalon_jtag_slave_agent_rsp_fifo|mem_used[1]~0                                                                                                                                                                                                                                                                 ; LCCOMB_X16_Y12_N4  ; 3       ; Clock enable               ; no     ; --                   ; --               ; --                        ;
; i2c_oled_ni2:u0|i2c_oled_ni2_mm_interconnect_0:mm_interconnect_0|altera_avalon_sc_fifo:nios2_gen2_0_debug_mem_slave_agent_rsp_fifo|mem_used[1]~0                                                                                                                                                                                                                                                                  ; LCCOMB_X18_Y10_N20 ; 3       ; Clock enable               ; no     ; --                   ; --               ; --                        ;
; i2c_oled_ni2:u0|i2c_oled_ni2_mm_interconnect_0:mm_interconnect_0|altera_avalon_sc_fifo:onchip_memory2_0_s1_agent_rsp_fifo|mem_used[1]~0                                                                                                                                                                                                                                                                           ; LCCOMB_X15_Y10_N24 ; 3       ; Clock enable               ; no     ; --                   ; --               ; --                        ;
; i2c_oled_ni2:u0|i2c_oled_ni2_mm_interconnect_0:mm_interconnect_0|altera_avalon_sc_fifo:pio_0_s1_agent_rsp_fifo|mem_used[1]~1                                                                                                                                                                                                                                                                                      ; LCCOMB_X18_Y15_N2  ; 2       ; Clock enable               ; no     ; --                   ; --               ; --                        ;
; i2c_oled_ni2:u0|i2c_oled_ni2_mm_interconnect_0:mm_interconnect_0|altera_avalon_sc_fifo:uart_0_s1_agent_rsp_fifo|mem_used[1]~0                                                                                                                                                                                                                                                                                     ; LCCOMB_X20_Y12_N12 ; 3       ; Clock enable               ; no     ; --                   ; --               ; --                        ;
; i2c_oled_ni2:u0|i2c_oled_ni2_mm_interconnect_0:mm_interconnect_0|i2c_oled_ni2_mm_interconnect_0_cmd_mux:cmd_mux_001|altera_merlin_arbitrator:arb|top_priority_reg[0]~0                                                                                                                                                                                                                                            ; LCCOMB_X17_Y14_N0  ; 2       ; Clock enable               ; no     ; --                   ; --               ; --                        ;
; i2c_oled_ni2:u0|i2c_oled_ni2_mm_interconnect_0:mm_interconnect_0|i2c_oled_ni2_mm_interconnect_0_cmd_mux:cmd_mux_001|update_grant~1                                                                                                                                                                                                                                                                                ; LCCOMB_X17_Y14_N22 ; 4       ; Clock enable               ; no     ; --                   ; --               ; --                        ;
; i2c_oled_ni2:u0|i2c_oled_ni2_mm_interconnect_0:mm_interconnect_0|i2c_oled_ni2_mm_interconnect_0_cmd_mux:cmd_mux_002|altera_merlin_arbitrator:arb|top_priority_reg[0]~0                                                                                                                                                                                                                                            ; LCCOMB_X18_Y14_N28 ; 2       ; Clock enable               ; no     ; --                   ; --               ; --                        ;
; i2c_oled_ni2:u0|i2c_oled_ni2_mm_interconnect_0:mm_interconnect_0|i2c_oled_ni2_mm_interconnect_0_cmd_mux:cmd_mux_002|update_grant~1                                                                                                                                                                                                                                                                                ; LCCOMB_X18_Y20_N26 ; 4       ; Clock enable               ; no     ; --                   ; --               ; --                        ;
; i2c_oled_ni2:u0|i2c_oled_ni2_mm_interconnect_0:mm_interconnect_0|i2c_oled_ni2_mm_interconnect_0_cmd_mux:cmd_mux_003|altera_merlin_arbitrator:arb|top_priority_reg[0]~0                                                                                                                                                                                                                                            ; LCCOMB_X18_Y7_N16  ; 2       ; Clock enable               ; no     ; --                   ; --               ; --                        ;
; i2c_oled_ni2:u0|i2c_oled_ni2_mm_interconnect_0:mm_interconnect_0|i2c_oled_ni2_mm_interconnect_0_cmd_mux:cmd_mux_003|update_grant~1                                                                                                                                                                                                                                                                                ; LCCOMB_X20_Y7_N22  ; 4       ; Clock enable               ; no     ; --                   ; --               ; --                        ;
; i2c_oled_ni2:u0|i2c_oled_ni2_mm_interconnect_0:mm_interconnect_0|i2c_oled_ni2_mm_interconnect_0_cmd_mux:cmd_mux_004|altera_merlin_arbitrator:arb|top_priority_reg[0]~0                                                                                                                                                                                                                                            ; LCCOMB_X18_Y12_N24 ; 2       ; Clock enable               ; no     ; --                   ; --               ; --                        ;
; i2c_oled_ni2:u0|i2c_oled_ni2_mm_interconnect_0:mm_interconnect_0|i2c_oled_ni2_mm_interconnect_0_cmd_mux:cmd_mux_004|update_grant~1                                                                                                                                                                                                                                                                                ; LCCOMB_X18_Y12_N2  ; 4       ; Clock enable               ; no     ; --                   ; --               ; --                        ;
; i2c_oled_ni2:u0|i2c_oled_ni2_mm_interconnect_0:mm_interconnect_0|i2c_oled_ni2_mm_interconnect_0_cmd_mux:cmd_mux_005|altera_merlin_arbitrator:arb|top_priority_reg[0]~1                                                                                                                                                                                                                                            ; LCCOMB_X20_Y14_N8  ; 2       ; Clock enable               ; no     ; --                   ; --               ; --                        ;
; i2c_oled_ni2:u0|i2c_oled_ni2_mm_interconnect_0:mm_interconnect_0|i2c_oled_ni2_mm_interconnect_0_cmd_mux:cmd_mux_005|update_grant~1                                                                                                                                                                                                                                                                                ; LCCOMB_X20_Y15_N18 ; 3       ; Clock enable               ; no     ; --                   ; --               ; --                        ;
; i2c_oled_ni2:u0|i2c_oled_ni2_mm_interconnect_0:mm_interconnect_0|i2c_oled_ni2_mm_interconnect_0_cmd_mux:cmd_mux|altera_merlin_arbitrator:arb|top_priority_reg[0]~0                                                                                                                                                                                                                                                ; LCCOMB_X17_Y12_N12 ; 2       ; Clock enable               ; no     ; --                   ; --               ; --                        ;
; i2c_oled_ni2:u0|i2c_oled_ni2_mm_interconnect_0:mm_interconnect_0|i2c_oled_ni2_mm_interconnect_0_cmd_mux:cmd_mux|update_grant~1                                                                                                                                                                                                                                                                                    ; LCCOMB_X17_Y12_N24 ; 4       ; Clock enable               ; no     ; --                   ; --               ; --                        ;
; i2c_oled_ni2:u0|i2c_oled_ni2_nios2_gen2_0:nios2_gen2_0|i2c_oled_ni2_nios2_gen2_0_cpu:cpu|D_ctrl_mem8~1                                                                                                                                                                                                                                                                                                            ; LCCOMB_X19_Y8_N4   ; 12      ; Sync. load                 ; no     ; --                   ; --               ; --                        ;
; i2c_oled_ni2:u0|i2c_oled_ni2_nios2_gen2_0:nios2_gen2_0|i2c_oled_ni2_nios2_gen2_0_cpu:cpu|D_iw[2]                                                                                                                                                                                                                                                                                                                  ; FF_X20_Y13_N3      ; 27      ; Sync. clear                ; no     ; --                   ; --               ; --                        ;
; i2c_oled_ni2:u0|i2c_oled_ni2_nios2_gen2_0:nios2_gen2_0|i2c_oled_ni2_nios2_gen2_0_cpu:cpu|E_alu_result~0                                                                                                                                                                                                                                                                                                           ; LCCOMB_X25_Y12_N4  ; 61      ; Sync. clear                ; no     ; --                   ; --               ; --                        ;
; i2c_oled_ni2:u0|i2c_oled_ni2_nios2_gen2_0:nios2_gen2_0|i2c_oled_ni2_nios2_gen2_0_cpu:cpu|E_new_inst                                                                                                                                                                                                                                                                                                               ; FF_X22_Y15_N5      ; 42      ; Sync. load                 ; no     ; --                   ; --               ; --                        ;
; i2c_oled_ni2:u0|i2c_oled_ni2_nios2_gen2_0:nios2_gen2_0|i2c_oled_ni2_nios2_gen2_0_cpu:cpu|E_valid_from_R                                                                                                                                                                                                                                                                                                           ; FF_X22_Y15_N21     ; 28      ; Clock enable               ; no     ; --                   ; --               ; --                        ;
; i2c_oled_ni2:u0|i2c_oled_ni2_nios2_gen2_0:nios2_gen2_0|i2c_oled_ni2_nios2_gen2_0_cpu:cpu|F_valid~0                                                                                                                                                                                                                                                                                                                ; LCCOMB_X19_Y11_N24 ; 34      ; Clock enable               ; no     ; --                   ; --               ; --                        ;
; i2c_oled_ni2:u0|i2c_oled_ni2_nios2_gen2_0:nios2_gen2_0|i2c_oled_ni2_nios2_gen2_0_cpu:cpu|R_ctrl_hi_imm16                                                                                                                                                                                                                                                                                                          ; FF_X23_Y10_N13     ; 18      ; Sync. load                 ; no     ; --                   ; --               ; --                        ;
; i2c_oled_ni2:u0|i2c_oled_ni2_nios2_gen2_0:nios2_gen2_0|i2c_oled_ni2_nios2_gen2_0_cpu:cpu|R_ctrl_shift_rot                                                                                                                                                                                                                                                                                                         ; FF_X27_Y14_N17     ; 33      ; Sync. load                 ; no     ; --                   ; --               ; --                        ;
; i2c_oled_ni2:u0|i2c_oled_ni2_nios2_gen2_0:nios2_gen2_0|i2c_oled_ni2_nios2_gen2_0_cpu:cpu|R_src1~37                                                                                                                                                                                                                                                                                                                ; LCCOMB_X24_Y11_N14 ; 32      ; Sync. load                 ; no     ; --                   ; --               ; --                        ;
; i2c_oled_ni2:u0|i2c_oled_ni2_nios2_gen2_0:nios2_gen2_0|i2c_oled_ni2_nios2_gen2_0_cpu:cpu|R_src2_hi~2                                                                                                                                                                                                                                                                                                              ; LCCOMB_X23_Y9_N22  ; 15      ; Sync. clear                ; no     ; --                   ; --               ; --                        ;
; i2c_oled_ni2:u0|i2c_oled_ni2_nios2_gen2_0:nios2_gen2_0|i2c_oled_ni2_nios2_gen2_0_cpu:cpu|W_ienable_reg_nxt~0                                                                                                                                                                                                                                                                                                      ; LCCOMB_X25_Y11_N8  ; 3       ; Clock enable               ; no     ; --                   ; --               ; --                        ;
; i2c_oled_ni2:u0|i2c_oled_ni2_nios2_gen2_0:nios2_gen2_0|i2c_oled_ni2_nios2_gen2_0_cpu:cpu|W_rf_wren                                                                                                                                                                                                                                                                                                                ; LCCOMB_X25_Y10_N18 ; 2       ; Write enable               ; no     ; --                   ; --               ; --                        ;
; i2c_oled_ni2:u0|i2c_oled_ni2_nios2_gen2_0:nios2_gen2_0|i2c_oled_ni2_nios2_gen2_0_cpu:cpu|W_valid                                                                                                                                                                                                                                                                                                                  ; FF_X22_Y15_N15     ; 17      ; Clock enable               ; no     ; --                   ; --               ; --                        ;
; i2c_oled_ni2:u0|i2c_oled_ni2_nios2_gen2_0:nios2_gen2_0|i2c_oled_ni2_nios2_gen2_0_cpu:cpu|av_ld_byte0_data[1]~0                                                                                                                                                                                                                                                                                                    ; LCCOMB_X22_Y9_N26  ; 8       ; Clock enable               ; no     ; --                   ; --               ; --                        ;
; i2c_oled_ni2:u0|i2c_oled_ni2_nios2_gen2_0:nios2_gen2_0|i2c_oled_ni2_nios2_gen2_0_cpu:cpu|av_ld_byte1_data_en~0                                                                                                                                                                                                                                                                                                    ; LCCOMB_X22_Y10_N0  ; 8       ; Clock enable               ; no     ; --                   ; --               ; --                        ;
; i2c_oled_ni2:u0|i2c_oled_ni2_nios2_gen2_0:nios2_gen2_0|i2c_oled_ni2_nios2_gen2_0_cpu:cpu|av_ld_rshift8~1                                                                                                                                                                                                                                                                                                          ; LCCOMB_X22_Y9_N0   ; 24      ; Clock enable, Sync. load   ; no     ; --                   ; --               ; --                        ;
; i2c_oled_ni2:u0|i2c_oled_ni2_nios2_gen2_0:nios2_gen2_0|i2c_oled_ni2_nios2_gen2_0_cpu:cpu|i2c_oled_ni2_nios2_gen2_0_cpu_nios2_oci:the_i2c_oled_ni2_nios2_gen2_0_cpu_nios2_oci|address[8]                                                                                                                                                                                                                           ; FF_X24_Y9_N15      ; 37      ; Sync. load                 ; no     ; --                   ; --               ; --                        ;
; i2c_oled_ni2:u0|i2c_oled_ni2_nios2_gen2_0:nios2_gen2_0|i2c_oled_ni2_nios2_gen2_0_cpu:cpu|i2c_oled_ni2_nios2_gen2_0_cpu_nios2_oci:the_i2c_oled_ni2_nios2_gen2_0_cpu_nios2_oci|i2c_oled_ni2_nios2_gen2_0_cpu_debug_slave_wrapper:the_i2c_oled_ni2_nios2_gen2_0_cpu_debug_slave_wrapper|i2c_oled_ni2_nios2_gen2_0_cpu_debug_slave_sysclk:the_i2c_oled_ni2_nios2_gen2_0_cpu_debug_slave_sysclk|jxuir                  ; FF_X11_Y5_N15      ; 2       ; Clock enable               ; no     ; --                   ; --               ; --                        ;
; i2c_oled_ni2:u0|i2c_oled_ni2_nios2_gen2_0:nios2_gen2_0|i2c_oled_ni2_nios2_gen2_0_cpu:cpu|i2c_oled_ni2_nios2_gen2_0_cpu_nios2_oci:the_i2c_oled_ni2_nios2_gen2_0_cpu_nios2_oci|i2c_oled_ni2_nios2_gen2_0_cpu_debug_slave_wrapper:the_i2c_oled_ni2_nios2_gen2_0_cpu_debug_slave_wrapper|i2c_oled_ni2_nios2_gen2_0_cpu_debug_slave_sysclk:the_i2c_oled_ni2_nios2_gen2_0_cpu_debug_slave_sysclk|take_action_ocimem_a   ; LCCOMB_X15_Y3_N6   ; 5       ; Clock enable, Sync. load   ; no     ; --                   ; --               ; --                        ;
; i2c_oled_ni2:u0|i2c_oled_ni2_nios2_gen2_0:nios2_gen2_0|i2c_oled_ni2_nios2_gen2_0_cpu:cpu|i2c_oled_ni2_nios2_gen2_0_cpu_nios2_oci:the_i2c_oled_ni2_nios2_gen2_0_cpu_nios2_oci|i2c_oled_ni2_nios2_gen2_0_cpu_debug_slave_wrapper:the_i2c_oled_ni2_nios2_gen2_0_cpu_debug_slave_wrapper|i2c_oled_ni2_nios2_gen2_0_cpu_debug_slave_sysclk:the_i2c_oled_ni2_nios2_gen2_0_cpu_debug_slave_sysclk|take_action_ocimem_a~0 ; LCCOMB_X12_Y5_N18  ; 16      ; Clock enable               ; no     ; --                   ; --               ; --                        ;
; i2c_oled_ni2:u0|i2c_oled_ni2_nios2_gen2_0:nios2_gen2_0|i2c_oled_ni2_nios2_gen2_0_cpu:cpu|i2c_oled_ni2_nios2_gen2_0_cpu_nios2_oci:the_i2c_oled_ni2_nios2_gen2_0_cpu_nios2_oci|i2c_oled_ni2_nios2_gen2_0_cpu_debug_slave_wrapper:the_i2c_oled_ni2_nios2_gen2_0_cpu_debug_slave_wrapper|i2c_oled_ni2_nios2_gen2_0_cpu_debug_slave_sysclk:the_i2c_oled_ni2_nios2_gen2_0_cpu_debug_slave_sysclk|take_action_ocimem_a~1 ; LCCOMB_X12_Y5_N12  ; 10      ; Clock enable               ; no     ; --                   ; --               ; --                        ;
; i2c_oled_ni2:u0|i2c_oled_ni2_nios2_gen2_0:nios2_gen2_0|i2c_oled_ni2_nios2_gen2_0_cpu:cpu|i2c_oled_ni2_nios2_gen2_0_cpu_nios2_oci:the_i2c_oled_ni2_nios2_gen2_0_cpu_nios2_oci|i2c_oled_ni2_nios2_gen2_0_cpu_debug_slave_wrapper:the_i2c_oled_ni2_nios2_gen2_0_cpu_debug_slave_wrapper|i2c_oled_ni2_nios2_gen2_0_cpu_debug_slave_sysclk:the_i2c_oled_ni2_nios2_gen2_0_cpu_debug_slave_sysclk|take_action_ocimem_b   ; LCCOMB_X12_Y5_N24  ; 37      ; Sync. load                 ; no     ; --                   ; --               ; --                        ;
; i2c_oled_ni2:u0|i2c_oled_ni2_nios2_gen2_0:nios2_gen2_0|i2c_oled_ni2_nios2_gen2_0_cpu:cpu|i2c_oled_ni2_nios2_gen2_0_cpu_nios2_oci:the_i2c_oled_ni2_nios2_gen2_0_cpu_nios2_oci|i2c_oled_ni2_nios2_gen2_0_cpu_debug_slave_wrapper:the_i2c_oled_ni2_nios2_gen2_0_cpu_debug_slave_wrapper|i2c_oled_ni2_nios2_gen2_0_cpu_debug_slave_sysclk:the_i2c_oled_ni2_nios2_gen2_0_cpu_debug_slave_sysclk|update_jdo_strobe      ; FF_X10_Y5_N19      ; 39      ; Clock enable               ; no     ; --                   ; --               ; --                        ;
; i2c_oled_ni2:u0|i2c_oled_ni2_nios2_gen2_0:nios2_gen2_0|i2c_oled_ni2_nios2_gen2_0_cpu:cpu|i2c_oled_ni2_nios2_gen2_0_cpu_nios2_oci:the_i2c_oled_ni2_nios2_gen2_0_cpu_nios2_oci|i2c_oled_ni2_nios2_gen2_0_cpu_debug_slave_wrapper:the_i2c_oled_ni2_nios2_gen2_0_cpu_debug_slave_wrapper|i2c_oled_ni2_nios2_gen2_0_cpu_debug_slave_tck:the_i2c_oled_ni2_nios2_gen2_0_cpu_debug_slave_tck|sr[34]~29                    ; LCCOMB_X12_Y6_N20  ; 18      ; Clock enable               ; no     ; --                   ; --               ; --                        ;
; i2c_oled_ni2:u0|i2c_oled_ni2_nios2_gen2_0:nios2_gen2_0|i2c_oled_ni2_nios2_gen2_0_cpu:cpu|i2c_oled_ni2_nios2_gen2_0_cpu_nios2_oci:the_i2c_oled_ni2_nios2_gen2_0_cpu_nios2_oci|i2c_oled_ni2_nios2_gen2_0_cpu_debug_slave_wrapper:the_i2c_oled_ni2_nios2_gen2_0_cpu_debug_slave_wrapper|i2c_oled_ni2_nios2_gen2_0_cpu_debug_slave_tck:the_i2c_oled_ni2_nios2_gen2_0_cpu_debug_slave_tck|sr[36]~21                    ; LCCOMB_X12_Y6_N14  ; 2       ; Clock enable               ; no     ; --                   ; --               ; --                        ;
; i2c_oled_ni2:u0|i2c_oled_ni2_nios2_gen2_0:nios2_gen2_0|i2c_oled_ni2_nios2_gen2_0_cpu:cpu|i2c_oled_ni2_nios2_gen2_0_cpu_nios2_oci:the_i2c_oled_ni2_nios2_gen2_0_cpu_nios2_oci|i2c_oled_ni2_nios2_gen2_0_cpu_debug_slave_wrapper:the_i2c_oled_ni2_nios2_gen2_0_cpu_debug_slave_wrapper|i2c_oled_ni2_nios2_gen2_0_cpu_debug_slave_tck:the_i2c_oled_ni2_nios2_gen2_0_cpu_debug_slave_tck|sr[5]~13                     ; LCCOMB_X11_Y6_N16  ; 13      ; Clock enable               ; no     ; --                   ; --               ; --                        ;
; i2c_oled_ni2:u0|i2c_oled_ni2_nios2_gen2_0:nios2_gen2_0|i2c_oled_ni2_nios2_gen2_0_cpu:cpu|i2c_oled_ni2_nios2_gen2_0_cpu_nios2_oci:the_i2c_oled_ni2_nios2_gen2_0_cpu_nios2_oci|i2c_oled_ni2_nios2_gen2_0_cpu_debug_slave_wrapper:the_i2c_oled_ni2_nios2_gen2_0_cpu_debug_slave_wrapper|sld_virtual_jtag_basic:i2c_oled_ni2_nios2_gen2_0_cpu_debug_slave_phy|virtual_state_sdr~0                                     ; LCCOMB_X11_Y6_N24  ; 39      ; Sync. load                 ; no     ; --                   ; --               ; --                        ;
; i2c_oled_ni2:u0|i2c_oled_ni2_nios2_gen2_0:nios2_gen2_0|i2c_oled_ni2_nios2_gen2_0_cpu:cpu|i2c_oled_ni2_nios2_gen2_0_cpu_nios2_oci:the_i2c_oled_ni2_nios2_gen2_0_cpu_nios2_oci|i2c_oled_ni2_nios2_gen2_0_cpu_debug_slave_wrapper:the_i2c_oled_ni2_nios2_gen2_0_cpu_debug_slave_wrapper|sld_virtual_jtag_basic:i2c_oled_ni2_nios2_gen2_0_cpu_debug_slave_phy|virtual_state_uir~0                                     ; LCCOMB_X11_Y6_N30  ; 4       ; Clock enable               ; no     ; --                   ; --               ; --                        ;
; i2c_oled_ni2:u0|i2c_oled_ni2_nios2_gen2_0:nios2_gen2_0|i2c_oled_ni2_nios2_gen2_0_cpu:cpu|i2c_oled_ni2_nios2_gen2_0_cpu_nios2_oci:the_i2c_oled_ni2_nios2_gen2_0_cpu_nios2_oci|i2c_oled_ni2_nios2_gen2_0_cpu_nios2_avalon_reg:the_i2c_oled_ni2_nios2_gen2_0_cpu_nios2_avalon_reg|take_action_oci_intr_mask_reg~0                                                                                                    ; LCCOMB_X14_Y9_N22  ; 4       ; Clock enable               ; no     ; --                   ; --               ; --                        ;
; i2c_oled_ni2:u0|i2c_oled_ni2_nios2_gen2_0:nios2_gen2_0|i2c_oled_ni2_nios2_gen2_0_cpu:cpu|i2c_oled_ni2_nios2_gen2_0_cpu_nios2_oci:the_i2c_oled_ni2_nios2_gen2_0_cpu_nios2_oci|i2c_oled_ni2_nios2_gen2_0_cpu_nios2_oci_break:the_i2c_oled_ni2_nios2_gen2_0_cpu_nios2_oci_break|break_readreg[21]~1                                                                                                                  ; LCCOMB_X12_Y5_N20  ; 61      ; Clock enable               ; no     ; --                   ; --               ; --                        ;
; i2c_oled_ni2:u0|i2c_oled_ni2_nios2_gen2_0:nios2_gen2_0|i2c_oled_ni2_nios2_gen2_0_cpu:cpu|i2c_oled_ni2_nios2_gen2_0_cpu_nios2_oci:the_i2c_oled_ni2_nios2_gen2_0_cpu_nios2_oci|i2c_oled_ni2_nios2_gen2_0_cpu_nios2_oci_debug:the_i2c_oled_ni2_nios2_gen2_0_cpu_nios2_oci_debug|resetrequest                                                                                                                         ; FF_X15_Y3_N3       ; 3       ; Async. clear               ; yes    ; Global Clock         ; GCLK1            ; --                        ;
; i2c_oled_ni2:u0|i2c_oled_ni2_nios2_gen2_0:nios2_gen2_0|i2c_oled_ni2_nios2_gen2_0_cpu:cpu|i2c_oled_ni2_nios2_gen2_0_cpu_nios2_oci:the_i2c_oled_ni2_nios2_gen2_0_cpu_nios2_oci|i2c_oled_ni2_nios2_gen2_0_cpu_nios2_ocimem:the_i2c_oled_ni2_nios2_gen2_0_cpu_nios2_ocimem|MonDReg[0]~8                                                                                                                               ; LCCOMB_X16_Y6_N4   ; 31      ; Clock enable               ; no     ; --                   ; --               ; --                        ;
; i2c_oled_ni2:u0|i2c_oled_ni2_nios2_gen2_0:nios2_gen2_0|i2c_oled_ni2_nios2_gen2_0_cpu:cpu|i2c_oled_ni2_nios2_gen2_0_cpu_nios2_oci:the_i2c_oled_ni2_nios2_gen2_0_cpu_nios2_oci|i2c_oled_ni2_nios2_gen2_0_cpu_nios2_ocimem:the_i2c_oled_ni2_nios2_gen2_0_cpu_nios2_ocimem|ociram_reset_req                                                                                                                           ; LCCOMB_X9_Y7_N8    ; 2       ; Clock enable               ; no     ; --                   ; --               ; --                        ;
; i2c_oled_ni2:u0|i2c_oled_ni2_nios2_gen2_0:nios2_gen2_0|i2c_oled_ni2_nios2_gen2_0_cpu:cpu|i2c_oled_ni2_nios2_gen2_0_cpu_nios2_oci:the_i2c_oled_ni2_nios2_gen2_0_cpu_nios2_oci|i2c_oled_ni2_nios2_gen2_0_cpu_nios2_ocimem:the_i2c_oled_ni2_nios2_gen2_0_cpu_nios2_ocimem|ociram_wr_en~1                                                                                                                             ; LCCOMB_X14_Y6_N28  ; 2       ; Read enable, Write enable  ; no     ; --                   ; --               ; --                        ;
; i2c_oled_ni2:u0|i2c_oled_ni2_onchip_memory2_0:onchip_memory2_0|wren~0                                                                                                                                                                                                                                                                                                                                             ; LCCOMB_X20_Y7_N8   ; 16      ; Read enable, Write enable  ; no     ; --                   ; --               ; --                        ;
; i2c_oled_ni2:u0|i2c_oled_ni2_pio_0:pio_0|always0~1                                                                                                                                                                                                                                                                                                                                                                ; LCCOMB_X19_Y15_N12 ; 4       ; Clock enable               ; no     ; --                   ; --               ; --                        ;
; i2c_oled_ni2:u0|i2c_oled_ni2_uart_0:uart_0|i2c_oled_ni2_uart_0_regs:the_i2c_oled_ni2_uart_0_regs|control_wr_strobe                                                                                                                                                                                                                                                                                                ; LCCOMB_X17_Y9_N14  ; 10      ; Clock enable               ; no     ; --                   ; --               ; --                        ;
; i2c_oled_ni2:u0|i2c_oled_ni2_uart_0:uart_0|i2c_oled_ni2_uart_0_rx:the_i2c_oled_ni2_uart_0_rx|got_new_char                                                                                                                                                                                                                                                                                                         ; LCCOMB_X16_Y7_N18  ; 10      ; Clock enable               ; no     ; --                   ; --               ; --                        ;
; i2c_oled_ni2:u0|i2c_oled_ni2_uart_0:uart_0|i2c_oled_ni2_uart_0_rx:the_i2c_oled_ni2_uart_0_rx|unxshiftxrxd_shift_regxshift_reg_start_bit_nxx6_out[7]~0                                                                                                                                                                                                                                                             ; LCCOMB_X16_Y7_N26  ; 10      ; Clock enable               ; no     ; --                   ; --               ; --                        ;
; i2c_oled_ni2:u0|i2c_oled_ni2_uart_0:uart_0|i2c_oled_ni2_uart_0_tx:the_i2c_oled_ni2_uart_0_tx|always4~0                                                                                                                                                                                                                                                                                                            ; LCCOMB_X13_Y8_N28  ; 9       ; Sync. load                 ; no     ; --                   ; --               ; --                        ;
; i2c_oled_ni2:u0|i2c_oled_ni2_uart_0:uart_0|i2c_oled_ni2_uart_0_tx:the_i2c_oled_ni2_uart_0_tx|tx_wr_strobe_onset~1                                                                                                                                                                                                                                                                                                 ; LCCOMB_X17_Y9_N30  ; 9       ; Clock enable               ; no     ; --                   ; --               ; --                        ;
; i2c_oled_ni2:u0|i2c_oled_ni2_uart_0:uart_0|i2c_oled_ni2_uart_0_tx:the_i2c_oled_ni2_uart_0_tx|unxshiftxtx_shift_register_contentsxtx_shift_reg_outxx5_in[9]~1                                                                                                                                                                                                                                                      ; LCCOMB_X15_Y8_N14  ; 9       ; Clock enable               ; no     ; --                   ; --               ; --                        ;
; sld_hub:auto_hub|alt_sld_fab_with_jtag_input:\instrumentation_fabric_with_node_gen:fabric_gen_new_way:with_jtag_input_gen:instrumentation_fabric|alt_sld_fab:instrumentation_fabric|alt_sld_fab_alt_sld_fab:alt_sld_fab|alt_sld_fab_alt_sld_fab_sldfabric:sldfabric|sld_jtag_hub:\jtag_hub_gen:real_sld_jtag_hub|clr_reg                                                                                          ; FF_X6_Y7_N13       ; 59      ; Async. clear               ; no     ; --                   ; --               ; --                        ;
; sld_hub:auto_hub|alt_sld_fab_with_jtag_input:\instrumentation_fabric_with_node_gen:fabric_gen_new_way:with_jtag_input_gen:instrumentation_fabric|alt_sld_fab:instrumentation_fabric|alt_sld_fab_alt_sld_fab:alt_sld_fab|alt_sld_fab_alt_sld_fab_sldfabric:sldfabric|sld_jtag_hub:\jtag_hub_gen:real_sld_jtag_hub|design_hash_proc~0                                                                               ; LCCOMB_X10_Y9_N6   ; 4       ; Sync. load                 ; no     ; --                   ; --               ; --                        ;
; sld_hub:auto_hub|alt_sld_fab_with_jtag_input:\instrumentation_fabric_with_node_gen:fabric_gen_new_way:with_jtag_input_gen:instrumentation_fabric|alt_sld_fab:instrumentation_fabric|alt_sld_fab_alt_sld_fab:alt_sld_fab|alt_sld_fab_alt_sld_fab_sldfabric:sldfabric|sld_jtag_hub:\jtag_hub_gen:real_sld_jtag_hub|hub_info_reg_ena                                                                                 ; LCCOMB_X10_Y9_N12  ; 4       ; Clock enable               ; no     ; --                   ; --               ; --                        ;
; sld_hub:auto_hub|alt_sld_fab_with_jtag_input:\instrumentation_fabric_with_node_gen:fabric_gen_new_way:with_jtag_input_gen:instrumentation_fabric|alt_sld_fab:instrumentation_fabric|alt_sld_fab_alt_sld_fab:alt_sld_fab|alt_sld_fab_alt_sld_fab_sldfabric:sldfabric|sld_jtag_hub:\jtag_hub_gen:real_sld_jtag_hub|hub_info_reg_ena~0                                                                               ; LCCOMB_X11_Y8_N2   ; 6       ; Clock enable               ; no     ; --                   ; --               ; --                        ;
; sld_hub:auto_hub|alt_sld_fab_with_jtag_input:\instrumentation_fabric_with_node_gen:fabric_gen_new_way:with_jtag_input_gen:instrumentation_fabric|alt_sld_fab:instrumentation_fabric|alt_sld_fab_alt_sld_fab:alt_sld_fab|alt_sld_fab_alt_sld_fab_sldfabric:sldfabric|sld_jtag_hub:\jtag_hub_gen:real_sld_jtag_hub|identity_contrib_shift_reg[0]~1                                                                  ; LCCOMB_X6_Y8_N14   ; 4       ; Clock enable               ; no     ; --                   ; --               ; --                        ;
; sld_hub:auto_hub|alt_sld_fab_with_jtag_input:\instrumentation_fabric_with_node_gen:fabric_gen_new_way:with_jtag_input_gen:instrumentation_fabric|alt_sld_fab:instrumentation_fabric|alt_sld_fab_alt_sld_fab:alt_sld_fab|alt_sld_fab_alt_sld_fab_sldfabric:sldfabric|sld_jtag_hub:\jtag_hub_gen:real_sld_jtag_hub|irf_reg[2][0]~9                                                                                  ; LCCOMB_X4_Y8_N14   ; 2       ; Clock enable               ; no     ; --                   ; --               ; --                        ;
; sld_hub:auto_hub|alt_sld_fab_with_jtag_input:\instrumentation_fabric_with_node_gen:fabric_gen_new_way:with_jtag_input_gen:instrumentation_fabric|alt_sld_fab:instrumentation_fabric|alt_sld_fab_alt_sld_fab:alt_sld_fab|alt_sld_fab_alt_sld_fab_sldfabric:sldfabric|sld_jtag_hub:\jtag_hub_gen:real_sld_jtag_hub|irsr_reg[2]~16                                                                                   ; LCCOMB_X9_Y8_N16   ; 5       ; Clock enable               ; no     ; --                   ; --               ; --                        ;
; sld_hub:auto_hub|alt_sld_fab_with_jtag_input:\instrumentation_fabric_with_node_gen:fabric_gen_new_way:with_jtag_input_gen:instrumentation_fabric|alt_sld_fab:instrumentation_fabric|alt_sld_fab_alt_sld_fab:alt_sld_fab|alt_sld_fab_alt_sld_fab_sldfabric:sldfabric|sld_jtag_hub:\jtag_hub_gen:real_sld_jtag_hub|mixer_addr_reg_internal[2]~10                                                                    ; LCCOMB_X6_Y8_N0    ; 5       ; Clock enable               ; no     ; --                   ; --               ; --                        ;
; sld_hub:auto_hub|alt_sld_fab_with_jtag_input:\instrumentation_fabric_with_node_gen:fabric_gen_new_way:with_jtag_input_gen:instrumentation_fabric|alt_sld_fab:instrumentation_fabric|alt_sld_fab_alt_sld_fab:alt_sld_fab|alt_sld_fab_alt_sld_fab_sldfabric:sldfabric|sld_jtag_hub:\jtag_hub_gen:real_sld_jtag_hub|mixer_addr_reg_internal[2]~9                                                                     ; LCCOMB_X11_Y9_N28  ; 5       ; Sync. load                 ; no     ; --                   ; --               ; --                        ;
; sld_hub:auto_hub|alt_sld_fab_with_jtag_input:\instrumentation_fabric_with_node_gen:fabric_gen_new_way:with_jtag_input_gen:instrumentation_fabric|alt_sld_fab:instrumentation_fabric|alt_sld_fab_alt_sld_fab:alt_sld_fab|alt_sld_fab_alt_sld_fab_sldfabric:sldfabric|sld_jtag_hub:\jtag_hub_gen:real_sld_jtag_hub|node_ena~4                                                                                       ; LCCOMB_X6_Y8_N10   ; 2       ; Clock enable               ; no     ; --                   ; --               ; --                        ;
; sld_hub:auto_hub|alt_sld_fab_with_jtag_input:\instrumentation_fabric_with_node_gen:fabric_gen_new_way:with_jtag_input_gen:instrumentation_fabric|alt_sld_fab:instrumentation_fabric|alt_sld_fab_alt_sld_fab:alt_sld_fab|alt_sld_fab_alt_sld_fab_sldfabric:sldfabric|sld_jtag_hub:\jtag_hub_gen:real_sld_jtag_hub|reset_ena_reg_proc~0                                                                             ; LCCOMB_X2_Y8_N8    ; 5       ; Clock enable               ; no     ; --                   ; --               ; --                        ;
; sld_hub:auto_hub|alt_sld_fab_with_jtag_input:\instrumentation_fabric_with_node_gen:fabric_gen_new_way:with_jtag_input_gen:instrumentation_fabric|alt_sld_fab:instrumentation_fabric|alt_sld_fab_alt_sld_fab:alt_sld_fab|alt_sld_fab_alt_sld_fab_sldfabric:sldfabric|sld_jtag_hub:\jtag_hub_gen:real_sld_jtag_hub|shadow_irf_reg[2][0]~7                                                                           ; LCCOMB_X2_Y8_N4    ; 2       ; Clock enable               ; no     ; --                   ; --               ; --                        ;
; sld_hub:auto_hub|alt_sld_fab_with_jtag_input:\instrumentation_fabric_with_node_gen:fabric_gen_new_way:with_jtag_input_gen:instrumentation_fabric|alt_sld_fab:instrumentation_fabric|alt_sld_fab_alt_sld_fab:alt_sld_fab|alt_sld_fab_alt_sld_fab_sldfabric:sldfabric|sld_jtag_hub:\jtag_hub_gen:real_sld_jtag_hub|sld_rom_sr:hub_info_reg|WORD_SR[0]~20                                                            ; LCCOMB_X10_Y9_N18  ; 4       ; Clock enable               ; no     ; --                   ; --               ; --                        ;
; sld_hub:auto_hub|alt_sld_fab_with_jtag_input:\instrumentation_fabric_with_node_gen:fabric_gen_new_way:with_jtag_input_gen:instrumentation_fabric|alt_sld_fab:instrumentation_fabric|alt_sld_fab_alt_sld_fab:alt_sld_fab|alt_sld_fab_alt_sld_fab_sldfabric:sldfabric|sld_jtag_hub:\jtag_hub_gen:real_sld_jtag_hub|sld_rom_sr:hub_info_reg|word_counter[2]~22                                                       ; LCCOMB_X7_Y9_N22   ; 5       ; Sync. clear                ; no     ; --                   ; --               ; --                        ;
; sld_hub:auto_hub|alt_sld_fab_with_jtag_input:\instrumentation_fabric_with_node_gen:fabric_gen_new_way:with_jtag_input_gen:instrumentation_fabric|alt_sld_fab:instrumentation_fabric|alt_sld_fab_alt_sld_fab:alt_sld_fab|alt_sld_fab_alt_sld_fab_sldfabric:sldfabric|sld_jtag_hub:\jtag_hub_gen:real_sld_jtag_hub|sld_rom_sr:hub_info_reg|word_counter[2]~23                                                       ; LCCOMB_X10_Y9_N0   ; 5       ; Clock enable               ; no     ; --                   ; --               ; --                        ;
; sld_hub:auto_hub|alt_sld_fab_with_jtag_input:\instrumentation_fabric_with_node_gen:fabric_gen_new_way:with_jtag_input_gen:instrumentation_fabric|alt_sld_fab:instrumentation_fabric|alt_sld_fab_alt_sld_fab:alt_sld_fab|alt_sld_fab_alt_sld_fab_sldfabric:sldfabric|sld_jtag_hub:\jtag_hub_gen:real_sld_jtag_hub|sld_shadow_jsm:shadow_jsm|state[0]                                                               ; FF_X3_Y8_N13       ; 15      ; Async. clear               ; no     ; --                   ; --               ; --                        ;
; sld_hub:auto_hub|alt_sld_fab_with_jtag_input:\instrumentation_fabric_with_node_gen:fabric_gen_new_way:with_jtag_input_gen:instrumentation_fabric|alt_sld_fab:instrumentation_fabric|alt_sld_fab_alt_sld_fab:alt_sld_fab|alt_sld_fab_alt_sld_fab_sldfabric:sldfabric|sld_jtag_hub:\jtag_hub_gen:real_sld_jtag_hub|sld_shadow_jsm:shadow_jsm|state[11]                                                              ; FF_X2_Y8_N13       ; 12      ; Clock enable               ; no     ; --                   ; --               ; --                        ;
; sld_hub:auto_hub|alt_sld_fab_with_jtag_input:\instrumentation_fabric_with_node_gen:fabric_gen_new_way:with_jtag_input_gen:instrumentation_fabric|alt_sld_fab:instrumentation_fabric|alt_sld_fab_alt_sld_fab:alt_sld_fab|alt_sld_fab_alt_sld_fab_sldfabric:sldfabric|sld_jtag_hub:\jtag_hub_gen:real_sld_jtag_hub|sld_shadow_jsm:shadow_jsm|state[3]                                                               ; FF_X6_Y7_N1        ; 34      ; Sync. load                 ; no     ; --                   ; --               ; --                        ;
; sld_hub:auto_hub|alt_sld_fab_with_jtag_input:\instrumentation_fabric_with_node_gen:fabric_gen_new_way:with_jtag_input_gen:instrumentation_fabric|alt_sld_fab:instrumentation_fabric|alt_sld_fab_alt_sld_fab:alt_sld_fab|alt_sld_fab_alt_sld_fab_sldfabric:sldfabric|sld_jtag_hub:\jtag_hub_gen:real_sld_jtag_hub|sld_shadow_jsm:shadow_jsm|state[4]                                                               ; FF_X2_Y8_N1        ; 49      ; Sync. clear                ; no     ; --                   ; --               ; --                        ;
; sld_hub:auto_hub|alt_sld_fab_with_jtag_input:\instrumentation_fabric_with_node_gen:fabric_gen_new_way:with_jtag_input_gen:instrumentation_fabric|alt_sld_fab:instrumentation_fabric|alt_sld_fab_alt_sld_fab:alt_sld_fab|alt_sld_fab_alt_sld_fab_sldfabric:sldfabric|sld_jtag_hub:\jtag_hub_gen:real_sld_jtag_hub|virtual_ir_dr_scan_proc~0                                                                        ; LCCOMB_X3_Y8_N30   ; 3       ; Clock enable               ; no     ; --                   ; --               ; --                        ;
; sld_hub:auto_hub|alt_sld_fab_with_jtag_input:\instrumentation_fabric_with_node_gen:fabric_gen_new_way:with_jtag_input_gen:instrumentation_fabric|alt_sld_fab:instrumentation_fabric|alt_sld_fab_alt_sld_fab:alt_sld_fab|alt_sld_fab_alt_sld_fab_sldfabric:sldfabric|sld_jtag_hub:\jtag_hub_gen:real_sld_jtag_hub|virtual_ir_scan_reg                                                                              ; FF_X6_Y5_N17       ; 31      ; Async. clear               ; no     ; --                   ; --               ; --                        ;
; sld_hub:auto_hub|alt_sld_fab_with_jtag_input:\instrumentation_fabric_with_node_gen:fabric_gen_new_way:with_jtag_input_gen:instrumentation_fabric|alt_sld_fab:instrumentation_fabric|alt_sld_fab_alt_sld_fab:alt_sld_fab|sldfabric_ident_writedata[0]~0                                                                                                                                                            ; LCCOMB_X6_Y8_N12   ; 4       ; Clock enable               ; no     ; --                   ; --               ; --                        ;
+-------------------------------------------------------------------------------------------------------------------------------------------------------------------------------------------------------------------------------------------------------------------------------------------------------------------------------------------------------------------------------------------------------------------+--------------------+---------+----------------------------+--------+----------------------+------------------+---------------------------+


+------------------------------------------------------------------------------------------------------------------------------------------------------------------------------------------------------------------------------------------------------------------------------------------------------------------------------------------------------------------------------------------------------------------------------------+
; Global & Other Fast Signals                                                                                                                                                                                                                                                                                                                                                                                                        ;
+-------------------------------------------------------------------------------------------------------------------------------------------------------------------------------------------------------------------------------------------------------------------------------------------+-----------------+---------+--------------------------------------+----------------------+------------------+---------------------------+
; Name                                                                                                                                                                                                                                                                                      ; Location        ; Fan-Out ; Fan-Out Using Intentional Clock Skew ; Global Resource Used ; Global Line Name ; Enable Signal Source Name ;
+-------------------------------------------------------------------------------------------------------------------------------------------------------------------------------------------------------------------------------------------------------------------------------------------+-----------------+---------+--------------------------------------+----------------------+------------------+---------------------------+
; altera_internal_jtag~TCKUTAP                                                                                                                                                                                                                                                              ; JTAG_X10_Y11_N0 ; 171     ; 0                                    ; Global Clock         ; GCLK4            ; --                        ;
; clk_clk                                                                                                                                                                                                                                                                                   ; PIN_26          ; 1169    ; 0                                    ; Global Clock         ; GCLK2            ; --                        ;
; i2c_oled_ni2:u0|altera_reset_controller:rst_controller|r_sync_rst                                                                                                                                                                                                                         ; FF_X13_Y12_N1   ; 911     ; 0                                    ; Global Clock         ; GCLK7            ; --                        ;
; i2c_oled_ni2:u0|i2c_oled_ni2_nios2_gen2_0:nios2_gen2_0|i2c_oled_ni2_nios2_gen2_0_cpu:cpu|i2c_oled_ni2_nios2_gen2_0_cpu_nios2_oci:the_i2c_oled_ni2_nios2_gen2_0_cpu_nios2_oci|i2c_oled_ni2_nios2_gen2_0_cpu_nios2_oci_debug:the_i2c_oled_ni2_nios2_gen2_0_cpu_nios2_oci_debug|resetrequest ; FF_X15_Y3_N3    ; 3       ; 0                                    ; Global Clock         ; GCLK1            ; --                        ;
+-------------------------------------------------------------------------------------------------------------------------------------------------------------------------------------------------------------------------------------------------------------------------------------------+-----------------+---------+--------------------------------------+----------------------+------------------+---------------------------+


+-----------------------------------------------------------------------------------------------------------------------------------------------------------------------------------------------------------------------------------------------------------------------------------------------------------------------------------------------------------------------------------------------------------------------------------------------------------------------------------------------------------------------------------------------------------------------------------------------------------------------------------------------------------------------------------------------------------------------------------------------------------------------------------------------------------------------------------------------------------------------------------------------------------------------------------------------------------------------------------------------------------------------------------------------------------------------------------------------------------------------------------------------------------------------------------------------------+
; Fitter RAM Summary                                                                                                                                                                                                                                                                                                                                                                                                                                                                                                                                                                                                                                                                                                                                                                                                                                                                                                                                                                                                                                                                                                                                                                                  ;
+-------------------------------------------------------------------------------------------------------------------------------------------------------------------------------------------------------------------------------------------------------------------------------------------------------------------------------------------------------------------------------------------------------------------------------------------+------+------------------+--------------+--------------+--------------+--------------+--------------+------------------------+-------------------------+------------------------+-------------------------+--------+-----------------------------+-----------------------------+-----------------------------+-----------------------------+---------------------+------+------+--------------------------------------------------------------------------------------------------------------------------------------------------------------------------------------------------------------------------------------------+----------------------+------------------------+------------------------+----------+------------------------+---------------+
; Name                                                                                                                                                                                                                                                                                                                                                                                                                                      ; Type ; Mode             ; Clock Mode   ; Port A Depth ; Port A Width ; Port B Depth ; Port B Width ; Port A Input Registers ; Port A Output Registers ; Port B Input Registers ; Port B Output Registers ; Size   ; Implementation Port A Depth ; Implementation Port A Width ; Implementation Port B Depth ; Implementation Port B Width ; Implementation Bits ; M9Ks ; MIF  ; Location                                                                                                                                                                                                                                   ; Mixed Width RDW Mode ; Port A RDW Mode        ; Port B RDW Mode        ; ECC Mode ; ECC Pipeline Registers ; Fits in MLABs ;
+-------------------------------------------------------------------------------------------------------------------------------------------------------------------------------------------------------------------------------------------------------------------------------------------------------------------------------------------------------------------------------------------------------------------------------------------+------+------------------+--------------+--------------+--------------+--------------+--------------+------------------------+-------------------------+------------------------+-------------------------+--------+-----------------------------+-----------------------------+-----------------------------+-----------------------------+---------------------+------+------+--------------------------------------------------------------------------------------------------------------------------------------------------------------------------------------------------------------------------------------------+----------------------+------------------------+------------------------+----------+------------------------+---------------+
; i2c_oled_ni2:u0|altera_avalon_i2c:i2c_0|altera_avalon_i2c_fifo:u_rxfifo|altsyncram:the_dp_ram|altsyncram_h0b1:auto_generated|ALTSYNCRAM                                                                                                                                                                                                                                                                                                   ; AUTO ; Simple Dual Port ; Single Clock ; 4            ; 8            ; 4            ; 8            ; yes                    ; no                      ; yes                    ; yes                     ; 32     ; 4                           ; 8                           ; 4                           ; 8                           ; 32                  ; 1    ; None ; M9K_X26_Y17_N0                                                                                                                                                                                                                             ; Don't care           ; New data with NBE Read ; New data with NBE Read ; Off      ; No                     ; No - Unknown  ;
; i2c_oled_ni2:u0|altera_avalon_i2c:i2c_0|altera_avalon_i2c_fifo:u_txfifo|altsyncram:the_dp_ram|altsyncram_33b1:auto_generated|ALTSYNCRAM                                                                                                                                                                                                                                                                                                   ; AUTO ; Simple Dual Port ; Single Clock ; 4            ; 10           ; 4            ; 10           ; yes                    ; no                      ; yes                    ; yes                     ; 40     ; 4                           ; 10                          ; 4                           ; 10                          ; 40                  ; 1    ; None ; M9K_X26_Y20_N0                                                                                                                                                                                                                             ; Don't care           ; New data with NBE Read ; New data with NBE Read ; Off      ; No                     ; No - Unknown  ;
; i2c_oled_ni2:u0|i2c_oled_ni2_jtag_uart_0:jtag_uart_0|i2c_oled_ni2_jtag_uart_0_scfifo_r:the_i2c_oled_ni2_jtag_uart_0_scfifo_r|scfifo:rfifo|scfifo_9621:auto_generated|a_dpfifo_bb01:dpfifo|altsyncram_dtn1:FIFOram|ALTSYNCRAM                                                                                                                                                                                                              ; AUTO ; Simple Dual Port ; Single Clock ; 64           ; 8            ; 64           ; 8            ; yes                    ; no                      ; yes                    ; no                      ; 512    ; 64                          ; 8                           ; 64                          ; 8                           ; 512                 ; 1    ; None ; M9K_X26_Y14_N0                                                                                                                                                                                                                             ; Don't care           ; New data with NBE Read ; New data with NBE Read ; Off      ; No                     ; No - Unknown  ;
; i2c_oled_ni2:u0|i2c_oled_ni2_jtag_uart_0:jtag_uart_0|i2c_oled_ni2_jtag_uart_0_scfifo_w:the_i2c_oled_ni2_jtag_uart_0_scfifo_w|scfifo:wfifo|scfifo_9621:auto_generated|a_dpfifo_bb01:dpfifo|altsyncram_dtn1:FIFOram|ALTSYNCRAM                                                                                                                                                                                                              ; AUTO ; Simple Dual Port ; Single Clock ; 64           ; 8            ; 64           ; 8            ; yes                    ; no                      ; yes                    ; yes                     ; 512    ; 64                          ; 8                           ; 64                          ; 8                           ; 512                 ; 1    ; None ; M9K_X8_Y9_N0                                                                                                                                                                                                                               ; Don't care           ; New data with NBE Read ; New data with NBE Read ; Off      ; No                     ; No - Unknown  ;
; i2c_oled_ni2:u0|i2c_oled_ni2_nios2_gen2_0:nios2_gen2_0|i2c_oled_ni2_nios2_gen2_0_cpu:cpu|i2c_oled_ni2_nios2_gen2_0_cpu_nios2_oci:the_i2c_oled_ni2_nios2_gen2_0_cpu_nios2_oci|i2c_oled_ni2_nios2_gen2_0_cpu_nios2_ocimem:the_i2c_oled_ni2_nios2_gen2_0_cpu_nios2_ocimem|i2c_oled_ni2_nios2_gen2_0_cpu_ociram_sp_ram_module:i2c_oled_ni2_nios2_gen2_0_cpu_ociram_sp_ram|altsyncram:the_altsyncram|altsyncram_0n61:auto_generated|ALTSYNCRAM ; AUTO ; Single Port      ; Single Clock ; 256          ; 32           ; --           ; --           ; yes                    ; no                      ; --                     ; --                      ; 8192   ; 256                         ; 32                          ; --                          ; --                          ; 8192                ; 1    ; None ; M9K_X8_Y6_N0                                                                                                                                                                                                                               ; Don't care           ; New data with NBE Read ; New data with NBE Read ; Off      ; No                     ; No - Unknown  ;
; i2c_oled_ni2:u0|i2c_oled_ni2_nios2_gen2_0:nios2_gen2_0|i2c_oled_ni2_nios2_gen2_0_cpu:cpu|i2c_oled_ni2_nios2_gen2_0_cpu_register_bank_a_module:i2c_oled_ni2_nios2_gen2_0_cpu_register_bank_a|altsyncram:the_altsyncram|altsyncram_s0c1:auto_generated|ALTSYNCRAM                                                                                                                                                                           ; AUTO ; Simple Dual Port ; Single Clock ; 32           ; 32           ; 32           ; 32           ; yes                    ; no                      ; yes                    ; no                      ; 1024   ; 32                          ; 32                          ; 32                          ; 32                          ; 1024                ; 1    ; None ; M9K_X26_Y8_N0                                                                                                                                                                                                                              ; Don't care           ; New data with NBE Read ; New data with NBE Read ; Off      ; No                     ; No - Unknown  ;
; i2c_oled_ni2:u0|i2c_oled_ni2_nios2_gen2_0:nios2_gen2_0|i2c_oled_ni2_nios2_gen2_0_cpu:cpu|i2c_oled_ni2_nios2_gen2_0_cpu_register_bank_b_module:i2c_oled_ni2_nios2_gen2_0_cpu_register_bank_b|altsyncram:the_altsyncram|altsyncram_s0c1:auto_generated|ALTSYNCRAM                                                                                                                                                                           ; AUTO ; Simple Dual Port ; Single Clock ; 32           ; 32           ; 32           ; 32           ; yes                    ; no                      ; yes                    ; no                      ; 1024   ; 32                          ; 32                          ; 32                          ; 32                          ; 1024                ; 1    ; None ; M9K_X26_Y7_N0                                                                                                                                                                                                                              ; Don't care           ; New data with NBE Read ; New data with NBE Read ; Off      ; No                     ; No - Unknown  ;
; i2c_oled_ni2:u0|i2c_oled_ni2_onchip_memory2_0:onchip_memory2_0|altsyncram:the_altsyncram|altsyncram_okc1:auto_generated|ALTSYNCRAM                                                                                                                                                                                                                                                                                                        ; AUTO ; Single Port      ; Single Clock ; 4000         ; 32           ; --           ; --           ; yes                    ; no                      ; --                     ; --                      ; 128000 ; 4000                        ; 32                          ; --                          ; --                          ; 128000              ; 16   ; None ; M9K_X26_Y12_N0, M9K_X26_Y10_N0, M9K_X8_Y3_N0, M9K_X26_Y3_N0, M9K_X26_Y6_N0, M9K_X26_Y5_N0, M9K_X8_Y8_N0, M9K_X8_Y7_N0, M9K_X26_Y11_N0, M9K_X5_Y7_N0, M9K_X5_Y9_N0, M9K_X8_Y5_N0, M9K_X26_Y4_N0, M9K_X26_Y2_N0, M9K_X8_Y4_N0, M9K_X26_Y9_N0 ; Don't care           ; New data with NBE Read ; New data with NBE Read ; Off      ; No                     ; No - Unknown  ;
+-------------------------------------------------------------------------------------------------------------------------------------------------------------------------------------------------------------------------------------------------------------------------------------------------------------------------------------------------------------------------------------------------------------------------------------------+------+------------------+--------------+--------------+--------------+--------------+--------------+------------------------+-------------------------+------------------------+-------------------------+--------+-----------------------------+-----------------------------+-----------------------------+-----------------------------+---------------------+------+------+--------------------------------------------------------------------------------------------------------------------------------------------------------------------------------------------------------------------------------------------+----------------------+------------------------+------------------------+----------+------------------------+---------------+
Note: Fitter may spread logical memories into multiple blocks to improve timing. The actual required RAM blocks can be found in the Fitter Resource Usage section.


+-------------------------------------------------+
; Routing Usage Summary                           ;
+-----------------------+-------------------------+
; Routing Resource Type ; Usage                   ;
+-----------------------+-------------------------+
; Block interconnects   ; 3,806 / 27,275 ( 14 % ) ;
; C16 interconnects     ; 10 / 1,240 ( < 1 % )    ;
; C4 interconnects      ; 2,226 / 20,832 ( 11 % ) ;
; Direct links          ; 476 / 27,275 ( 2 % )    ;
; Global clocks         ; 4 / 10 ( 40 % )         ;
; Local interconnects   ; 1,235 / 8,064 ( 15 % )  ;
; R24 interconnects     ; 27 / 1,320 ( 2 % )      ;
; R4 interconnects      ; 2,736 / 28,560 ( 10 % ) ;
+-----------------------+-------------------------+


+-----------------------------------------------------------------------------+
; LAB Logic Elements                                                          ;
+---------------------------------------------+-------------------------------+
; Number of Logic Elements  (Average = 11.90) ; Number of LABs  (Total = 208) ;
+---------------------------------------------+-------------------------------+
; 1                                           ; 13                            ;
; 2                                           ; 8                             ;
; 3                                           ; 7                             ;
; 4                                           ; 3                             ;
; 5                                           ; 8                             ;
; 6                                           ; 7                             ;
; 7                                           ; 3                             ;
; 8                                           ; 3                             ;
; 9                                           ; 4                             ;
; 10                                          ; 4                             ;
; 11                                          ; 9                             ;
; 12                                          ; 7                             ;
; 13                                          ; 11                            ;
; 14                                          ; 11                            ;
; 15                                          ; 29                            ;
; 16                                          ; 81                            ;
+---------------------------------------------+-------------------------------+


+--------------------------------------------------------------------+
; LAB-wide Signals                                                   ;
+------------------------------------+-------------------------------+
; LAB-wide Signals  (Average = 2.21) ; Number of LABs  (Total = 208) ;
+------------------------------------+-------------------------------+
; 1 Async. clear                     ; 156                           ;
; 1 Clock                            ; 183                           ;
; 1 Clock enable                     ; 59                            ;
; 1 Sync. clear                      ; 8                             ;
; 1 Sync. load                       ; 24                            ;
; 2 Async. clears                    ; 2                             ;
; 2 Clock enables                    ; 19                            ;
; 2 Clocks                           ; 8                             ;
+------------------------------------+-------------------------------+


+------------------------------------------------------------------------------+
; LAB Signals Sourced                                                          ;
+----------------------------------------------+-------------------------------+
; Number of Signals Sourced  (Average = 18.03) ; Number of LABs  (Total = 208) ;
+----------------------------------------------+-------------------------------+
; 0                                            ; 1                             ;
; 1                                            ; 6                             ;
; 2                                            ; 8                             ;
; 3                                            ; 2                             ;
; 4                                            ; 6                             ;
; 5                                            ; 3                             ;
; 6                                            ; 5                             ;
; 7                                            ; 4                             ;
; 8                                            ; 1                             ;
; 9                                            ; 3                             ;
; 10                                           ; 3                             ;
; 11                                           ; 1                             ;
; 12                                           ; 7                             ;
; 13                                           ; 6                             ;
; 14                                           ; 2                             ;
; 15                                           ; 3                             ;
; 16                                           ; 10                            ;
; 17                                           ; 8                             ;
; 18                                           ; 11                            ;
; 19                                           ; 7                             ;
; 20                                           ; 17                            ;
; 21                                           ; 10                            ;
; 22                                           ; 9                             ;
; 23                                           ; 13                            ;
; 24                                           ; 11                            ;
; 25                                           ; 20                            ;
; 26                                           ; 8                             ;
; 27                                           ; 6                             ;
; 28                                           ; 4                             ;
; 29                                           ; 3                             ;
; 30                                           ; 4                             ;
; 31                                           ; 4                             ;
; 32                                           ; 2                             ;
+----------------------------------------------+-------------------------------+


+---------------------------------------------------------------------------------+
; LAB Signals Sourced Out                                                         ;
+-------------------------------------------------+-------------------------------+
; Number of Signals Sourced Out  (Average = 8.39) ; Number of LABs  (Total = 208) ;
+-------------------------------------------------+-------------------------------+
; 0                                               ; 1                             ;
; 1                                               ; 11                            ;
; 2                                               ; 20                            ;
; 3                                               ; 5                             ;
; 4                                               ; 14                            ;
; 5                                               ; 11                            ;
; 6                                               ; 13                            ;
; 7                                               ; 14                            ;
; 8                                               ; 14                            ;
; 9                                               ; 17                            ;
; 10                                              ; 22                            ;
; 11                                              ; 17                            ;
; 12                                              ; 13                            ;
; 13                                              ; 5                             ;
; 14                                              ; 10                            ;
; 15                                              ; 4                             ;
; 16                                              ; 13                            ;
; 17                                              ; 0                             ;
; 18                                              ; 1                             ;
; 19                                              ; 0                             ;
; 20                                              ; 1                             ;
; 21                                              ; 0                             ;
; 22                                              ; 0                             ;
; 23                                              ; 0                             ;
; 24                                              ; 0                             ;
; 25                                              ; 0                             ;
; 26                                              ; 1                             ;
; 27                                              ; 1                             ;
+-------------------------------------------------+-------------------------------+


+------------------------------------------------------------------------------+
; LAB Distinct Inputs                                                          ;
+----------------------------------------------+-------------------------------+
; Number of Distinct Inputs  (Average = 15.79) ; Number of LABs  (Total = 208) ;
+----------------------------------------------+-------------------------------+
; 0                                            ; 0                             ;
; 1                                            ; 0                             ;
; 2                                            ; 6                             ;
; 3                                            ; 10                            ;
; 4                                            ; 5                             ;
; 5                                            ; 8                             ;
; 6                                            ; 10                            ;
; 7                                            ; 9                             ;
; 8                                            ; 6                             ;
; 9                                            ; 4                             ;
; 10                                           ; 4                             ;
; 11                                           ; 6                             ;
; 12                                           ; 8                             ;
; 13                                           ; 11                            ;
; 14                                           ; 7                             ;
; 15                                           ; 8                             ;
; 16                                           ; 4                             ;
; 17                                           ; 5                             ;
; 18                                           ; 9                             ;
; 19                                           ; 11                            ;
; 20                                           ; 9                             ;
; 21                                           ; 8                             ;
; 22                                           ; 8                             ;
; 23                                           ; 10                            ;
; 24                                           ; 4                             ;
; 25                                           ; 4                             ;
; 26                                           ; 7                             ;
; 27                                           ; 4                             ;
; 28                                           ; 6                             ;
; 29                                           ; 3                             ;
; 30                                           ; 1                             ;
; 31                                           ; 2                             ;
; 32                                           ; 3                             ;
; 33                                           ; 3                             ;
; 34                                           ; 0                             ;
; 35                                           ; 1                             ;
; 36                                           ; 0                             ;
; 37                                           ; 0                             ;
; 38                                           ; 2                             ;
+----------------------------------------------+-------------------------------+


+------------------------------------------+
; I/O Rules Summary                        ;
+----------------------------------+-------+
; I/O Rules Statistic              ; Total ;
+----------------------------------+-------+
; Total I/O Rules                  ; 30    ;
; Number of I/O Rules Passed       ; 13    ;
; Number of I/O Rules Failed       ; 0     ;
; Number of I/O Rules Unchecked    ; 0     ;
; Number of I/O Rules Inapplicable ; 17    ;
+----------------------------------+-------+


+-----------------------------------------------------------------------------------------------------------------------------------------------------------------------------------------------------------------------------------------------------------------------------------------------------+
; I/O Rules Details                                                                                                                                                                                                                                                                                   ;
+--------------+-----------+-----------------------------------+------------------------------------------------------------------------------------------------------+----------+--------------------------------------------------------------------------+---------------------+-------------------+
; Status       ; ID        ; Category                          ; Rule Description                                                                                     ; Severity ; Information                                                              ; Area                ; Extra Information ;
+--------------+-----------+-----------------------------------+------------------------------------------------------------------------------------------------------+----------+--------------------------------------------------------------------------+---------------------+-------------------+
; Pass         ; IO_000001 ; Capacity Checks                   ; Number of pins in an I/O bank should not exceed the number of locations available.                   ; Critical ; 0 such failures found.                                                   ; I/O                 ;                   ;
; Inapplicable ; IO_000002 ; Capacity Checks                   ; Number of clocks in an I/O bank should not exceed the number of clocks available.                    ; Critical ; No Global Signal assignments found.                                      ; I/O                 ;                   ;
; Pass         ; IO_000003 ; Capacity Checks                   ; Number of pins in a Vrefgroup should not exceed the number of locations available.                   ; Critical ; 0 such failures found.                                                   ; I/O                 ;                   ;
; Inapplicable ; IO_000004 ; Voltage Compatibility Checks      ; The I/O bank should support the requested VCCIO.                                                     ; Critical ; No IOBANK_VCCIO assignments found.                                       ; I/O                 ;                   ;
; Inapplicable ; IO_000005 ; Voltage Compatibility Checks      ; The I/O bank should not have competing VREF values.                                                  ; Critical ; No VREF I/O Standard assignments found.                                  ; I/O                 ;                   ;
; Pass         ; IO_000006 ; Voltage Compatibility Checks      ; The I/O bank should not have competing VCCIO values.                                                 ; Critical ; 0 such failures found.                                                   ; I/O                 ;                   ;
; Pass         ; IO_000007 ; Valid Location Checks             ; Checks for unavailable locations.                                                                    ; Critical ; 0 such failures found.                                                   ; I/O                 ;                   ;
; Inapplicable ; IO_000008 ; Valid Location Checks             ; Checks for reserved locations.                                                                       ; Critical ; No reserved LogicLock region found.                                      ; I/O                 ;                   ;
; Pass         ; IO_000009 ; I/O Properties Checks for One I/O ; The location should support the requested I/O standard.                                              ; Critical ; 0 such failures found.                                                   ; I/O                 ;                   ;
; Pass         ; IO_000010 ; I/O Properties Checks for One I/O ; The location should support the requested I/O direction.                                             ; Critical ; 0 such failures found.                                                   ; I/O                 ;                   ;
; Inapplicable ; IO_000011 ; I/O Properties Checks for One I/O ; The location should support the requested Current Strength.                                          ; Critical ; No Current Strength assignments found.                                   ; I/O                 ;                   ;
; Pass         ; IO_000012 ; I/O Properties Checks for One I/O ; The location should support the requested On Chip Termination value.                                 ; Critical ; 0 such failures found.                                                   ; I/O                 ;                   ;
; Inapplicable ; IO_000013 ; I/O Properties Checks for One I/O ; The location should support the requested Bus Hold value.                                            ; Critical ; No Enable Bus-Hold Circuitry assignments found.                          ; I/O                 ;                   ;
; Inapplicable ; IO_000014 ; I/O Properties Checks for One I/O ; The location should support the requested Weak Pull Up value.                                        ; Critical ; No Weak Pull-Up Resistor assignments found.                              ; I/O                 ;                   ;
; Pass         ; IO_000015 ; I/O Properties Checks for One I/O ; The location should support the requested PCI Clamp Diode.                                           ; Critical ; 0 such failures found.                                                   ; I/O                 ;                   ;
; Inapplicable ; IO_000018 ; I/O Properties Checks for One I/O ; The I/O standard should support the requested Current Strength.                                      ; Critical ; No Current Strength assignments found.                                   ; I/O                 ;                   ;
; Pass         ; IO_000019 ; I/O Properties Checks for One I/O ; The I/O standard should support the requested On Chip Termination value.                             ; Critical ; 0 such failures found.                                                   ; I/O                 ;                   ;
; Pass         ; IO_000020 ; I/O Properties Checks for One I/O ; The I/O standard should support the requested PCI Clamp Diode.                                       ; Critical ; 0 such failures found.                                                   ; I/O                 ;                   ;
; Inapplicable ; IO_000021 ; I/O Properties Checks for One I/O ; The I/O standard should support the requested Weak Pull Up value.                                    ; Critical ; No Weak Pull-Up Resistor assignments found.                              ; I/O                 ;                   ;
; Inapplicable ; IO_000022 ; I/O Properties Checks for One I/O ; The I/O standard should support the requested Bus Hold value.                                        ; Critical ; No Enable Bus-Hold Circuitry assignments found.                          ; I/O                 ;                   ;
; Pass         ; IO_000023 ; I/O Properties Checks for One I/O ; The I/O standard should support the Open Drain value.                                                ; Critical ; 0 such failures found.                                                   ; I/O                 ;                   ;
; Pass         ; IO_000024 ; I/O Properties Checks for One I/O ; The I/O direction should support the On Chip Termination value.                                      ; Critical ; 0 such failures found.                                                   ; I/O                 ;                   ;
; Inapplicable ; IO_000026 ; I/O Properties Checks for One I/O ; On Chip Termination and Current Strength should not be used at the same time.                        ; Critical ; No Current Strength assignments found.                                   ; I/O                 ;                   ;
; Inapplicable ; IO_000027 ; I/O Properties Checks for One I/O ; Weak Pull Up and Bus Hold should not be used at the same time.                                       ; Critical ; No Enable Bus-Hold Circuitry or Weak Pull-Up Resistor assignments found. ; I/O                 ;                   ;
; Inapplicable ; IO_000045 ; I/O Properties Checks for One I/O ; The I/O standard should support the requested Slew Rate value.                                       ; Critical ; No Slew Rate assignments found.                                          ; I/O                 ;                   ;
; Inapplicable ; IO_000046 ; I/O Properties Checks for One I/O ; The location should support the requested Slew Rate value.                                           ; Critical ; No Slew Rate assignments found.                                          ; I/O                 ;                   ;
; Inapplicable ; IO_000047 ; I/O Properties Checks for One I/O ; On Chip Termination and Slew Rate should not be used at the same time.                               ; Critical ; No Slew Rate assignments found.                                          ; I/O                 ;                   ;
; Pass         ; IO_000033 ; Electromigration Checks           ; Current density for consecutive I/Os should not exceed 160mA for row I/Os and 160mA for column I/Os. ; Critical ; 0 such failures found.                                                   ; I/O                 ;                   ;
; Inapplicable ; IO_000034 ; SI Related Distance Checks        ; Single-ended outputs should be 5 LAB row(s) away from a differential I/O.                            ; High     ; No Differential I/O Standard assignments found.                          ; I/O                 ;                   ;
; Inapplicable ; IO_000042 ; SI Related SSO Limit Checks       ; No more than 20 outputs are allowed in a VREF group when VREF is being read from.                    ; High     ; No VREF I/O Standard assignments found.                                  ; I/O                 ;                   ;
; ----         ; ----      ; Disclaimer                        ; OCT rules are checked but not reported.                                                              ; None     ; ----                                                                     ; On Chip Termination ;                   ;
+--------------+-----------+-----------------------------------+------------------------------------------------------------------------------------------------------+----------+--------------------------------------------------------------------------+---------------------+-------------------+


+---------------------------------------------------------------------------------------------------------------------------------------------------------------------------------------------------------------------------------------------------------------------------------------------------------------------------------------------------------------------------------------------------------------------------------------------------------------------------+
; I/O Rules Matrix                                                                                                                                                                                                                                                                                                                                                                                                                                                          ;
+---------------------+--------------+--------------+--------------+--------------+--------------+-----------+--------------+--------------+-----------+-----------+--------------+--------------+--------------+--------------+--------------+--------------+--------------+--------------+--------------+--------------+--------------+--------------+--------------+--------------+--------------+--------------+--------------+-----------+--------------+--------------+
; Pin/Rules           ; IO_000001    ; IO_000002    ; IO_000003    ; IO_000004    ; IO_000005    ; IO_000006 ; IO_000007    ; IO_000008    ; IO_000009 ; IO_000010 ; IO_000011    ; IO_000012    ; IO_000013    ; IO_000014    ; IO_000015    ; IO_000018    ; IO_000019    ; IO_000020    ; IO_000021    ; IO_000022    ; IO_000023    ; IO_000024    ; IO_000026    ; IO_000027    ; IO_000045    ; IO_000046    ; IO_000047    ; IO_000033 ; IO_000034    ; IO_000042    ;
+---------------------+--------------+--------------+--------------+--------------+--------------+-----------+--------------+--------------+-----------+-----------+--------------+--------------+--------------+--------------+--------------+--------------+--------------+--------------+--------------+--------------+--------------+--------------+--------------+--------------+--------------+--------------+--------------+-----------+--------------+--------------+
; Total Pass          ; 9            ; 0            ; 9            ; 0            ; 0            ; 13        ; 9            ; 0            ; 13        ; 13        ; 0            ; 4            ; 0            ; 0            ; 4            ; 0            ; 4            ; 4            ; 0            ; 0            ; 2            ; 4            ; 0            ; 0            ; 0            ; 0            ; 0            ; 13        ; 0            ; 0            ;
; Total Unchecked     ; 0            ; 0            ; 0            ; 0            ; 0            ; 0         ; 0            ; 0            ; 0         ; 0         ; 0            ; 0            ; 0            ; 0            ; 0            ; 0            ; 0            ; 0            ; 0            ; 0            ; 0            ; 0            ; 0            ; 0            ; 0            ; 0            ; 0            ; 0         ; 0            ; 0            ;
; Total Inapplicable  ; 4            ; 13           ; 4            ; 13           ; 13           ; 0         ; 4            ; 13           ; 0         ; 0         ; 13           ; 9            ; 13           ; 13           ; 9            ; 13           ; 9            ; 9            ; 13           ; 13           ; 11           ; 9            ; 13           ; 13           ; 13           ; 13           ; 13           ; 0         ; 13           ; 13           ;
; Total Fail          ; 0            ; 0            ; 0            ; 0            ; 0            ; 0         ; 0            ; 0            ; 0         ; 0         ; 0            ; 0            ; 0            ; 0            ; 0            ; 0            ; 0            ; 0            ; 0            ; 0            ; 0            ; 0            ; 0            ; 0            ; 0            ; 0            ; 0            ; 0         ; 0            ; 0            ;
; uart_txd            ; Pass         ; Inapplicable ; Pass         ; Inapplicable ; Inapplicable ; Pass      ; Pass         ; Inapplicable ; Pass      ; Pass      ; Inapplicable ; Inapplicable ; Inapplicable ; Inapplicable ; Inapplicable ; Inapplicable ; Inapplicable ; Inapplicable ; Inapplicable ; Inapplicable ; Inapplicable ; Inapplicable ; Inapplicable ; Inapplicable ; Inapplicable ; Inapplicable ; Inapplicable ; Pass      ; Inapplicable ; Inapplicable ;
; leds_export[0]      ; Pass         ; Inapplicable ; Pass         ; Inapplicable ; Inapplicable ; Pass      ; Pass         ; Inapplicable ; Pass      ; Pass      ; Inapplicable ; Pass         ; Inapplicable ; Inapplicable ; Inapplicable ; Inapplicable ; Pass         ; Inapplicable ; Inapplicable ; Inapplicable ; Inapplicable ; Pass         ; Inapplicable ; Inapplicable ; Inapplicable ; Inapplicable ; Inapplicable ; Pass      ; Inapplicable ; Inapplicable ;
; leds_export[1]      ; Pass         ; Inapplicable ; Pass         ; Inapplicable ; Inapplicable ; Pass      ; Pass         ; Inapplicable ; Pass      ; Pass      ; Inapplicable ; Pass         ; Inapplicable ; Inapplicable ; Inapplicable ; Inapplicable ; Pass         ; Inapplicable ; Inapplicable ; Inapplicable ; Inapplicable ; Pass         ; Inapplicable ; Inapplicable ; Inapplicable ; Inapplicable ; Inapplicable ; Pass      ; Inapplicable ; Inapplicable ;
; leds_export[2]      ; Pass         ; Inapplicable ; Pass         ; Inapplicable ; Inapplicable ; Pass      ; Pass         ; Inapplicable ; Pass      ; Pass      ; Inapplicable ; Pass         ; Inapplicable ; Inapplicable ; Inapplicable ; Inapplicable ; Pass         ; Inapplicable ; Inapplicable ; Inapplicable ; Inapplicable ; Pass         ; Inapplicable ; Inapplicable ; Inapplicable ; Inapplicable ; Inapplicable ; Pass      ; Inapplicable ; Inapplicable ;
; leds_export[3]      ; Pass         ; Inapplicable ; Pass         ; Inapplicable ; Inapplicable ; Pass      ; Pass         ; Inapplicable ; Pass      ; Pass      ; Inapplicable ; Pass         ; Inapplicable ; Inapplicable ; Inapplicable ; Inapplicable ; Pass         ; Inapplicable ; Inapplicable ; Inapplicable ; Inapplicable ; Pass         ; Inapplicable ; Inapplicable ; Inapplicable ; Inapplicable ; Inapplicable ; Pass      ; Inapplicable ; Inapplicable ;
; I2C_SCL             ; Pass         ; Inapplicable ; Pass         ; Inapplicable ; Inapplicable ; Pass      ; Pass         ; Inapplicable ; Pass      ; Pass      ; Inapplicable ; Inapplicable ; Inapplicable ; Inapplicable ; Pass         ; Inapplicable ; Inapplicable ; Pass         ; Inapplicable ; Inapplicable ; Pass         ; Inapplicable ; Inapplicable ; Inapplicable ; Inapplicable ; Inapplicable ; Inapplicable ; Pass      ; Inapplicable ; Inapplicable ;
; I2C_SDA             ; Pass         ; Inapplicable ; Pass         ; Inapplicable ; Inapplicable ; Pass      ; Pass         ; Inapplicable ; Pass      ; Pass      ; Inapplicable ; Inapplicable ; Inapplicable ; Inapplicable ; Pass         ; Inapplicable ; Inapplicable ; Pass         ; Inapplicable ; Inapplicable ; Pass         ; Inapplicable ; Inapplicable ; Inapplicable ; Inapplicable ; Inapplicable ; Inapplicable ; Pass      ; Inapplicable ; Inapplicable ;
; clk_clk             ; Pass         ; Inapplicable ; Pass         ; Inapplicable ; Inapplicable ; Pass      ; Pass         ; Inapplicable ; Pass      ; Pass      ; Inapplicable ; Inapplicable ; Inapplicable ; Inapplicable ; Pass         ; Inapplicable ; Inapplicable ; Pass         ; Inapplicable ; Inapplicable ; Inapplicable ; Inapplicable ; Inapplicable ; Inapplicable ; Inapplicable ; Inapplicable ; Inapplicable ; Pass      ; Inapplicable ; Inapplicable ;
; uart_rxd            ; Pass         ; Inapplicable ; Pass         ; Inapplicable ; Inapplicable ; Pass      ; Pass         ; Inapplicable ; Pass      ; Pass      ; Inapplicable ; Inapplicable ; Inapplicable ; Inapplicable ; Pass         ; Inapplicable ; Inapplicable ; Pass         ; Inapplicable ; Inapplicable ; Inapplicable ; Inapplicable ; Inapplicable ; Inapplicable ; Inapplicable ; Inapplicable ; Inapplicable ; Pass      ; Inapplicable ; Inapplicable ;
; altera_reserved_tms ; Inapplicable ; Inapplicable ; Inapplicable ; Inapplicable ; Inapplicable ; Pass      ; Inapplicable ; Inapplicable ; Pass      ; Pass      ; Inapplicable ; Inapplicable ; Inapplicable ; Inapplicable ; Inapplicable ; Inapplicable ; Inapplicable ; Inapplicable ; Inapplicable ; Inapplicable ; Inapplicable ; Inapplicable ; Inapplicable ; Inapplicable ; Inapplicable ; Inapplicable ; Inapplicable ; Pass      ; Inapplicable ; Inapplicable ;
; altera_reserved_tck ; Inapplicable ; Inapplicable ; Inapplicable ; Inapplicable ; Inapplicable ; Pass      ; Inapplicable ; Inapplicable ; Pass      ; Pass      ; Inapplicable ; Inapplicable ; Inapplicable ; Inapplicable ; Inapplicable ; Inapplicable ; Inapplicable ; Inapplicable ; Inapplicable ; Inapplicable ; Inapplicable ; Inapplicable ; Inapplicable ; Inapplicable ; Inapplicable ; Inapplicable ; Inapplicable ; Pass      ; Inapplicable ; Inapplicable ;
; altera_reserved_tdi ; Inapplicable ; Inapplicable ; Inapplicable ; Inapplicable ; Inapplicable ; Pass      ; Inapplicable ; Inapplicable ; Pass      ; Pass      ; Inapplicable ; Inapplicable ; Inapplicable ; Inapplicable ; Inapplicable ; Inapplicable ; Inapplicable ; Inapplicable ; Inapplicable ; Inapplicable ; Inapplicable ; Inapplicable ; Inapplicable ; Inapplicable ; Inapplicable ; Inapplicable ; Inapplicable ; Pass      ; Inapplicable ; Inapplicable ;
; altera_reserved_tdo ; Inapplicable ; Inapplicable ; Inapplicable ; Inapplicable ; Inapplicable ; Pass      ; Inapplicable ; Inapplicable ; Pass      ; Pass      ; Inapplicable ; Inapplicable ; Inapplicable ; Inapplicable ; Inapplicable ; Inapplicable ; Inapplicable ; Inapplicable ; Inapplicable ; Inapplicable ; Inapplicable ; Inapplicable ; Inapplicable ; Inapplicable ; Inapplicable ; Inapplicable ; Inapplicable ; Pass      ; Inapplicable ; Inapplicable ;
+---------------------+--------------+--------------+--------------+--------------+--------------+-----------+--------------+--------------+-----------+-----------+--------------+--------------+--------------+--------------+--------------+--------------+--------------+--------------+--------------+--------------+--------------+--------------+--------------+--------------+--------------+--------------+--------------+-----------+--------------+--------------+


+-------------------------------------------------------------------------------------------+
; Fitter Device Options                                                                     ;
+------------------------------------------------------------------+------------------------+
; Option                                                           ; Setting                ;
+------------------------------------------------------------------+------------------------+
; Enable user-supplied start-up clock (CLKUSR)                     ; Off                    ;
; Enable device-wide reset (DEV_CLRn)                              ; Off                    ;
; Enable device-wide output enable (DEV_OE)                        ; Off                    ;
; Enable INIT_DONE output                                          ; Off                    ;
; Configuration scheme                                             ; Internal Configuration ;
; Enable Error Detection CRC_ERROR pin                             ; Off                    ;
; Enable open drain on CRC_ERROR pin                               ; Off                    ;
; Enable nCONFIG, nSTATUS, and CONF_DONE pins                      ; On                     ;
; Enable JTAG pin sharing                                          ; Off                    ;
; Enable nCE pin                                                   ; Off                    ;
; Enable CONFIG_SEL pin                                            ; On                     ;
; Enable input tri-state on active configuration pins in user mode ; Off                    ;
; Configuration Voltage Level                                      ; Auto                   ;
; Force Configuration Voltage Level                                ; Off                    ;
; Data[0]                                                          ; Unreserved             ;
; Data[1]/ASDO                                                     ; Unreserved             ;
; FLASH_nCE/nCSO                                                   ; Unreserved             ;
; DCLK                                                             ; Unreserved             ;
+------------------------------------------------------------------+------------------------+


+------------------------------------+
; Operating Settings and Conditions  ;
+---------------------------+--------+
; Setting                   ; Value  ;
+---------------------------+--------+
; Nominal Core Voltage      ; 1.20 V ;
; Low Junction Temperature  ; 0 °C   ;
; High Junction Temperature ; 85 °C  ;
+---------------------------+--------+


+-----------------+
; Fitter Messages ;
+-----------------+
Warning (18236): Number of processors has not been specified which may cause overloading on shared machines.  Set the global assignment NUM_PARALLEL_PROCESSORS in your QSF to an appropriate value for best performance.
Info (20030): Parallel compilation is enabled and will use 8 of the 8 processors detected
Info (119006): Selected device 10M08SCE144C8G for design "i2c_oled_ni2"
Info (21077): Low junction temperature is 0 degrees C
Info (21077): High junction temperature is 85 degrees C
Info (171003): Fitter is performing an Auto Fit compilation, which may decrease Fitter effort to reduce compilation time
Warning (292013): Feature LogicLock is only available with a valid subscription license. You can purchase a software subscription to gain full access to this feature.
Critical Warning (16562): Review the Power Analyzer report file (<design>.pow.rpt) to ensure your design is within the maximum power utilization limit of the single power-supply target device and to avoid functional failures.
Info (176444): Device migration not selected. If you intend to use device migration later, you may need to change the pin assignments as they may be incompatible with other devices
    Info (176445): Device 10M04SCE144C8G is compatible
    Info (176445): Device 10M16SCE144C8G is compatible
    Info (176445): Device 10M25SCE144C8G is compatible
Info (169124): Fitter converted 4 user pins into dedicated programming pins
    Info (169125): Pin ~ALTERA_CONFIG_SEL~ is reserved at location 126
    Info (169125): Pin ~ALTERA_nCONFIG~ is reserved at location 129
    Info (169125): Pin ~ALTERA_nSTATUS~ is reserved at location 136
    Info (169125): Pin ~ALTERA_CONF_DONE~ is reserved at location 138
Info (169141): DATA[0] dual-purpose pin not reserved
Info (12825): Data[1]/ASDO dual-purpose pin not reserved
Info (12825): nCSO dual-purpose pin not reserved
Info (12825): DCLK dual-purpose pin not reserved
Warning (15714): Some pins have incomplete I/O assignments. Refer to the I/O Assignment Warnings report for details
Info (176045): Design uses memory blocks. Violating setup or hold times of memory block address registers for either read or write operations could cause memory contents to be corrupted. Make sure that all memory block address registers meet the setup and hold time requirements.
Info (332164): Evaluating HDL-embedded SDC commands
    Info (332165): Entity alt_jtag_atlantic
        Info (332166): set_false_path -from [get_registers {*|alt_jtag_atlantic:*|jupdate}] -to [get_registers {*|alt_jtag_atlantic:*|jupdate1*}] 
        Info (332166): set_false_path -from [get_registers {*|alt_jtag_atlantic:*|rdata[*]}] -to [get_registers {*|alt_jtag_atlantic*|td_shift[*]}]
        Info (332166): set_false_path -from [get_registers {*|alt_jtag_atlantic:*|rdata[*]}] -to [get_registers {*|alt_jtag_atlantic*|td_shift[*]}]
        Info (332166): set_false_path -from [get_registers {*|alt_jtag_atlantic:*|rdata[*]}] -to [get_registers {*|alt_jtag_atlantic*|td_shift[*]}]
        Info (332166): set_false_path -from [get_registers {*|alt_jtag_atlantic:*|rdata[*]}] -to [get_registers {*|alt_jtag_atlantic*|td_shift[*]}]
        Info (332166): set_false_path -from [get_registers {*|alt_jtag_atlantic:*|rdata[*]}] -to [get_registers {*|alt_jtag_atlantic*|td_shift[*]}]
        Info (332166): set_false_path -from [get_registers {*|alt_jtag_atlantic:*|rdata[*]}] -to [get_registers {*|alt_jtag_atlantic*|td_shift[*]}]
        Info (332166): set_false_path -from [get_registers {*|alt_jtag_atlantic:*|rdata[*]}] -to [get_registers {*|alt_jtag_atlantic*|td_shift[*]}]
        Info (332166): set_false_path -from [get_registers {*|alt_jtag_atlantic:*|rdata[*]}] -to [get_registers {*|alt_jtag_atlantic*|td_shift[*]}]
        Info (332166): set_false_path -from [get_registers {*|alt_jtag_atlantic:*|read}] -to [get_registers {*|alt_jtag_atlantic:*|read1*}] 
        Info (332166): set_false_path -from [get_registers {*|alt_jtag_atlantic:*|read_req}]
        Info (332166): set_false_path -from [get_registers {*|alt_jtag_atlantic:*|rvalid}] -to [get_registers {*|alt_jtag_atlantic*|td_shift[*]}]
        Info (332166): set_false_path -from [get_registers {*|t_dav}] -to [get_registers {*|alt_jtag_atlantic:*|tck_t_dav}]
        Info (332166): set_false_path -from [get_registers {*|alt_jtag_atlantic:*|user_saw_rvalid}] -to [get_registers {*|alt_jtag_atlantic:*|rvalid0*}]
        Info (332166): set_false_path -from [get_registers {*|alt_jtag_atlantic:*|wdata[*]}] -to [get_registers {*}]
        Info (332166): set_false_path -from [get_registers {*|alt_jtag_atlantic:*|wdata[*]}] -to [get_registers {*}]
        Info (332166): set_false_path -from [get_registers {*|alt_jtag_atlantic:*|wdata[*]}] -to [get_registers {*}]
        Info (332166): set_false_path -from [get_registers {*|alt_jtag_atlantic:*|wdata[*]}] -to [get_registers {*}]
        Info (332166): set_false_path -from [get_registers {*|alt_jtag_atlantic:*|wdata[*]}] -to [get_registers {*}]
        Info (332166): set_false_path -from [get_registers {*|alt_jtag_atlantic:*|wdata[*]}] -to [get_registers {*}]
        Info (332166): set_false_path -from [get_registers {*|alt_jtag_atlantic:*|wdata[*]}] -to [get_registers {*}]
        Info (332166): set_false_path -from [get_registers {*|alt_jtag_atlantic:*|wdata[*]}] -to [get_registers {*}]
        Info (332166): set_false_path -from [get_registers {*|alt_jtag_atlantic:*|write}] -to [get_registers {*|alt_jtag_atlantic:*|write1*}] 
        Info (332166): set_false_path -from [get_registers {*|alt_jtag_atlantic:*|write_stalled}] -to [get_registers {*|alt_jtag_atlantic:*|t_ena*}]
        Info (332166): set_false_path -from [get_registers {*|alt_jtag_atlantic:*|write_stalled}] -to [get_registers {*|alt_jtag_atlantic:*|t_pause*}]
        Info (332166): set_false_path -from [get_registers {*|alt_jtag_atlantic:*|write_valid}]
    Info (332165): Entity altera_std_synchronizer
        Info (332166): set_false_path -to [get_keepers {*altera_std_synchronizer:*|din_s1}]
    Info (332165): Entity sld_hub
        Info (332166): create_clock -name altera_reserved_tck [get_ports {altera_reserved_tck}] -period 10MHz   
        Info (332166): set_clock_groups -asynchronous -group {altera_reserved_tck}
Info (332104): Reading SDC File: 'i2c_oled_ni2/synthesis/submodules/altera_reset_controller.sdc'
Info (332104): Reading SDC File: 'i2c_oled_ni2/synthesis/submodules/i2c_oled_ni2_nios2_gen2_0_cpu.sdc'
Warning (332060): Node: clk_clk was determined to be a clock but was found without an associated clock assignment.
    Info (13166): Register i2c_oled_ni2:u0|i2c_oled_ni2_nios2_gen2_0:nios2_gen2_0|i2c_oled_ni2_nios2_gen2_0_cpu:cpu|i2c_oled_ni2_nios2_gen2_0_cpu_nios2_oci:the_i2c_oled_ni2_nios2_gen2_0_cpu_nios2_oci|i2c_oled_ni2_nios2_gen2_0_cpu_nios2_oci_debug:the_i2c_oled_ni2_nios2_gen2_0_cpu_nios2_oci_debug|monitor_ready is being clocked by clk_clk
Info (332097): The following timing edges are non-unate.  TimeQuest will assume pos-unate behavior for these edges in the clock network.
    Info (332098): Cell: altera_internal_jtag  from: tck  to: tckutap
Critical Warning (332168): The following clock transfers have no clock uncertainty assignment. For more accurate results, apply clock uncertainty assignments or use the derive_clock_uncertainty command.
    Critical Warning (332169): From altera_reserved_tck (Rise) to altera_reserved_tck (Rise) (setup and hold)
    Critical Warning (332169): From altera_reserved_tck (Rise) to altera_reserved_tck (Fall) (setup and hold)
    Critical Warning (332169): From altera_reserved_tck (Fall) to altera_reserved_tck (Fall) (setup and hold)
Info (332129): Detected timing requirements -- optimizing circuit to achieve only the specified requirements
Info (332111): Found 1 clocks
    Info (332111):   Period   Clock Name
    Info (332111): ======== ============
    Info (332111):  100.000 altera_reserved_tck
Info (176353): Automatically promoted node clk_clk~input (placed in PIN 26 (CLK0n, DIFFIO_RX_L18n, DIFFOUT_L18n, High_Speed)) File: C:/intelFPGA_lite/17.1/prueba4_i2c_oled/NIOS2i2c.v Line: 2
    Info (176355): Automatically promoted destinations to use location or clock signal Global Clock CLKCTRL_G2
Info (176353): Automatically promoted node altera_internal_jtag~TCKUTAP 
    Info (176355): Automatically promoted destinations to use location or clock signal Global Clock
Info (176353): Automatically promoted node i2c_oled_ni2:u0|altera_reset_controller:rst_controller|r_sync_rst  File: C:/intelFPGA_lite/17.1/prueba4_i2c_oled/i2c_oled_ni2/synthesis/submodules/altera_reset_controller.v Line: 288
    Info (176355): Automatically promoted destinations to use location or clock signal Global Clock
    Info (176356): Following destination nodes may be non-global or may not use global or regional clocks
        Info (176357): Destination node i2c_oled_ni2:u0|altera_reset_controller:rst_controller|WideOr0~0 File: C:/intelFPGA_lite/17.1/prueba4_i2c_oled/i2c_oled_ni2/synthesis/submodules/altera_reset_controller.v Line: 290
        Info (176357): Destination node i2c_oled_ni2:u0|i2c_oled_ni2_nios2_gen2_0:nios2_gen2_0|i2c_oled_ni2_nios2_gen2_0_cpu:cpu|W_rf_wren File: C:/intelFPGA_lite/17.1/prueba4_i2c_oled/i2c_oled_ni2/synthesis/submodules/i2c_oled_ni2_nios2_gen2_0_cpu.v Line: 3451
        Info (176357): Destination node i2c_oled_ni2:u0|i2c_oled_ni2_nios2_gen2_0:nios2_gen2_0|i2c_oled_ni2_nios2_gen2_0_cpu:cpu|i2c_oled_ni2_nios2_gen2_0_cpu_nios2_oci:the_i2c_oled_ni2_nios2_gen2_0_cpu_nios2_oci|i2c_oled_ni2_nios2_gen2_0_cpu_nios2_oci_debug:the_i2c_oled_ni2_nios2_gen2_0_cpu_nios2_oci_debug|altera_std_synchronizer:the_altera_std_synchronizer|din_s1 File: c:/intelfpga_lite/17.1/quartus/libraries/megafunctions/altera_std_synchronizer.v Line: 45
Info (176353): Automatically promoted node i2c_oled_ni2:u0|i2c_oled_ni2_nios2_gen2_0:nios2_gen2_0|i2c_oled_ni2_nios2_gen2_0_cpu:cpu|i2c_oled_ni2_nios2_gen2_0_cpu_nios2_oci:the_i2c_oled_ni2_nios2_gen2_0_cpu_nios2_oci|i2c_oled_ni2_nios2_gen2_0_cpu_nios2_oci_debug:the_i2c_oled_ni2_nios2_gen2_0_cpu_nios2_oci_debug|resetrequest  File: C:/intelFPGA_lite/17.1/prueba4_i2c_oled/i2c_oled_ni2/synthesis/submodules/i2c_oled_ni2_nios2_gen2_0_cpu.v Line: 186
    Info (176355): Automatically promoted destinations to use location or clock signal Global Clock
Info (176233): Starting register packing
Info (176235): Finished register packing
    Extra Info (176218): Packed 8 registers into blocks of type Block RAM
Info (171121): Fitter preparation operations ending: elapsed time is 00:00:01
Info (14896): Fitter has disabled Advanced Physical Optimization because it is not supported for the current family.
Info (170189): Fitter placement preparation operations beginning
Info (170190): Fitter placement preparation operations ending: elapsed time is 00:00:00
Info (170191): Fitter placement operations beginning
Info (170137): Fitter placement was successful
Info (170192): Fitter placement operations ending: elapsed time is 00:00:01
Info (170193): Fitter routing operations beginning
Info (170195): Router estimated average interconnect usage is 8% of the available device resources
    Info (170196): Router estimated peak interconnect usage is 17% of the available device resources in the region that extends from location X10_Y0 to location X20_Y12
Info (170199): The Fitter performed an Auto Fit compilation.  Optimizations were skipped to reduce compilation time.
    Info (170201): Optimizations that may affect the design's routability were skipped
    Info (170200): Optimizations that may affect the design's timing were skipped
Info (170194): Fitter routing operations ending: elapsed time is 00:00:01
Info (11888): Total time spent on timing analysis during the Fitter is 0.24 seconds.
Info (334003): Started post-fitting delay annotation
Info (334004): Delay annotation completed successfully
Info (334003): Started post-fitting delay annotation
Info (334004): Delay annotation completed successfully
Info (11218): Fitter post-fit operations ending: elapsed time is 00:00:02
Warning (169177): 4 pins must meet Intel FPGA requirements for 3.3-, 3.0-, and 2.5-V interfaces. For more information, refer to AN 447: Interfacing MAX 10 Devices with 3.3/3.0/2.5-V LVTTL/LVCMOS I/O Systems.
    Info (169178): Pin I2C_SCL uses I/O standard 3.3-V LVTTL at 11 File: C:/intelFPGA_lite/17.1/prueba4_i2c_oled/NIOS2i2c.v Line: 7
    Info (169178): Pin I2C_SDA uses I/O standard 3.3-V LVTTL at 12 File: C:/intelFPGA_lite/17.1/prueba4_i2c_oled/NIOS2i2c.v Line: 9
    Info (169178): Pin clk_clk uses I/O standard 3.3-V LVTTL at 26 File: C:/intelFPGA_lite/17.1/prueba4_i2c_oled/NIOS2i2c.v Line: 2
    Info (169178): Pin uart_rxd uses I/O standard 3.3-V LVTTL at 32 File: C:/intelFPGA_lite/17.1/prueba4_i2c_oled/NIOS2i2c.v Line: 3
Info (144001): Generated suppressed messages file C:/intelFPGA_lite/17.1/prueba4_i2c_oled/output_files/i2c_oled_ni2.fit.smsg
Info: Quartus Prime Fitter was successful. 0 errors, 10 warnings
    Info: Peak virtual memory: 5894 megabytes
    Info: Processing ended: Sat Dec 20 18:06:43 2025
    Info: Elapsed time: 00:00:08
    Info: Total CPU time (on all processors): 00:00:14


+----------------------------+
; Fitter Suppressed Messages ;
+----------------------------+
The suppressed messages can be found in C:/intelFPGA_lite/17.1/prueba4_i2c_oled/output_files/i2c_oled_ni2.fit.smsg.


