Power Analyzer report for i2c_oled_ni2
Sat Dec 20 18:06:49 2025
Quartus Prime Version 17.1.0 Build 590 10/25/2017 SJ Lite Edition


---------------------
; Table of Contents ;
---------------------
  1. Legal Notice
  2. Parallel Compilation
  3. Power Analyzer Summary
  4. Power Analyzer Settings
  5. Indeterminate Toggle Rates
  6. Operating Conditions Used
  7. Thermal Power Dissipation by Block
  8. Thermal Power Dissipation by Block Type
  9. Thermal Power Dissipation by Hierarchy
 10. Core Dynamic Thermal Power Dissipation by Clock Domain
 11. Current Drawn from Voltage Supplies Summary
 12. VCCIO Supply Current Drawn by I/O Bank
 13. VCCIO Supply Current Drawn by Voltage
 14. Confidence Metric Details
 15. Signal Activities
 16. Power Analyzer Messages



----------------
; Legal Notice ;
----------------
Copyright (C) 2017  Intel Corporation. All rights reserved.
Your use of Intel Corporation's design tools, logic functions 
and other software and tools, and its AMPP partner logic 
functions, and any output files from any of the foregoing 
(including device programming or simulation files), and any 
associated documentation or information are expressly subject 
to the terms and conditions of the Intel Program License 
Subscription Agreement, the Intel Quartus Prime License Agreement,
the Intel FPGA IP License Agreement, or other applicable license
agreement, including, without limitation, that your use is for
the sole purpose of programming logic devices manufactured by
Intel and sold by Intel or its authorized distributors.  Please
refer to the applicable agreement for further details.



+------------------------------------------+
; Parallel Compilation                     ;
+----------------------------+-------------+
; Processors                 ; Number      ;
+----------------------------+-------------+
; Number detected on machine ; 12          ;
; Maximum allowed            ; 8           ;
;                            ;             ;
; Average used               ; 1.70        ;
; Maximum used               ; 8           ;
;                            ;             ;
; Usage by Processor         ; % Time Used ;
;     Processor 1            ; 100.0%      ;
;     Processors 2-8         ;  10.0%      ;
+----------------------------+-------------+


+-------------------------------------------------------------------------------------------+
; Power Analyzer Summary                                                                    ;
+----------------------------------------+--------------------------------------------------+
; Power Analyzer Status                  ; Successful - Sat Dec 20 18:06:49 2025            ;
; Quartus Prime Version                  ; 17.1.0 Build 590 10/25/2017 SJ Lite Edition      ;
; Revision Name                          ; i2c_oled_ni2                                     ;
; Top-level Entity Name                  ; NIOS2i2c                                         ;
; Family                                 ; MAX 10                                           ;
; Device                                 ; 10M08SCE144C8G                                   ;
; Power Models                           ; Final                                            ;
; Total Thermal Power Dissipation        ; 127.88 mW                                        ;
; Core Dynamic Thermal Power Dissipation ; 1.79 mW                                          ;
; Core Static Thermal Power Dissipation  ; 110.64 mW                                        ;
; I/O Thermal Power Dissipation          ; 15.45 mW                                         ;
; Power Estimation Confidence            ; Low: user provided insufficient toggle rate data ;
+----------------------------------------+--------------------------------------------------+


+------------------------------------------------------------------------------------------------------------------------------------+
; Power Analyzer Settings                                                                                                            ;
+----------------------------------------------------------------------------+---------------------------------------+---------------+
; Option                                                                     ; Setting                               ; Default Value ;
+----------------------------------------------------------------------------+---------------------------------------+---------------+
; Use smart compilation                                                      ; Off                                   ; Off           ;
; Enable parallel Assembler and TimeQuest Timing Analyzer during compilation ; On                                    ; On            ;
; Enable compact report table                                                ; Off                                   ; Off           ;
; Default Power Input I/O Toggle Rate                                        ; 12.5%                                 ; 12.5%         ;
; Preset Cooling Solution                                                    ; 23 MM HEAT SINK WITH 200 LFPM AIRFLOW ;               ;
; Board thermal model                                                        ; None (CONSERVATIVE)                   ;               ;
; Default Power Toggle Rate                                                  ; 12.5%                                 ; 12.5%         ;
; Use vectorless estimation                                                  ; On                                    ; On            ;
; Use Input Files                                                            ; Off                                   ; Off           ;
; Filter Glitches in VCD File Reader                                         ; On                                    ; On            ;
; Power Analyzer Report Signal Activity                                      ; Off                                   ; Off           ;
; Power Analyzer Report Power Dissipation                                    ; Off                                   ; Off           ;
; Device Power Characteristics                                               ; TYPICAL                               ; TYPICAL       ;
; Automatically Compute Junction Temperature                                 ; On                                    ; On            ;
; Specified Junction Temperature                                             ; 25                                    ; 25            ;
; Ambient Temperature                                                        ; 25                                    ; 25            ;
; Use Custom Cooling Solution                                                ; Off                                   ; Off           ;
; Board Temperature                                                          ; 25                                    ; 25            ;
+----------------------------------------------------------------------------+---------------------------------------+---------------+


+---------------------------------------------------------------------------------------------------------------------------------------------------------------------------------------------------------------------------------------------------------------------------------------------------------------------------------+
; Indeterminate Toggle Rates                                                                                                                                                                                                                                                                                                      ;
+---------------------------------------------------------------------------------------------------------------------------------------------------------------------------------------------------------------------------------------------------------------------------------------------------+-----------------------------+
; Node                                                                                                                                                                                                                                                                                              ; Reason                      ;
+---------------------------------------------------------------------------------------------------------------------------------------------------------------------------------------------------------------------------------------------------------------------------------------------------+-----------------------------+
; I2C_SCL                                                                                                                                                                                                                                                                                           ; No valid clock domain found ;
; I2C_SDA                                                                                                                                                                                                                                                                                           ; No valid clock domain found ;
; clk_clk                                                                                                                                                                                                                                                                                           ; No valid clock domain found ;
; uart_rxd                                                                                                                                                                                                                                                                                          ; No valid clock domain found ;
; clk_clk~inputclkctrl                                                                                                                                                                                                                                                                              ; No valid clock domain found ;
; i2c_oled_ni2:u0|i2c_oled_ni2_nios2_gen2_0:nios2_gen2_0|i2c_oled_ni2_nios2_gen2_0_cpu:cpu|i2c_oled_ni2_nios2_gen2_0_cpu_nios2_oci:the_i2c_oled_ni2_nios2_gen2_0_cpu_nios2_oci|i2c_oled_ni2_nios2_gen2_0_cpu_nios2_oci_debug:the_i2c_oled_ni2_nios2_gen2_0_cpu_nios2_oci_debug|resetrequest~clkctrl ; No valid clock domain found ;
; i2c_oled_ni2:u0|altera_reset_controller:rst_controller|r_sync_rst~clkctrl                                                                                                                                                                                                                         ; No valid clock domain found ;
+---------------------------------------------------------------------------------------------------------------------------------------------------------------------------------------------------------------------------------------------------------------------------------------------------+-----------------------------+


+--------------------------------------------------------------------------+
; Operating Conditions Used                                                ;
+---------------------------------------------+----------------------------+
; Setting                                     ; Value                      ;
+---------------------------------------------+----------------------------+
; Device power characteristics                ; Typical                    ;
;                                             ;                            ;
; Voltages                                    ;                            ;
;     VCCA                                    ; 3.00 V                     ;
;     VCC_ONE                                 ; 3.00 V                     ;
;     3.3-V LVTTL I/O Standard                ; 3.3 V                      ;
;     2.5 V I/O Standard                      ; 2.5 V                      ;
;     2.5 V Schmitt Trigger I/O Standard      ; 2.5 V                      ;
;                                             ;                            ;
; Auto computed junction temperature          ; 27.3 degrees Celsius       ;
;     Ambient temperature                     ; 25.0 degrees Celsius       ;
;     Junction-to-Case thermal resistance     ; 10.90 degrees Celsius/Watt ;
;     Case-to-Heat Sink thermal resistance    ; 0.10 degrees Celsius/Watt  ;
;     Heat Sink-to-Ambient thermal resistance ; 7.20 degrees Celsius/Watt  ;
;                                             ;                            ;
; Board model used                            ; None                       ;
+---------------------------------------------+----------------------------+


+----------------------------------------------------------------------------------------------------------------------------------------------+
; Thermal Power Dissipation by Block                                                                                                           ;
+------------+------------+---------------------+-----------------------------+--------------------------------+-------------------------------+
; Block Name ; Block Type ; Total Thermal Power ; Block Thermal Dynamic Power ; Block Thermal Static Power (1) ; Routing Thermal Dynamic Power ;
+------------+------------+---------------------+-----------------------------+--------------------------------+-------------------------------+
(1) The "Thermal Power Dissipation by Block" Table has been hidden. To show this table, please select the "Write power dissipation by block to report file" option under "PowerPlay Power Analyzer Settings".


+--------------------------------------------------------------------------------------------------------------------------------------------------------------------------------------------------------------------+
; Thermal Power Dissipation by Block Type                                                                                                                                                                            ;
+---------------------+-----------------------------------+-----------------------------+--------------------------------+-------------------------------+-----------------------------------------------------------+
; Block Type          ; Total Thermal Power by Block Type ; Block Thermal Dynamic Power ; Block Thermal Static Power (1) ; Routing Thermal Dynamic Power ; Block Average Toggle Rate (millions of transitions / sec) ;
+---------------------+-----------------------------------+-----------------------------+--------------------------------+-------------------------------+-----------------------------------------------------------+
; JTAG                ; 0.00 mW                           ; 0.00 mW                     ; --                             ; 0.00 mW                       ;    6.875                                                  ;
; M9K                 ; 0.00 mW                           ; 0.00 mW                     ; --                             ; 0.00 mW                       ;    0.062                                                  ;
; Combinational cell  ; 0.08 mW                           ; 0.06 mW                     ; --                             ; 0.02 mW                       ;    0.129                                                  ;
; Clock control block ; 0.39 mW                           ; 0.00 mW                     ; --                             ; 0.39 mW                       ;    5.000                                                  ;
; Register cell       ; 0.24 mW                           ; 0.14 mW                     ; --                             ; 0.09 mW                       ;    0.229                                                  ;
; I/O                 ; 0.51 mW                           ; 0.15 mW                     ; 0.36 mW                        ; 0.00 mW                       ;    1.618                                                  ;
; Voltage Regulator   ; 1.08 mW                           ; 1.08 mW                     ; 0.00 mW                        ; --                            ; --                                                        ;
+---------------------+-----------------------------------+-----------------------------+--------------------------------+-------------------------------+-----------------------------------------------------------+
(1) The "Block Thermal Static Power" for all block types except Pins and the Voltage Regulator, if one exists, is part of the "Core Static Thermal Power Dissipation" value found on the PowerPlay Power Analyzer-->Summary report panel. The "Core Static Thermal Power Dissipation" also contains the thermal static power dissipated by the routing.


+----------------------------------------------------------------------------------------------------------------------------------------------------------------------------------------------------------------------------------------------------------------------------------------------------------------------------------------------------------------------------------------------------------------------------------------------------------------------------------------------------------------------------------------------------------------------------------------------------------------------------------------------------------------------------------------------------------------------------------------------------------------+
; Thermal Power Dissipation by Hierarchy                                                                                                                                                                                                                                                                                                                                                                                                                                                                                                                                                                                                                                                                                                                         ;
+------------------------------------------------------------------------------------------------------------------------------------------+--------------------------------------+---------------------------------+-----------------------------------+-----------------------------------+--------------------------------------------------------------------------------------------------------------------------------------------------------------------------------------------------------------------------------------------------------------------------------------------------------------------------------------------------------------------------------------------------------------------------------------------------------------------+
; Compilation Hierarchy Node                                                                                                               ; Total Thermal Power by Hierarchy (1) ; Block Thermal Dynamic Power (1) ; Block Thermal Static Power (1)(2) ; Routing Thermal Dynamic Power (1) ; Full Hierarchy Name                                                                                                                                                                                                                                                                                                                                                                                                                                                ;
+------------------------------------------------------------------------------------------------------------------------------------------+--------------------------------------+---------------------------------+-----------------------------------+-----------------------------------+--------------------------------------------------------------------------------------------------------------------------------------------------------------------------------------------------------------------------------------------------------------------------------------------------------------------------------------------------------------------------------------------------------------------------------------------------------------------+
; |NIOS2i2c                                                                                                                                ; 2.30 mW (1.98 mW)                    ; 1.42 mW (1.22 mW)               ; 0.36 mW (0.36 mW)                 ; 0.51 mW (0.39 mW)                 ; |NIOS2i2c                                                                                                                                                                                                                                                                                                                                                                                                                                                          ;
;     |hard_block:auto_generated_inst                                                                                                      ; 0.00 mW (0.00 mW)                    ; 0.00 mW (0.00 mW)               ; --                                ; 0.00 mW (0.00 mW)                 ; |NIOS2i2c|hard_block:auto_generated_inst                                                                                                                                                                                                                                                                                                                                                                                                                           ;
;     |sld_hub:auto_hub                                                                                                                    ; 0.15 mW (0.00 mW)                    ; 0.10 mW (0.00 mW)               ; --                                ; 0.06 mW (0.00 mW)                 ; |NIOS2i2c|sld_hub:auto_hub                                                                                                                                                                                                                                                                                                                                                                                                                                         ;
;         |alt_sld_fab_with_jtag_input:\instrumentation_fabric_with_node_gen:fabric_gen_new_way:with_jtag_input_gen:instrumentation_fabric ; 0.15 mW (0.00 mW)                    ; 0.10 mW (0.00 mW)               ; --                                ; 0.06 mW (0.00 mW)                 ; |NIOS2i2c|sld_hub:auto_hub|alt_sld_fab_with_jtag_input:\instrumentation_fabric_with_node_gen:fabric_gen_new_way:with_jtag_input_gen:instrumentation_fabric                                                                                                                                                                                                                                                                                                         ;
;             |alt_sld_fab:instrumentation_fabric                                                                                          ; 0.15 mW (0.00 mW)                    ; 0.10 mW (0.00 mW)               ; --                                ; 0.06 mW (0.00 mW)                 ; |NIOS2i2c|sld_hub:auto_hub|alt_sld_fab_with_jtag_input:\instrumentation_fabric_with_node_gen:fabric_gen_new_way:with_jtag_input_gen:instrumentation_fabric|alt_sld_fab:instrumentation_fabric                                                                                                                                                                                                                                                                      ;
;                 |alt_sld_fab_alt_sld_fab:alt_sld_fab                                                                                     ; 0.15 mW (0.01 mW)                    ; 0.10 mW (0.00 mW)               ; --                                ; 0.06 mW (0.00 mW)                 ; |NIOS2i2c|sld_hub:auto_hub|alt_sld_fab_with_jtag_input:\instrumentation_fabric_with_node_gen:fabric_gen_new_way:with_jtag_input_gen:instrumentation_fabric|alt_sld_fab:instrumentation_fabric|alt_sld_fab_alt_sld_fab:alt_sld_fab                                                                                                                                                                                                                                  ;
;                     |alt_sld_fab_alt_sld_fab_sldfabric:sldfabric                                                                         ; 0.15 mW (0.00 mW)                    ; 0.09 mW (0.00 mW)               ; --                                ; 0.05 mW (0.00 mW)                 ; |NIOS2i2c|sld_hub:auto_hub|alt_sld_fab_with_jtag_input:\instrumentation_fabric_with_node_gen:fabric_gen_new_way:with_jtag_input_gen:instrumentation_fabric|alt_sld_fab:instrumentation_fabric|alt_sld_fab_alt_sld_fab:alt_sld_fab|alt_sld_fab_alt_sld_fab_sldfabric:sldfabric                                                                                                                                                                                      ;
;                         |sld_jtag_hub:\jtag_hub_gen:real_sld_jtag_hub                                                                    ; 0.15 mW (0.10 mW)                    ; 0.09 mW (0.06 mW)               ; --                                ; 0.05 mW (0.04 mW)                 ; |NIOS2i2c|sld_hub:auto_hub|alt_sld_fab_with_jtag_input:\instrumentation_fabric_with_node_gen:fabric_gen_new_way:with_jtag_input_gen:instrumentation_fabric|alt_sld_fab:instrumentation_fabric|alt_sld_fab_alt_sld_fab:alt_sld_fab|alt_sld_fab_alt_sld_fab_sldfabric:sldfabric|sld_jtag_hub:\jtag_hub_gen:real_sld_jtag_hub                                                                                                                                         ;
;                             |sld_rom_sr:hub_info_reg                                                                                     ; 0.01 mW (0.01 mW)                    ; 0.01 mW (0.01 mW)               ; --                                ; 0.00 mW (0.00 mW)                 ; |NIOS2i2c|sld_hub:auto_hub|alt_sld_fab_with_jtag_input:\instrumentation_fabric_with_node_gen:fabric_gen_new_way:with_jtag_input_gen:instrumentation_fabric|alt_sld_fab:instrumentation_fabric|alt_sld_fab_alt_sld_fab:alt_sld_fab|alt_sld_fab_alt_sld_fab_sldfabric:sldfabric|sld_jtag_hub:\jtag_hub_gen:real_sld_jtag_hub|sld_rom_sr:hub_info_reg                                                                                                                 ;
;                             |sld_shadow_jsm:shadow_jsm                                                                                   ; 0.03 mW (0.03 mW)                    ; 0.02 mW (0.02 mW)               ; --                                ; 0.01 mW (0.01 mW)                 ; |NIOS2i2c|sld_hub:auto_hub|alt_sld_fab_with_jtag_input:\instrumentation_fabric_with_node_gen:fabric_gen_new_way:with_jtag_input_gen:instrumentation_fabric|alt_sld_fab:instrumentation_fabric|alt_sld_fab_alt_sld_fab:alt_sld_fab|alt_sld_fab_alt_sld_fab_sldfabric:sldfabric|sld_jtag_hub:\jtag_hub_gen:real_sld_jtag_hub|sld_shadow_jsm:shadow_jsm                                                                                                               ;
;         |sld_jtag_interface_mod:\jtag_interface_mod_gen:device_family_mod_inst                                                           ; 0.00 mW (0.00 mW)                    ; 0.00 mW (0.00 mW)               ; --                                ; 0.00 mW (0.00 mW)                 ; |NIOS2i2c|sld_hub:auto_hub|sld_jtag_interface_mod:\jtag_interface_mod_gen:device_family_mod_inst                                                                                                                                                                                                                                                                                                                                                                   ;
;     |i2c_oled_ni2:u0                                                                                                                     ; 0.17 mW (0.00 mW)                    ; 0.10 mW (0.00 mW)               ; --                                ; 0.06 mW (0.00 mW)                 ; |NIOS2i2c|i2c_oled_ni2:u0                                                                                                                                                                                                                                                                                                                                                                                                                                          ;
;         |altera_avalon_i2c:i2c_0                                                                                                         ; 0.00 mW (0.00 mW)                    ; 0.00 mW (0.00 mW)               ; --                                ; 0.00 mW (0.00 mW)                 ; |NIOS2i2c|i2c_oled_ni2:u0|altera_avalon_i2c:i2c_0                                                                                                                                                                                                                                                                                                                                                                                                                  ;
;             |altera_avalon_i2c_clk_cnt:u_clk_cnt                                                                                         ; 0.00 mW (0.00 mW)                    ; 0.00 mW (0.00 mW)               ; --                                ; 0.00 mW (0.00 mW)                 ; |NIOS2i2c|i2c_oled_ni2:u0|altera_avalon_i2c:i2c_0|altera_avalon_i2c_clk_cnt:u_clk_cnt                                                                                                                                                                                                                                                                                                                                                                              ;
;             |altera_avalon_i2c_condt_det:u_condt_det                                                                                     ; 0.00 mW (0.00 mW)                    ; 0.00 mW (0.00 mW)               ; --                                ; 0.00 mW (0.00 mW)                 ; |NIOS2i2c|i2c_oled_ni2:u0|altera_avalon_i2c:i2c_0|altera_avalon_i2c_condt_det:u_condt_det                                                                                                                                                                                                                                                                                                                                                                          ;
;             |altera_avalon_i2c_condt_gen:u_condt_gen                                                                                     ; 0.00 mW (0.00 mW)                    ; 0.00 mW (0.00 mW)               ; --                                ; 0.00 mW (0.00 mW)                 ; |NIOS2i2c|i2c_oled_ni2:u0|altera_avalon_i2c:i2c_0|altera_avalon_i2c_condt_gen:u_condt_gen                                                                                                                                                                                                                                                                                                                                                                          ;
;             |altera_avalon_i2c_csr:u_csr                                                                                                 ; 0.00 mW (0.00 mW)                    ; 0.00 mW (0.00 mW)               ; --                                ; 0.00 mW (0.00 mW)                 ; |NIOS2i2c|i2c_oled_ni2:u0|altera_avalon_i2c:i2c_0|altera_avalon_i2c_csr:u_csr                                                                                                                                                                                                                                                                                                                                                                                      ;
;             |altera_avalon_i2c_mstfsm:u_mstfsm                                                                                           ; 0.00 mW (0.00 mW)                    ; 0.00 mW (0.00 mW)               ; --                                ; 0.00 mW (0.00 mW)                 ; |NIOS2i2c|i2c_oled_ni2:u0|altera_avalon_i2c:i2c_0|altera_avalon_i2c_mstfsm:u_mstfsm                                                                                                                                                                                                                                                                                                                                                                                ;
;             |altera_avalon_i2c_fifo:u_rxfifo                                                                                             ; 0.00 mW (0.00 mW)                    ; 0.00 mW (0.00 mW)               ; --                                ; 0.00 mW (0.00 mW)                 ; |NIOS2i2c|i2c_oled_ni2:u0|altera_avalon_i2c:i2c_0|altera_avalon_i2c_fifo:u_rxfifo                                                                                                                                                                                                                                                                                                                                                                                  ;
;                 |altsyncram:the_dp_ram                                                                                                   ; 0.00 mW (0.00 mW)                    ; 0.00 mW (0.00 mW)               ; --                                ; 0.00 mW (0.00 mW)                 ; |NIOS2i2c|i2c_oled_ni2:u0|altera_avalon_i2c:i2c_0|altera_avalon_i2c_fifo:u_rxfifo|altsyncram:the_dp_ram                                                                                                                                                                                                                                                                                                                                                            ;
;                     |altsyncram_h0b1:auto_generated                                                                                      ; 0.00 mW (0.00 mW)                    ; 0.00 mW (0.00 mW)               ; --                                ; 0.00 mW (0.00 mW)                 ; |NIOS2i2c|i2c_oled_ni2:u0|altera_avalon_i2c:i2c_0|altera_avalon_i2c_fifo:u_rxfifo|altsyncram:the_dp_ram|altsyncram_h0b1:auto_generated                                                                                                                                                                                                                                                                                                                             ;
;             |altera_avalon_i2c_rxshifter:u_rxshifter                                                                                     ; 0.00 mW (0.00 mW)                    ; 0.00 mW (0.00 mW)               ; --                                ; 0.00 mW (0.00 mW)                 ; |NIOS2i2c|i2c_oled_ni2:u0|altera_avalon_i2c:i2c_0|altera_avalon_i2c_rxshifter:u_rxshifter                                                                                                                                                                                                                                                                                                                                                                          ;
;             |altera_avalon_i2c_spksupp:u_spksupp                                                                                         ; 0.00 mW (0.00 mW)                    ; 0.00 mW (0.00 mW)               ; --                                ; 0.00 mW (0.00 mW)                 ; |NIOS2i2c|i2c_oled_ni2:u0|altera_avalon_i2c:i2c_0|altera_avalon_i2c_spksupp:u_spksupp                                                                                                                                                                                                                                                                                                                                                                              ;
;             |altera_avalon_i2c_fifo:u_txfifo                                                                                             ; 0.00 mW (0.00 mW)                    ; 0.00 mW (0.00 mW)               ; --                                ; 0.00 mW (0.00 mW)                 ; |NIOS2i2c|i2c_oled_ni2:u0|altera_avalon_i2c:i2c_0|altera_avalon_i2c_fifo:u_txfifo                                                                                                                                                                                                                                                                                                                                                                                  ;
;                 |altsyncram:the_dp_ram                                                                                                   ; 0.00 mW (0.00 mW)                    ; 0.00 mW (0.00 mW)               ; --                                ; 0.00 mW (0.00 mW)                 ; |NIOS2i2c|i2c_oled_ni2:u0|altera_avalon_i2c:i2c_0|altera_avalon_i2c_fifo:u_txfifo|altsyncram:the_dp_ram                                                                                                                                                                                                                                                                                                                                                            ;
;                     |altsyncram_33b1:auto_generated                                                                                      ; 0.00 mW (0.00 mW)                    ; 0.00 mW (0.00 mW)               ; --                                ; 0.00 mW (0.00 mW)                 ; |NIOS2i2c|i2c_oled_ni2:u0|altera_avalon_i2c:i2c_0|altera_avalon_i2c_fifo:u_txfifo|altsyncram:the_dp_ram|altsyncram_33b1:auto_generated                                                                                                                                                                                                                                                                                                                             ;
;             |altera_avalon_i2c_txout:u_txout                                                                                             ; 0.00 mW (0.00 mW)                    ; 0.00 mW (0.00 mW)               ; --                                ; 0.00 mW (0.00 mW)                 ; |NIOS2i2c|i2c_oled_ni2:u0|altera_avalon_i2c:i2c_0|altera_avalon_i2c_txout:u_txout                                                                                                                                                                                                                                                                                                                                                                                  ;
;             |altera_avalon_i2c_txshifter:u_txshifter                                                                                     ; 0.00 mW (0.00 mW)                    ; 0.00 mW (0.00 mW)               ; --                                ; 0.00 mW (0.00 mW)                 ; |NIOS2i2c|i2c_oled_ni2:u0|altera_avalon_i2c:i2c_0|altera_avalon_i2c_txshifter:u_txshifter                                                                                                                                                                                                                                                                                                                                                                          ;
;         |i2c_oled_ni2_jtag_uart_0:jtag_uart_0                                                                                            ; 0.06 mW (0.00 mW)                    ; 0.04 mW (0.00 mW)               ; --                                ; 0.02 mW (0.00 mW)                 ; |NIOS2i2c|i2c_oled_ni2:u0|i2c_oled_ni2_jtag_uart_0:jtag_uart_0                                                                                                                                                                                                                                                                                                                                                                                                     ;
;             |alt_jtag_atlantic:i2c_oled_ni2_jtag_uart_0_alt_jtag_atlantic                                                                ; 0.05 mW (0.05 mW)                    ; 0.04 mW (0.04 mW)               ; --                                ; 0.02 mW (0.02 mW)                 ; |NIOS2i2c|i2c_oled_ni2:u0|i2c_oled_ni2_jtag_uart_0:jtag_uart_0|alt_jtag_atlantic:i2c_oled_ni2_jtag_uart_0_alt_jtag_atlantic                                                                                                                                                                                                                                                                                                                                        ;
;                 |altera_sld_agent_endpoint:inst                                                                                          ; 0.00 mW (0.00 mW)                    ; 0.00 mW (0.00 mW)               ; --                                ; 0.00 mW (0.00 mW)                 ; |NIOS2i2c|i2c_oled_ni2:u0|i2c_oled_ni2_jtag_uart_0:jtag_uart_0|alt_jtag_atlantic:i2c_oled_ni2_jtag_uart_0_alt_jtag_atlantic|altera_sld_agent_endpoint:inst                                                                                                                                                                                                                                                                                                         ;
;             |i2c_oled_ni2_jtag_uart_0_scfifo_r:the_i2c_oled_ni2_jtag_uart_0_scfifo_r                                                     ; 0.00 mW (0.00 mW)                    ; 0.00 mW (0.00 mW)               ; --                                ; 0.00 mW (0.00 mW)                 ; |NIOS2i2c|i2c_oled_ni2:u0|i2c_oled_ni2_jtag_uart_0:jtag_uart_0|i2c_oled_ni2_jtag_uart_0_scfifo_r:the_i2c_oled_ni2_jtag_uart_0_scfifo_r                                                                                                                                                                                                                                                                                                                             ;
;                 |scfifo:rfifo                                                                                                            ; 0.00 mW (0.00 mW)                    ; 0.00 mW (0.00 mW)               ; --                                ; 0.00 mW (0.00 mW)                 ; |NIOS2i2c|i2c_oled_ni2:u0|i2c_oled_ni2_jtag_uart_0:jtag_uart_0|i2c_oled_ni2_jtag_uart_0_scfifo_r:the_i2c_oled_ni2_jtag_uart_0_scfifo_r|scfifo:rfifo                                                                                                                                                                                                                                                                                                                ;
;                     |scfifo_9621:auto_generated                                                                                          ; 0.00 mW (0.00 mW)                    ; 0.00 mW (0.00 mW)               ; --                                ; 0.00 mW (0.00 mW)                 ; |NIOS2i2c|i2c_oled_ni2:u0|i2c_oled_ni2_jtag_uart_0:jtag_uart_0|i2c_oled_ni2_jtag_uart_0_scfifo_r:the_i2c_oled_ni2_jtag_uart_0_scfifo_r|scfifo:rfifo|scfifo_9621:auto_generated                                                                                                                                                                                                                                                                                     ;
;                         |a_dpfifo_bb01:dpfifo                                                                                            ; 0.00 mW (0.00 mW)                    ; 0.00 mW (0.00 mW)               ; --                                ; 0.00 mW (0.00 mW)                 ; |NIOS2i2c|i2c_oled_ni2:u0|i2c_oled_ni2_jtag_uart_0:jtag_uart_0|i2c_oled_ni2_jtag_uart_0_scfifo_r:the_i2c_oled_ni2_jtag_uart_0_scfifo_r|scfifo:rfifo|scfifo_9621:auto_generated|a_dpfifo_bb01:dpfifo                                                                                                                                                                                                                                                                ;
;                             |a_fefifo_7cf:fifo_state                                                                                     ; 0.00 mW (0.00 mW)                    ; 0.00 mW (0.00 mW)               ; --                                ; 0.00 mW (0.00 mW)                 ; |NIOS2i2c|i2c_oled_ni2:u0|i2c_oled_ni2_jtag_uart_0:jtag_uart_0|i2c_oled_ni2_jtag_uart_0_scfifo_r:the_i2c_oled_ni2_jtag_uart_0_scfifo_r|scfifo:rfifo|scfifo_9621:auto_generated|a_dpfifo_bb01:dpfifo|a_fefifo_7cf:fifo_state                                                                                                                                                                                                                                        ;
;                                 |cntr_337:count_usedw                                                                                    ; 0.00 mW (0.00 mW)                    ; 0.00 mW (0.00 mW)               ; --                                ; 0.00 mW (0.00 mW)                 ; |NIOS2i2c|i2c_oled_ni2:u0|i2c_oled_ni2_jtag_uart_0:jtag_uart_0|i2c_oled_ni2_jtag_uart_0_scfifo_r:the_i2c_oled_ni2_jtag_uart_0_scfifo_r|scfifo:rfifo|scfifo_9621:auto_generated|a_dpfifo_bb01:dpfifo|a_fefifo_7cf:fifo_state|cntr_337:count_usedw                                                                                                                                                                                                                   ;
;                             |altsyncram_dtn1:FIFOram                                                                                     ; 0.00 mW (0.00 mW)                    ; 0.00 mW (0.00 mW)               ; --                                ; 0.00 mW (0.00 mW)                 ; |NIOS2i2c|i2c_oled_ni2:u0|i2c_oled_ni2_jtag_uart_0:jtag_uart_0|i2c_oled_ni2_jtag_uart_0_scfifo_r:the_i2c_oled_ni2_jtag_uart_0_scfifo_r|scfifo:rfifo|scfifo_9621:auto_generated|a_dpfifo_bb01:dpfifo|altsyncram_dtn1:FIFOram                                                                                                                                                                                                                                        ;
;                             |cntr_n2b:rd_ptr_count                                                                                       ; 0.00 mW (0.00 mW)                    ; 0.00 mW (0.00 mW)               ; --                                ; 0.00 mW (0.00 mW)                 ; |NIOS2i2c|i2c_oled_ni2:u0|i2c_oled_ni2_jtag_uart_0:jtag_uart_0|i2c_oled_ni2_jtag_uart_0_scfifo_r:the_i2c_oled_ni2_jtag_uart_0_scfifo_r|scfifo:rfifo|scfifo_9621:auto_generated|a_dpfifo_bb01:dpfifo|cntr_n2b:rd_ptr_count                                                                                                                                                                                                                                          ;
;                             |cntr_n2b:wr_ptr                                                                                             ; 0.00 mW (0.00 mW)                    ; 0.00 mW (0.00 mW)               ; --                                ; 0.00 mW (0.00 mW)                 ; |NIOS2i2c|i2c_oled_ni2:u0|i2c_oled_ni2_jtag_uart_0:jtag_uart_0|i2c_oled_ni2_jtag_uart_0_scfifo_r:the_i2c_oled_ni2_jtag_uart_0_scfifo_r|scfifo:rfifo|scfifo_9621:auto_generated|a_dpfifo_bb01:dpfifo|cntr_n2b:wr_ptr                                                                                                                                                                                                                                                ;
;             |i2c_oled_ni2_jtag_uart_0_scfifo_w:the_i2c_oled_ni2_jtag_uart_0_scfifo_w                                                     ; 0.00 mW (0.00 mW)                    ; 0.00 mW (0.00 mW)               ; --                                ; 0.00 mW (0.00 mW)                 ; |NIOS2i2c|i2c_oled_ni2:u0|i2c_oled_ni2_jtag_uart_0:jtag_uart_0|i2c_oled_ni2_jtag_uart_0_scfifo_w:the_i2c_oled_ni2_jtag_uart_0_scfifo_w                                                                                                                                                                                                                                                                                                                             ;
;                 |scfifo:wfifo                                                                                                            ; 0.00 mW (0.00 mW)                    ; 0.00 mW (0.00 mW)               ; --                                ; 0.00 mW (0.00 mW)                 ; |NIOS2i2c|i2c_oled_ni2:u0|i2c_oled_ni2_jtag_uart_0:jtag_uart_0|i2c_oled_ni2_jtag_uart_0_scfifo_w:the_i2c_oled_ni2_jtag_uart_0_scfifo_w|scfifo:wfifo                                                                                                                                                                                                                                                                                                                ;
;                     |scfifo_9621:auto_generated                                                                                          ; 0.00 mW (0.00 mW)                    ; 0.00 mW (0.00 mW)               ; --                                ; 0.00 mW (0.00 mW)                 ; |NIOS2i2c|i2c_oled_ni2:u0|i2c_oled_ni2_jtag_uart_0:jtag_uart_0|i2c_oled_ni2_jtag_uart_0_scfifo_w:the_i2c_oled_ni2_jtag_uart_0_scfifo_w|scfifo:wfifo|scfifo_9621:auto_generated                                                                                                                                                                                                                                                                                     ;
;                         |a_dpfifo_bb01:dpfifo                                                                                            ; 0.00 mW (0.00 mW)                    ; 0.00 mW (0.00 mW)               ; --                                ; 0.00 mW (0.00 mW)                 ; |NIOS2i2c|i2c_oled_ni2:u0|i2c_oled_ni2_jtag_uart_0:jtag_uart_0|i2c_oled_ni2_jtag_uart_0_scfifo_w:the_i2c_oled_ni2_jtag_uart_0_scfifo_w|scfifo:wfifo|scfifo_9621:auto_generated|a_dpfifo_bb01:dpfifo                                                                                                                                                                                                                                                                ;
;                             |a_fefifo_7cf:fifo_state                                                                                     ; 0.00 mW (0.00 mW)                    ; 0.00 mW (0.00 mW)               ; --                                ; 0.00 mW (0.00 mW)                 ; |NIOS2i2c|i2c_oled_ni2:u0|i2c_oled_ni2_jtag_uart_0:jtag_uart_0|i2c_oled_ni2_jtag_uart_0_scfifo_w:the_i2c_oled_ni2_jtag_uart_0_scfifo_w|scfifo:wfifo|scfifo_9621:auto_generated|a_dpfifo_bb01:dpfifo|a_fefifo_7cf:fifo_state                                                                                                                                                                                                                                        ;
;                                 |cntr_337:count_usedw                                                                                    ; 0.00 mW (0.00 mW)                    ; 0.00 mW (0.00 mW)               ; --                                ; 0.00 mW (0.00 mW)                 ; |NIOS2i2c|i2c_oled_ni2:u0|i2c_oled_ni2_jtag_uart_0:jtag_uart_0|i2c_oled_ni2_jtag_uart_0_scfifo_w:the_i2c_oled_ni2_jtag_uart_0_scfifo_w|scfifo:wfifo|scfifo_9621:auto_generated|a_dpfifo_bb01:dpfifo|a_fefifo_7cf:fifo_state|cntr_337:count_usedw                                                                                                                                                                                                                   ;
;                             |altsyncram_dtn1:FIFOram                                                                                     ; 0.00 mW (0.00 mW)                    ; 0.00 mW (0.00 mW)               ; --                                ; 0.00 mW (0.00 mW)                 ; |NIOS2i2c|i2c_oled_ni2:u0|i2c_oled_ni2_jtag_uart_0:jtag_uart_0|i2c_oled_ni2_jtag_uart_0_scfifo_w:the_i2c_oled_ni2_jtag_uart_0_scfifo_w|scfifo:wfifo|scfifo_9621:auto_generated|a_dpfifo_bb01:dpfifo|altsyncram_dtn1:FIFOram                                                                                                                                                                                                                                        ;
;                             |cntr_n2b:rd_ptr_count                                                                                       ; 0.00 mW (0.00 mW)                    ; 0.00 mW (0.00 mW)               ; --                                ; 0.00 mW (0.00 mW)                 ; |NIOS2i2c|i2c_oled_ni2:u0|i2c_oled_ni2_jtag_uart_0:jtag_uart_0|i2c_oled_ni2_jtag_uart_0_scfifo_w:the_i2c_oled_ni2_jtag_uart_0_scfifo_w|scfifo:wfifo|scfifo_9621:auto_generated|a_dpfifo_bb01:dpfifo|cntr_n2b:rd_ptr_count                                                                                                                                                                                                                                          ;
;                             |cntr_n2b:wr_ptr                                                                                             ; 0.00 mW (0.00 mW)                    ; 0.00 mW (0.00 mW)               ; --                                ; 0.00 mW (0.00 mW)                 ; |NIOS2i2c|i2c_oled_ni2:u0|i2c_oled_ni2_jtag_uart_0:jtag_uart_0|i2c_oled_ni2_jtag_uart_0_scfifo_w:the_i2c_oled_ni2_jtag_uart_0_scfifo_w|scfifo:wfifo|scfifo_9621:auto_generated|a_dpfifo_bb01:dpfifo|cntr_n2b:wr_ptr                                                                                                                                                                                                                                                ;
;         |i2c_oled_ni2_mm_interconnect_0:mm_interconnect_0                                                                                ; 0.00 mW (0.00 mW)                    ; 0.00 mW (0.00 mW)               ; --                                ; 0.00 mW (0.00 mW)                 ; |NIOS2i2c|i2c_oled_ni2:u0|i2c_oled_ni2_mm_interconnect_0:mm_interconnect_0                                                                                                                                                                                                                                                                                                                                                                                         ;
;             |i2c_oled_ni2_mm_interconnect_0_avalon_st_adapter:avalon_st_adapter                                                          ; 0.00 mW (0.00 mW)                    ; 0.00 mW (0.00 mW)               ; --                                ; 0.00 mW (0.00 mW)                 ; |NIOS2i2c|i2c_oled_ni2:u0|i2c_oled_ni2_mm_interconnect_0:mm_interconnect_0|i2c_oled_ni2_mm_interconnect_0_avalon_st_adapter:avalon_st_adapter                                                                                                                                                                                                                                                                                                                      ;
;             |i2c_oled_ni2_mm_interconnect_0_avalon_st_adapter:avalon_st_adapter_001                                                      ; 0.00 mW (0.00 mW)                    ; 0.00 mW (0.00 mW)               ; --                                ; 0.00 mW (0.00 mW)                 ; |NIOS2i2c|i2c_oled_ni2:u0|i2c_oled_ni2_mm_interconnect_0:mm_interconnect_0|i2c_oled_ni2_mm_interconnect_0_avalon_st_adapter:avalon_st_adapter_001                                                                                                                                                                                                                                                                                                                  ;
;             |i2c_oled_ni2_mm_interconnect_0_avalon_st_adapter:avalon_st_adapter_002                                                      ; 0.00 mW (0.00 mW)                    ; 0.00 mW (0.00 mW)               ; --                                ; 0.00 mW (0.00 mW)                 ; |NIOS2i2c|i2c_oled_ni2:u0|i2c_oled_ni2_mm_interconnect_0:mm_interconnect_0|i2c_oled_ni2_mm_interconnect_0_avalon_st_adapter:avalon_st_adapter_002                                                                                                                                                                                                                                                                                                                  ;
;             |i2c_oled_ni2_mm_interconnect_0_avalon_st_adapter:avalon_st_adapter_003                                                      ; 0.00 mW (0.00 mW)                    ; 0.00 mW (0.00 mW)               ; --                                ; 0.00 mW (0.00 mW)                 ; |NIOS2i2c|i2c_oled_ni2:u0|i2c_oled_ni2_mm_interconnect_0:mm_interconnect_0|i2c_oled_ni2_mm_interconnect_0_avalon_st_adapter:avalon_st_adapter_003                                                                                                                                                                                                                                                                                                                  ;
;             |i2c_oled_ni2_mm_interconnect_0_avalon_st_adapter:avalon_st_adapter_004                                                      ; 0.00 mW (0.00 mW)                    ; 0.00 mW (0.00 mW)               ; --                                ; 0.00 mW (0.00 mW)                 ; |NIOS2i2c|i2c_oled_ni2:u0|i2c_oled_ni2_mm_interconnect_0:mm_interconnect_0|i2c_oled_ni2_mm_interconnect_0_avalon_st_adapter:avalon_st_adapter_004                                                                                                                                                                                                                                                                                                                  ;
;             |i2c_oled_ni2_mm_interconnect_0_avalon_st_adapter:avalon_st_adapter_005                                                      ; 0.00 mW (0.00 mW)                    ; 0.00 mW (0.00 mW)               ; --                                ; 0.00 mW (0.00 mW)                 ; |NIOS2i2c|i2c_oled_ni2:u0|i2c_oled_ni2_mm_interconnect_0:mm_interconnect_0|i2c_oled_ni2_mm_interconnect_0_avalon_st_adapter:avalon_st_adapter_005                                                                                                                                                                                                                                                                                                                  ;
;             |i2c_oled_ni2_mm_interconnect_0_cmd_demux:cmd_demux                                                                          ; 0.00 mW (0.00 mW)                    ; 0.00 mW (0.00 mW)               ; --                                ; 0.00 mW (0.00 mW)                 ; |NIOS2i2c|i2c_oled_ni2:u0|i2c_oled_ni2_mm_interconnect_0:mm_interconnect_0|i2c_oled_ni2_mm_interconnect_0_cmd_demux:cmd_demux                                                                                                                                                                                                                                                                                                                                      ;
;             |i2c_oled_ni2_mm_interconnect_0_cmd_demux:cmd_demux_001                                                                      ; 0.00 mW (0.00 mW)                    ; 0.00 mW (0.00 mW)               ; --                                ; 0.00 mW (0.00 mW)                 ; |NIOS2i2c|i2c_oled_ni2:u0|i2c_oled_ni2_mm_interconnect_0:mm_interconnect_0|i2c_oled_ni2_mm_interconnect_0_cmd_demux:cmd_demux_001                                                                                                                                                                                                                                                                                                                                  ;
;             |i2c_oled_ni2_mm_interconnect_0_cmd_mux:cmd_mux                                                                              ; 0.00 mW (0.00 mW)                    ; 0.00 mW (0.00 mW)               ; --                                ; 0.00 mW (0.00 mW)                 ; |NIOS2i2c|i2c_oled_ni2:u0|i2c_oled_ni2_mm_interconnect_0:mm_interconnect_0|i2c_oled_ni2_mm_interconnect_0_cmd_mux:cmd_mux                                                                                                                                                                                                                                                                                                                                          ;
;                 |altera_merlin_arbitrator:arb                                                                                            ; 0.00 mW (0.00 mW)                    ; 0.00 mW (0.00 mW)               ; --                                ; 0.00 mW (0.00 mW)                 ; |NIOS2i2c|i2c_oled_ni2:u0|i2c_oled_ni2_mm_interconnect_0:mm_interconnect_0|i2c_oled_ni2_mm_interconnect_0_cmd_mux:cmd_mux|altera_merlin_arbitrator:arb                                                                                                                                                                                                                                                                                                             ;
;             |i2c_oled_ni2_mm_interconnect_0_cmd_mux:cmd_mux_001                                                                          ; 0.00 mW (0.00 mW)                    ; 0.00 mW (0.00 mW)               ; --                                ; 0.00 mW (0.00 mW)                 ; |NIOS2i2c|i2c_oled_ni2:u0|i2c_oled_ni2_mm_interconnect_0:mm_interconnect_0|i2c_oled_ni2_mm_interconnect_0_cmd_mux:cmd_mux_001                                                                                                                                                                                                                                                                                                                                      ;
;                 |altera_merlin_arbitrator:arb                                                                                            ; 0.00 mW (0.00 mW)                    ; 0.00 mW (0.00 mW)               ; --                                ; 0.00 mW (0.00 mW)                 ; |NIOS2i2c|i2c_oled_ni2:u0|i2c_oled_ni2_mm_interconnect_0:mm_interconnect_0|i2c_oled_ni2_mm_interconnect_0_cmd_mux:cmd_mux_001|altera_merlin_arbitrator:arb                                                                                                                                                                                                                                                                                                         ;
;             |i2c_oled_ni2_mm_interconnect_0_cmd_mux:cmd_mux_002                                                                          ; 0.00 mW (0.00 mW)                    ; 0.00 mW (0.00 mW)               ; --                                ; 0.00 mW (0.00 mW)                 ; |NIOS2i2c|i2c_oled_ni2:u0|i2c_oled_ni2_mm_interconnect_0:mm_interconnect_0|i2c_oled_ni2_mm_interconnect_0_cmd_mux:cmd_mux_002                                                                                                                                                                                                                                                                                                                                      ;
;                 |altera_merlin_arbitrator:arb                                                                                            ; 0.00 mW (0.00 mW)                    ; 0.00 mW (0.00 mW)               ; --                                ; 0.00 mW (0.00 mW)                 ; |NIOS2i2c|i2c_oled_ni2:u0|i2c_oled_ni2_mm_interconnect_0:mm_interconnect_0|i2c_oled_ni2_mm_interconnect_0_cmd_mux:cmd_mux_002|altera_merlin_arbitrator:arb                                                                                                                                                                                                                                                                                                         ;
;             |i2c_oled_ni2_mm_interconnect_0_cmd_mux:cmd_mux_003                                                                          ; 0.00 mW (0.00 mW)                    ; 0.00 mW (0.00 mW)               ; --                                ; 0.00 mW (0.00 mW)                 ; |NIOS2i2c|i2c_oled_ni2:u0|i2c_oled_ni2_mm_interconnect_0:mm_interconnect_0|i2c_oled_ni2_mm_interconnect_0_cmd_mux:cmd_mux_003                                                                                                                                                                                                                                                                                                                                      ;
;                 |altera_merlin_arbitrator:arb                                                                                            ; 0.00 mW (0.00 mW)                    ; 0.00 mW (0.00 mW)               ; --                                ; 0.00 mW (0.00 mW)                 ; |NIOS2i2c|i2c_oled_ni2:u0|i2c_oled_ni2_mm_interconnect_0:mm_interconnect_0|i2c_oled_ni2_mm_interconnect_0_cmd_mux:cmd_mux_003|altera_merlin_arbitrator:arb                                                                                                                                                                                                                                                                                                         ;
;             |i2c_oled_ni2_mm_interconnect_0_cmd_mux:cmd_mux_004                                                                          ; 0.00 mW (0.00 mW)                    ; 0.00 mW (0.00 mW)               ; --                                ; 0.00 mW (0.00 mW)                 ; |NIOS2i2c|i2c_oled_ni2:u0|i2c_oled_ni2_mm_interconnect_0:mm_interconnect_0|i2c_oled_ni2_mm_interconnect_0_cmd_mux:cmd_mux_004                                                                                                                                                                                                                                                                                                                                      ;
;                 |altera_merlin_arbitrator:arb                                                                                            ; 0.00 mW (0.00 mW)                    ; 0.00 mW (0.00 mW)               ; --                                ; 0.00 mW (0.00 mW)                 ; |NIOS2i2c|i2c_oled_ni2:u0|i2c_oled_ni2_mm_interconnect_0:mm_interconnect_0|i2c_oled_ni2_mm_interconnect_0_cmd_mux:cmd_mux_004|altera_merlin_arbitrator:arb                                                                                                                                                                                                                                                                                                         ;
;             |i2c_oled_ni2_mm_interconnect_0_cmd_mux:cmd_mux_005                                                                          ; 0.00 mW (0.00 mW)                    ; 0.00 mW (0.00 mW)               ; --                                ; 0.00 mW (0.00 mW)                 ; |NIOS2i2c|i2c_oled_ni2:u0|i2c_oled_ni2_mm_interconnect_0:mm_interconnect_0|i2c_oled_ni2_mm_interconnect_0_cmd_mux:cmd_mux_005                                                                                                                                                                                                                                                                                                                                      ;
;                 |altera_merlin_arbitrator:arb                                                                                            ; 0.00 mW (0.00 mW)                    ; 0.00 mW (0.00 mW)               ; --                                ; 0.00 mW (0.00 mW)                 ; |NIOS2i2c|i2c_oled_ni2:u0|i2c_oled_ni2_mm_interconnect_0:mm_interconnect_0|i2c_oled_ni2_mm_interconnect_0_cmd_mux:cmd_mux_005|altera_merlin_arbitrator:arb                                                                                                                                                                                                                                                                                                         ;
;             |altera_merlin_slave_agent:i2c_0_csr_agent                                                                                   ; 0.00 mW (0.00 mW)                    ; 0.00 mW (0.00 mW)               ; --                                ; 0.00 mW (0.00 mW)                 ; |NIOS2i2c|i2c_oled_ni2:u0|i2c_oled_ni2_mm_interconnect_0:mm_interconnect_0|altera_merlin_slave_agent:i2c_0_csr_agent                                                                                                                                                                                                                                                                                                                                               ;
;             |altera_avalon_sc_fifo:i2c_0_csr_agent_rsp_fifo                                                                              ; 0.00 mW (0.00 mW)                    ; 0.00 mW (0.00 mW)               ; --                                ; 0.00 mW (0.00 mW)                 ; |NIOS2i2c|i2c_oled_ni2:u0|i2c_oled_ni2_mm_interconnect_0:mm_interconnect_0|altera_avalon_sc_fifo:i2c_0_csr_agent_rsp_fifo                                                                                                                                                                                                                                                                                                                                          ;
;             |altera_merlin_slave_translator:i2c_0_csr_translator                                                                         ; 0.00 mW (0.00 mW)                    ; 0.00 mW (0.00 mW)               ; --                                ; 0.00 mW (0.00 mW)                 ; |NIOS2i2c|i2c_oled_ni2:u0|i2c_oled_ni2_mm_interconnect_0:mm_interconnect_0|altera_merlin_slave_translator:i2c_0_csr_translator                                                                                                                                                                                                                                                                                                                                     ;
;             |altera_merlin_slave_agent:jtag_uart_0_avalon_jtag_slave_agent                                                               ; 0.00 mW (0.00 mW)                    ; 0.00 mW (0.00 mW)               ; --                                ; 0.00 mW (0.00 mW)                 ; |NIOS2i2c|i2c_oled_ni2:u0|i2c_oled_ni2_mm_interconnect_0:mm_interconnect_0|altera_merlin_slave_agent:jtag_uart_0_avalon_jtag_slave_agent                                                                                                                                                                                                                                                                                                                           ;
;             |altera_avalon_sc_fifo:jtag_uart_0_avalon_jtag_slave_agent_rsp_fifo                                                          ; 0.00 mW (0.00 mW)                    ; 0.00 mW (0.00 mW)               ; --                                ; 0.00 mW (0.00 mW)                 ; |NIOS2i2c|i2c_oled_ni2:u0|i2c_oled_ni2_mm_interconnect_0:mm_interconnect_0|altera_avalon_sc_fifo:jtag_uart_0_avalon_jtag_slave_agent_rsp_fifo                                                                                                                                                                                                                                                                                                                      ;
;             |altera_merlin_slave_translator:jtag_uart_0_avalon_jtag_slave_translator                                                     ; 0.00 mW (0.00 mW)                    ; 0.00 mW (0.00 mW)               ; --                                ; 0.00 mW (0.00 mW)                 ; |NIOS2i2c|i2c_oled_ni2:u0|i2c_oled_ni2_mm_interconnect_0:mm_interconnect_0|altera_merlin_slave_translator:jtag_uart_0_avalon_jtag_slave_translator                                                                                                                                                                                                                                                                                                                 ;
;             |altera_merlin_master_agent:nios2_gen2_0_data_master_agent                                                                   ; 0.00 mW (0.00 mW)                    ; 0.00 mW (0.00 mW)               ; --                                ; 0.00 mW (0.00 mW)                 ; |NIOS2i2c|i2c_oled_ni2:u0|i2c_oled_ni2_mm_interconnect_0:mm_interconnect_0|altera_merlin_master_agent:nios2_gen2_0_data_master_agent                                                                                                                                                                                                                                                                                                                               ;
;             |altera_merlin_master_translator:nios2_gen2_0_data_master_translator                                                         ; 0.00 mW (0.00 mW)                    ; 0.00 mW (0.00 mW)               ; --                                ; 0.00 mW (0.00 mW)                 ; |NIOS2i2c|i2c_oled_ni2:u0|i2c_oled_ni2_mm_interconnect_0:mm_interconnect_0|altera_merlin_master_translator:nios2_gen2_0_data_master_translator                                                                                                                                                                                                                                                                                                                     ;
;             |altera_merlin_slave_agent:nios2_gen2_0_debug_mem_slave_agent                                                                ; 0.00 mW (0.00 mW)                    ; 0.00 mW (0.00 mW)               ; --                                ; 0.00 mW (0.00 mW)                 ; |NIOS2i2c|i2c_oled_ni2:u0|i2c_oled_ni2_mm_interconnect_0:mm_interconnect_0|altera_merlin_slave_agent:nios2_gen2_0_debug_mem_slave_agent                                                                                                                                                                                                                                                                                                                            ;
;             |altera_avalon_sc_fifo:nios2_gen2_0_debug_mem_slave_agent_rsp_fifo                                                           ; 0.00 mW (0.00 mW)                    ; 0.00 mW (0.00 mW)               ; --                                ; 0.00 mW (0.00 mW)                 ; |NIOS2i2c|i2c_oled_ni2:u0|i2c_oled_ni2_mm_interconnect_0:mm_interconnect_0|altera_avalon_sc_fifo:nios2_gen2_0_debug_mem_slave_agent_rsp_fifo                                                                                                                                                                                                                                                                                                                       ;
;             |altera_merlin_slave_translator:nios2_gen2_0_debug_mem_slave_translator                                                      ; 0.00 mW (0.00 mW)                    ; 0.00 mW (0.00 mW)               ; --                                ; 0.00 mW (0.00 mW)                 ; |NIOS2i2c|i2c_oled_ni2:u0|i2c_oled_ni2_mm_interconnect_0:mm_interconnect_0|altera_merlin_slave_translator:nios2_gen2_0_debug_mem_slave_translator                                                                                                                                                                                                                                                                                                                  ;
;             |altera_merlin_master_agent:nios2_gen2_0_instruction_master_agent                                                            ; 0.00 mW (0.00 mW)                    ; 0.00 mW (0.00 mW)               ; --                                ; 0.00 mW (0.00 mW)                 ; |NIOS2i2c|i2c_oled_ni2:u0|i2c_oled_ni2_mm_interconnect_0:mm_interconnect_0|altera_merlin_master_agent:nios2_gen2_0_instruction_master_agent                                                                                                                                                                                                                                                                                                                        ;
;             |altera_merlin_master_translator:nios2_gen2_0_instruction_master_translator                                                  ; 0.00 mW (0.00 mW)                    ; 0.00 mW (0.00 mW)               ; --                                ; 0.00 mW (0.00 mW)                 ; |NIOS2i2c|i2c_oled_ni2:u0|i2c_oled_ni2_mm_interconnect_0:mm_interconnect_0|altera_merlin_master_translator:nios2_gen2_0_instruction_master_translator                                                                                                                                                                                                                                                                                                              ;
;             |altera_merlin_slave_agent:onchip_memory2_0_s1_agent                                                                         ; 0.00 mW (0.00 mW)                    ; 0.00 mW (0.00 mW)               ; --                                ; 0.00 mW (0.00 mW)                 ; |NIOS2i2c|i2c_oled_ni2:u0|i2c_oled_ni2_mm_interconnect_0:mm_interconnect_0|altera_merlin_slave_agent:onchip_memory2_0_s1_agent                                                                                                                                                                                                                                                                                                                                     ;
;             |altera_avalon_sc_fifo:onchip_memory2_0_s1_agent_rsp_fifo                                                                    ; 0.00 mW (0.00 mW)                    ; 0.00 mW (0.00 mW)               ; --                                ; 0.00 mW (0.00 mW)                 ; |NIOS2i2c|i2c_oled_ni2:u0|i2c_oled_ni2_mm_interconnect_0:mm_interconnect_0|altera_avalon_sc_fifo:onchip_memory2_0_s1_agent_rsp_fifo                                                                                                                                                                                                                                                                                                                                ;
;             |altera_merlin_slave_translator:onchip_memory2_0_s1_translator                                                               ; 0.00 mW (0.00 mW)                    ; 0.00 mW (0.00 mW)               ; --                                ; 0.00 mW (0.00 mW)                 ; |NIOS2i2c|i2c_oled_ni2:u0|i2c_oled_ni2_mm_interconnect_0:mm_interconnect_0|altera_merlin_slave_translator:onchip_memory2_0_s1_translator                                                                                                                                                                                                                                                                                                                           ;
;             |altera_merlin_slave_agent:pio_0_s1_agent                                                                                    ; 0.00 mW (0.00 mW)                    ; 0.00 mW (0.00 mW)               ; --                                ; 0.00 mW (0.00 mW)                 ; |NIOS2i2c|i2c_oled_ni2:u0|i2c_oled_ni2_mm_interconnect_0:mm_interconnect_0|altera_merlin_slave_agent:pio_0_s1_agent                                                                                                                                                                                                                                                                                                                                                ;
;             |altera_avalon_sc_fifo:pio_0_s1_agent_rsp_fifo                                                                               ; 0.00 mW (0.00 mW)                    ; 0.00 mW (0.00 mW)               ; --                                ; 0.00 mW (0.00 mW)                 ; |NIOS2i2c|i2c_oled_ni2:u0|i2c_oled_ni2_mm_interconnect_0:mm_interconnect_0|altera_avalon_sc_fifo:pio_0_s1_agent_rsp_fifo                                                                                                                                                                                                                                                                                                                                           ;
;             |altera_merlin_slave_translator:pio_0_s1_translator                                                                          ; 0.00 mW (0.00 mW)                    ; 0.00 mW (0.00 mW)               ; --                                ; 0.00 mW (0.00 mW)                 ; |NIOS2i2c|i2c_oled_ni2:u0|i2c_oled_ni2_mm_interconnect_0:mm_interconnect_0|altera_merlin_slave_translator:pio_0_s1_translator                                                                                                                                                                                                                                                                                                                                      ;
;             |i2c_oled_ni2_mm_interconnect_0_router:router                                                                                ; 0.00 mW (0.00 mW)                    ; 0.00 mW (0.00 mW)               ; --                                ; 0.00 mW (0.00 mW)                 ; |NIOS2i2c|i2c_oled_ni2:u0|i2c_oled_ni2_mm_interconnect_0:mm_interconnect_0|i2c_oled_ni2_mm_interconnect_0_router:router                                                                                                                                                                                                                                                                                                                                            ;
;             |i2c_oled_ni2_mm_interconnect_0_router:router_001                                                                            ; 0.00 mW (0.00 mW)                    ; 0.00 mW (0.00 mW)               ; --                                ; 0.00 mW (0.00 mW)                 ; |NIOS2i2c|i2c_oled_ni2:u0|i2c_oled_ni2_mm_interconnect_0:mm_interconnect_0|i2c_oled_ni2_mm_interconnect_0_router:router_001                                                                                                                                                                                                                                                                                                                                        ;
;             |i2c_oled_ni2_mm_interconnect_0_router_002:router_002                                                                        ; 0.00 mW (0.00 mW)                    ; 0.00 mW (0.00 mW)               ; --                                ; 0.00 mW (0.00 mW)                 ; |NIOS2i2c|i2c_oled_ni2:u0|i2c_oled_ni2_mm_interconnect_0:mm_interconnect_0|i2c_oled_ni2_mm_interconnect_0_router_002:router_002                                                                                                                                                                                                                                                                                                                                    ;
;             |i2c_oled_ni2_mm_interconnect_0_router_002:router_003                                                                        ; 0.00 mW (0.00 mW)                    ; 0.00 mW (0.00 mW)               ; --                                ; 0.00 mW (0.00 mW)                 ; |NIOS2i2c|i2c_oled_ni2:u0|i2c_oled_ni2_mm_interconnect_0:mm_interconnect_0|i2c_oled_ni2_mm_interconnect_0_router_002:router_003                                                                                                                                                                                                                                                                                                                                    ;
;             |i2c_oled_ni2_mm_interconnect_0_router_002:router_004                                                                        ; 0.00 mW (0.00 mW)                    ; 0.00 mW (0.00 mW)               ; --                                ; 0.00 mW (0.00 mW)                 ; |NIOS2i2c|i2c_oled_ni2:u0|i2c_oled_ni2_mm_interconnect_0:mm_interconnect_0|i2c_oled_ni2_mm_interconnect_0_router_002:router_004                                                                                                                                                                                                                                                                                                                                    ;
;             |i2c_oled_ni2_mm_interconnect_0_router_002:router_005                                                                        ; 0.00 mW (0.00 mW)                    ; 0.00 mW (0.00 mW)               ; --                                ; 0.00 mW (0.00 mW)                 ; |NIOS2i2c|i2c_oled_ni2:u0|i2c_oled_ni2_mm_interconnect_0:mm_interconnect_0|i2c_oled_ni2_mm_interconnect_0_router_002:router_005                                                                                                                                                                                                                                                                                                                                    ;
;             |i2c_oled_ni2_mm_interconnect_0_router_002:router_006                                                                        ; 0.00 mW (0.00 mW)                    ; 0.00 mW (0.00 mW)               ; --                                ; 0.00 mW (0.00 mW)                 ; |NIOS2i2c|i2c_oled_ni2:u0|i2c_oled_ni2_mm_interconnect_0:mm_interconnect_0|i2c_oled_ni2_mm_interconnect_0_router_002:router_006                                                                                                                                                                                                                                                                                                                                    ;
;             |i2c_oled_ni2_mm_interconnect_0_router_002:router_007                                                                        ; 0.00 mW (0.00 mW)                    ; 0.00 mW (0.00 mW)               ; --                                ; 0.00 mW (0.00 mW)                 ; |NIOS2i2c|i2c_oled_ni2:u0|i2c_oled_ni2_mm_interconnect_0:mm_interconnect_0|i2c_oled_ni2_mm_interconnect_0_router_002:router_007                                                                                                                                                                                                                                                                                                                                    ;
;             |i2c_oled_ni2_mm_interconnect_0_rsp_demux:rsp_demux                                                                          ; 0.00 mW (0.00 mW)                    ; 0.00 mW (0.00 mW)               ; --                                ; 0.00 mW (0.00 mW)                 ; |NIOS2i2c|i2c_oled_ni2:u0|i2c_oled_ni2_mm_interconnect_0:mm_interconnect_0|i2c_oled_ni2_mm_interconnect_0_rsp_demux:rsp_demux                                                                                                                                                                                                                                                                                                                                      ;
;             |i2c_oled_ni2_mm_interconnect_0_rsp_demux:rsp_demux_001                                                                      ; 0.00 mW (0.00 mW)                    ; 0.00 mW (0.00 mW)               ; --                                ; 0.00 mW (0.00 mW)                 ; |NIOS2i2c|i2c_oled_ni2:u0|i2c_oled_ni2_mm_interconnect_0:mm_interconnect_0|i2c_oled_ni2_mm_interconnect_0_rsp_demux:rsp_demux_001                                                                                                                                                                                                                                                                                                                                  ;
;             |i2c_oled_ni2_mm_interconnect_0_rsp_demux:rsp_demux_002                                                                      ; 0.00 mW (0.00 mW)                    ; 0.00 mW (0.00 mW)               ; --                                ; 0.00 mW (0.00 mW)                 ; |NIOS2i2c|i2c_oled_ni2:u0|i2c_oled_ni2_mm_interconnect_0:mm_interconnect_0|i2c_oled_ni2_mm_interconnect_0_rsp_demux:rsp_demux_002                                                                                                                                                                                                                                                                                                                                  ;
;             |i2c_oled_ni2_mm_interconnect_0_rsp_demux:rsp_demux_003                                                                      ; 0.00 mW (0.00 mW)                    ; 0.00 mW (0.00 mW)               ; --                                ; 0.00 mW (0.00 mW)                 ; |NIOS2i2c|i2c_oled_ni2:u0|i2c_oled_ni2_mm_interconnect_0:mm_interconnect_0|i2c_oled_ni2_mm_interconnect_0_rsp_demux:rsp_demux_003                                                                                                                                                                                                                                                                                                                                  ;
;             |i2c_oled_ni2_mm_interconnect_0_rsp_demux:rsp_demux_004                                                                      ; 0.00 mW (0.00 mW)                    ; 0.00 mW (0.00 mW)               ; --                                ; 0.00 mW (0.00 mW)                 ; |NIOS2i2c|i2c_oled_ni2:u0|i2c_oled_ni2_mm_interconnect_0:mm_interconnect_0|i2c_oled_ni2_mm_interconnect_0_rsp_demux:rsp_demux_004                                                                                                                                                                                                                                                                                                                                  ;
;             |i2c_oled_ni2_mm_interconnect_0_rsp_demux:rsp_demux_005                                                                      ; 0.00 mW (0.00 mW)                    ; 0.00 mW (0.00 mW)               ; --                                ; 0.00 mW (0.00 mW)                 ; |NIOS2i2c|i2c_oled_ni2:u0|i2c_oled_ni2_mm_interconnect_0:mm_interconnect_0|i2c_oled_ni2_mm_interconnect_0_rsp_demux:rsp_demux_005                                                                                                                                                                                                                                                                                                                                  ;
;             |i2c_oled_ni2_mm_interconnect_0_rsp_mux:rsp_mux                                                                              ; 0.00 mW (0.00 mW)                    ; 0.00 mW (0.00 mW)               ; --                                ; 0.00 mW (0.00 mW)                 ; |NIOS2i2c|i2c_oled_ni2:u0|i2c_oled_ni2_mm_interconnect_0:mm_interconnect_0|i2c_oled_ni2_mm_interconnect_0_rsp_mux:rsp_mux                                                                                                                                                                                                                                                                                                                                          ;
;                 |altera_merlin_arbitrator:arb                                                                                            ; 0.00 mW (0.00 mW)                    ; 0.00 mW (0.00 mW)               ; --                                ; 0.00 mW (0.00 mW)                 ; |NIOS2i2c|i2c_oled_ni2:u0|i2c_oled_ni2_mm_interconnect_0:mm_interconnect_0|i2c_oled_ni2_mm_interconnect_0_rsp_mux:rsp_mux|altera_merlin_arbitrator:arb                                                                                                                                                                                                                                                                                                             ;
;             |i2c_oled_ni2_mm_interconnect_0_rsp_mux:rsp_mux_001                                                                          ; 0.00 mW (0.00 mW)                    ; 0.00 mW (0.00 mW)               ; --                                ; 0.00 mW (0.00 mW)                 ; |NIOS2i2c|i2c_oled_ni2:u0|i2c_oled_ni2_mm_interconnect_0:mm_interconnect_0|i2c_oled_ni2_mm_interconnect_0_rsp_mux:rsp_mux_001                                                                                                                                                                                                                                                                                                                                      ;
;                 |altera_merlin_arbitrator:arb                                                                                            ; 0.00 mW (0.00 mW)                    ; 0.00 mW (0.00 mW)               ; --                                ; 0.00 mW (0.00 mW)                 ; |NIOS2i2c|i2c_oled_ni2:u0|i2c_oled_ni2_mm_interconnect_0:mm_interconnect_0|i2c_oled_ni2_mm_interconnect_0_rsp_mux:rsp_mux_001|altera_merlin_arbitrator:arb                                                                                                                                                                                                                                                                                                         ;
;             |altera_merlin_slave_agent:uart_0_s1_agent                                                                                   ; 0.00 mW (0.00 mW)                    ; 0.00 mW (0.00 mW)               ; --                                ; 0.00 mW (0.00 mW)                 ; |NIOS2i2c|i2c_oled_ni2:u0|i2c_oled_ni2_mm_interconnect_0:mm_interconnect_0|altera_merlin_slave_agent:uart_0_s1_agent                                                                                                                                                                                                                                                                                                                                               ;
;             |altera_avalon_sc_fifo:uart_0_s1_agent_rsp_fifo                                                                              ; 0.00 mW (0.00 mW)                    ; 0.00 mW (0.00 mW)               ; --                                ; 0.00 mW (0.00 mW)                 ; |NIOS2i2c|i2c_oled_ni2:u0|i2c_oled_ni2_mm_interconnect_0:mm_interconnect_0|altera_avalon_sc_fifo:uart_0_s1_agent_rsp_fifo                                                                                                                                                                                                                                                                                                                                          ;
;             |altera_merlin_slave_translator:uart_0_s1_translator                                                                         ; 0.00 mW (0.00 mW)                    ; 0.00 mW (0.00 mW)               ; --                                ; 0.00 mW (0.00 mW)                 ; |NIOS2i2c|i2c_oled_ni2:u0|i2c_oled_ni2_mm_interconnect_0:mm_interconnect_0|altera_merlin_slave_translator:uart_0_s1_translator                                                                                                                                                                                                                                                                                                                                     ;
;         |i2c_oled_ni2_nios2_gen2_0:nios2_gen2_0                                                                                          ; 0.11 mW (0.00 mW)                    ; 0.07 mW (0.00 mW)               ; --                                ; 0.04 mW (0.00 mW)                 ; |NIOS2i2c|i2c_oled_ni2:u0|i2c_oled_ni2_nios2_gen2_0:nios2_gen2_0                                                                                                                                                                                                                                                                                                                                                                                                   ;
;             |i2c_oled_ni2_nios2_gen2_0_cpu:cpu                                                                                           ; 0.11 mW (0.00 mW)                    ; 0.07 mW (0.00 mW)               ; --                                ; 0.04 mW (0.00 mW)                 ; |NIOS2i2c|i2c_oled_ni2:u0|i2c_oled_ni2_nios2_gen2_0:nios2_gen2_0|i2c_oled_ni2_nios2_gen2_0_cpu:cpu                                                                                                                                                                                                                                                                                                                                                                 ;
;                 |i2c_oled_ni2_nios2_gen2_0_cpu_register_bank_a_module:i2c_oled_ni2_nios2_gen2_0_cpu_register_bank_a                      ; 0.00 mW (0.00 mW)                    ; 0.00 mW (0.00 mW)               ; --                                ; 0.00 mW (0.00 mW)                 ; |NIOS2i2c|i2c_oled_ni2:u0|i2c_oled_ni2_nios2_gen2_0:nios2_gen2_0|i2c_oled_ni2_nios2_gen2_0_cpu:cpu|i2c_oled_ni2_nios2_gen2_0_cpu_register_bank_a_module:i2c_oled_ni2_nios2_gen2_0_cpu_register_bank_a                                                                                                                                                                                                                                                              ;
;                     |altsyncram:the_altsyncram                                                                                           ; 0.00 mW (0.00 mW)                    ; 0.00 mW (0.00 mW)               ; --                                ; 0.00 mW (0.00 mW)                 ; |NIOS2i2c|i2c_oled_ni2:u0|i2c_oled_ni2_nios2_gen2_0:nios2_gen2_0|i2c_oled_ni2_nios2_gen2_0_cpu:cpu|i2c_oled_ni2_nios2_gen2_0_cpu_register_bank_a_module:i2c_oled_ni2_nios2_gen2_0_cpu_register_bank_a|altsyncram:the_altsyncram                                                                                                                                                                                                                                    ;
;                         |altsyncram_s0c1:auto_generated                                                                                  ; 0.00 mW (0.00 mW)                    ; 0.00 mW (0.00 mW)               ; --                                ; 0.00 mW (0.00 mW)                 ; |NIOS2i2c|i2c_oled_ni2:u0|i2c_oled_ni2_nios2_gen2_0:nios2_gen2_0|i2c_oled_ni2_nios2_gen2_0_cpu:cpu|i2c_oled_ni2_nios2_gen2_0_cpu_register_bank_a_module:i2c_oled_ni2_nios2_gen2_0_cpu_register_bank_a|altsyncram:the_altsyncram|altsyncram_s0c1:auto_generated                                                                                                                                                                                                     ;
;                 |i2c_oled_ni2_nios2_gen2_0_cpu_register_bank_b_module:i2c_oled_ni2_nios2_gen2_0_cpu_register_bank_b                      ; 0.00 mW (0.00 mW)                    ; 0.00 mW (0.00 mW)               ; --                                ; 0.00 mW (0.00 mW)                 ; |NIOS2i2c|i2c_oled_ni2:u0|i2c_oled_ni2_nios2_gen2_0:nios2_gen2_0|i2c_oled_ni2_nios2_gen2_0_cpu:cpu|i2c_oled_ni2_nios2_gen2_0_cpu_register_bank_b_module:i2c_oled_ni2_nios2_gen2_0_cpu_register_bank_b                                                                                                                                                                                                                                                              ;
;                     |altsyncram:the_altsyncram                                                                                           ; 0.00 mW (0.00 mW)                    ; 0.00 mW (0.00 mW)               ; --                                ; 0.00 mW (0.00 mW)                 ; |NIOS2i2c|i2c_oled_ni2:u0|i2c_oled_ni2_nios2_gen2_0:nios2_gen2_0|i2c_oled_ni2_nios2_gen2_0_cpu:cpu|i2c_oled_ni2_nios2_gen2_0_cpu_register_bank_b_module:i2c_oled_ni2_nios2_gen2_0_cpu_register_bank_b|altsyncram:the_altsyncram                                                                                                                                                                                                                                    ;
;                         |altsyncram_s0c1:auto_generated                                                                                  ; 0.00 mW (0.00 mW)                    ; 0.00 mW (0.00 mW)               ; --                                ; 0.00 mW (0.00 mW)                 ; |NIOS2i2c|i2c_oled_ni2:u0|i2c_oled_ni2_nios2_gen2_0:nios2_gen2_0|i2c_oled_ni2_nios2_gen2_0_cpu:cpu|i2c_oled_ni2_nios2_gen2_0_cpu_register_bank_b_module:i2c_oled_ni2_nios2_gen2_0_cpu_register_bank_b|altsyncram:the_altsyncram|altsyncram_s0c1:auto_generated                                                                                                                                                                                                     ;
;                 |i2c_oled_ni2_nios2_gen2_0_cpu_nios2_oci:the_i2c_oled_ni2_nios2_gen2_0_cpu_nios2_oci                                     ; 0.11 mW (0.00 mW)                    ; 0.07 mW (0.00 mW)               ; --                                ; 0.04 mW (0.00 mW)                 ; |NIOS2i2c|i2c_oled_ni2:u0|i2c_oled_ni2_nios2_gen2_0:nios2_gen2_0|i2c_oled_ni2_nios2_gen2_0_cpu:cpu|i2c_oled_ni2_nios2_gen2_0_cpu_nios2_oci:the_i2c_oled_ni2_nios2_gen2_0_cpu_nios2_oci                                                                                                                                                                                                                                                                             ;
;                     |i2c_oled_ni2_nios2_gen2_0_cpu_debug_slave_wrapper:the_i2c_oled_ni2_nios2_gen2_0_cpu_debug_slave_wrapper             ; 0.08 mW (0.00 mW)                    ; 0.05 mW (0.00 mW)               ; --                                ; 0.02 mW (0.00 mW)                 ; |NIOS2i2c|i2c_oled_ni2:u0|i2c_oled_ni2_nios2_gen2_0:nios2_gen2_0|i2c_oled_ni2_nios2_gen2_0_cpu:cpu|i2c_oled_ni2_nios2_gen2_0_cpu_nios2_oci:the_i2c_oled_ni2_nios2_gen2_0_cpu_nios2_oci|i2c_oled_ni2_nios2_gen2_0_cpu_debug_slave_wrapper:the_i2c_oled_ni2_nios2_gen2_0_cpu_debug_slave_wrapper                                                                                                                                                                     ;
;                         |sld_virtual_jtag_basic:i2c_oled_ni2_nios2_gen2_0_cpu_debug_slave_phy                                            ; 0.00 mW (0.00 mW)                    ; 0.00 mW (0.00 mW)               ; --                                ; 0.00 mW (0.00 mW)                 ; |NIOS2i2c|i2c_oled_ni2:u0|i2c_oled_ni2_nios2_gen2_0:nios2_gen2_0|i2c_oled_ni2_nios2_gen2_0_cpu:cpu|i2c_oled_ni2_nios2_gen2_0_cpu_nios2_oci:the_i2c_oled_ni2_nios2_gen2_0_cpu_nios2_oci|i2c_oled_ni2_nios2_gen2_0_cpu_debug_slave_wrapper:the_i2c_oled_ni2_nios2_gen2_0_cpu_debug_slave_wrapper|sld_virtual_jtag_basic:i2c_oled_ni2_nios2_gen2_0_cpu_debug_slave_phy                                                                                                ;
;                             |sld_virtual_jtag_impl:sld_virtual_jtag_impl_inst                                                            ; 0.00 mW (0.00 mW)                    ; 0.00 mW (0.00 mW)               ; --                                ; 0.00 mW (0.00 mW)                 ; |NIOS2i2c|i2c_oled_ni2:u0|i2c_oled_ni2_nios2_gen2_0:nios2_gen2_0|i2c_oled_ni2_nios2_gen2_0_cpu:cpu|i2c_oled_ni2_nios2_gen2_0_cpu_nios2_oci:the_i2c_oled_ni2_nios2_gen2_0_cpu_nios2_oci|i2c_oled_ni2_nios2_gen2_0_cpu_debug_slave_wrapper:the_i2c_oled_ni2_nios2_gen2_0_cpu_debug_slave_wrapper|sld_virtual_jtag_basic:i2c_oled_ni2_nios2_gen2_0_cpu_debug_slave_phy|sld_virtual_jtag_impl:sld_virtual_jtag_impl_inst                                               ;
;                                 |sld_jtag_endpoint_adapter:jtag_signal_adapter                                                           ; 0.00 mW (0.00 mW)                    ; 0.00 mW (0.00 mW)               ; --                                ; 0.00 mW (0.00 mW)                 ; |NIOS2i2c|i2c_oled_ni2:u0|i2c_oled_ni2_nios2_gen2_0:nios2_gen2_0|i2c_oled_ni2_nios2_gen2_0_cpu:cpu|i2c_oled_ni2_nios2_gen2_0_cpu_nios2_oci:the_i2c_oled_ni2_nios2_gen2_0_cpu_nios2_oci|i2c_oled_ni2_nios2_gen2_0_cpu_debug_slave_wrapper:the_i2c_oled_ni2_nios2_gen2_0_cpu_debug_slave_wrapper|sld_virtual_jtag_basic:i2c_oled_ni2_nios2_gen2_0_cpu_debug_slave_phy|sld_virtual_jtag_impl:sld_virtual_jtag_impl_inst|sld_jtag_endpoint_adapter:jtag_signal_adapter ;
;                         |i2c_oled_ni2_nios2_gen2_0_cpu_debug_slave_sysclk:the_i2c_oled_ni2_nios2_gen2_0_cpu_debug_slave_sysclk           ; 0.00 mW (0.00 mW)                    ; 0.00 mW (0.00 mW)               ; --                                ; 0.00 mW (0.00 mW)                 ; |NIOS2i2c|i2c_oled_ni2:u0|i2c_oled_ni2_nios2_gen2_0:nios2_gen2_0|i2c_oled_ni2_nios2_gen2_0_cpu:cpu|i2c_oled_ni2_nios2_gen2_0_cpu_nios2_oci:the_i2c_oled_ni2_nios2_gen2_0_cpu_nios2_oci|i2c_oled_ni2_nios2_gen2_0_cpu_debug_slave_wrapper:the_i2c_oled_ni2_nios2_gen2_0_cpu_debug_slave_wrapper|i2c_oled_ni2_nios2_gen2_0_cpu_debug_slave_sysclk:the_i2c_oled_ni2_nios2_gen2_0_cpu_debug_slave_sysclk                                                               ;
;                             |altera_std_synchronizer:the_altera_std_synchronizer3                                                        ; 0.00 mW (0.00 mW)                    ; 0.00 mW (0.00 mW)               ; --                                ; 0.00 mW (0.00 mW)                 ; |NIOS2i2c|i2c_oled_ni2:u0|i2c_oled_ni2_nios2_gen2_0:nios2_gen2_0|i2c_oled_ni2_nios2_gen2_0_cpu:cpu|i2c_oled_ni2_nios2_gen2_0_cpu_nios2_oci:the_i2c_oled_ni2_nios2_gen2_0_cpu_nios2_oci|i2c_oled_ni2_nios2_gen2_0_cpu_debug_slave_wrapper:the_i2c_oled_ni2_nios2_gen2_0_cpu_debug_slave_wrapper|i2c_oled_ni2_nios2_gen2_0_cpu_debug_slave_sysclk:the_i2c_oled_ni2_nios2_gen2_0_cpu_debug_slave_sysclk|altera_std_synchronizer:the_altera_std_synchronizer3          ;
;                             |altera_std_synchronizer:the_altera_std_synchronizer4                                                        ; 0.00 mW (0.00 mW)                    ; 0.00 mW (0.00 mW)               ; --                                ; 0.00 mW (0.00 mW)                 ; |NIOS2i2c|i2c_oled_ni2:u0|i2c_oled_ni2_nios2_gen2_0:nios2_gen2_0|i2c_oled_ni2_nios2_gen2_0_cpu:cpu|i2c_oled_ni2_nios2_gen2_0_cpu_nios2_oci:the_i2c_oled_ni2_nios2_gen2_0_cpu_nios2_oci|i2c_oled_ni2_nios2_gen2_0_cpu_debug_slave_wrapper:the_i2c_oled_ni2_nios2_gen2_0_cpu_debug_slave_wrapper|i2c_oled_ni2_nios2_gen2_0_cpu_debug_slave_sysclk:the_i2c_oled_ni2_nios2_gen2_0_cpu_debug_slave_sysclk|altera_std_synchronizer:the_altera_std_synchronizer4          ;
;                         |i2c_oled_ni2_nios2_gen2_0_cpu_debug_slave_tck:the_i2c_oled_ni2_nios2_gen2_0_cpu_debug_slave_tck                 ; 0.07 mW (0.07 mW)                    ; 0.05 mW (0.05 mW)               ; --                                ; 0.02 mW (0.02 mW)                 ; |NIOS2i2c|i2c_oled_ni2:u0|i2c_oled_ni2_nios2_gen2_0:nios2_gen2_0|i2c_oled_ni2_nios2_gen2_0_cpu:cpu|i2c_oled_ni2_nios2_gen2_0_cpu_nios2_oci:the_i2c_oled_ni2_nios2_gen2_0_cpu_nios2_oci|i2c_oled_ni2_nios2_gen2_0_cpu_debug_slave_wrapper:the_i2c_oled_ni2_nios2_gen2_0_cpu_debug_slave_wrapper|i2c_oled_ni2_nios2_gen2_0_cpu_debug_slave_tck:the_i2c_oled_ni2_nios2_gen2_0_cpu_debug_slave_tck                                                                     ;
;                             |altera_std_synchronizer:the_altera_std_synchronizer1                                                        ; 0.00 mW (0.00 mW)                    ; 0.00 mW (0.00 mW)               ; --                                ; 0.00 mW (0.00 mW)                 ; |NIOS2i2c|i2c_oled_ni2:u0|i2c_oled_ni2_nios2_gen2_0:nios2_gen2_0|i2c_oled_ni2_nios2_gen2_0_cpu:cpu|i2c_oled_ni2_nios2_gen2_0_cpu_nios2_oci:the_i2c_oled_ni2_nios2_gen2_0_cpu_nios2_oci|i2c_oled_ni2_nios2_gen2_0_cpu_debug_slave_wrapper:the_i2c_oled_ni2_nios2_gen2_0_cpu_debug_slave_wrapper|i2c_oled_ni2_nios2_gen2_0_cpu_debug_slave_tck:the_i2c_oled_ni2_nios2_gen2_0_cpu_debug_slave_tck|altera_std_synchronizer:the_altera_std_synchronizer1                ;
;                             |altera_std_synchronizer:the_altera_std_synchronizer2                                                        ; 0.00 mW (0.00 mW)                    ; 0.00 mW (0.00 mW)               ; --                                ; 0.00 mW (0.00 mW)                 ; |NIOS2i2c|i2c_oled_ni2:u0|i2c_oled_ni2_nios2_gen2_0:nios2_gen2_0|i2c_oled_ni2_nios2_gen2_0_cpu:cpu|i2c_oled_ni2_nios2_gen2_0_cpu_nios2_oci:the_i2c_oled_ni2_nios2_gen2_0_cpu_nios2_oci|i2c_oled_ni2_nios2_gen2_0_cpu_debug_slave_wrapper:the_i2c_oled_ni2_nios2_gen2_0_cpu_debug_slave_wrapper|i2c_oled_ni2_nios2_gen2_0_cpu_debug_slave_tck:the_i2c_oled_ni2_nios2_gen2_0_cpu_debug_slave_tck|altera_std_synchronizer:the_altera_std_synchronizer2                ;
;                     |i2c_oled_ni2_nios2_gen2_0_cpu_nios2_avalon_reg:the_i2c_oled_ni2_nios2_gen2_0_cpu_nios2_avalon_reg                   ; 0.00 mW (0.00 mW)                    ; 0.00 mW (0.00 mW)               ; --                                ; 0.00 mW (0.00 mW)                 ; |NIOS2i2c|i2c_oled_ni2:u0|i2c_oled_ni2_nios2_gen2_0:nios2_gen2_0|i2c_oled_ni2_nios2_gen2_0_cpu:cpu|i2c_oled_ni2_nios2_gen2_0_cpu_nios2_oci:the_i2c_oled_ni2_nios2_gen2_0_cpu_nios2_oci|i2c_oled_ni2_nios2_gen2_0_cpu_nios2_avalon_reg:the_i2c_oled_ni2_nios2_gen2_0_cpu_nios2_avalon_reg                                                                                                                                                                           ;
;                     |i2c_oled_ni2_nios2_gen2_0_cpu_nios2_oci_break:the_i2c_oled_ni2_nios2_gen2_0_cpu_nios2_oci_break                     ; 0.01 mW (0.01 mW)                    ; 0.01 mW (0.01 mW)               ; --                                ; 0.01 mW (0.01 mW)                 ; |NIOS2i2c|i2c_oled_ni2:u0|i2c_oled_ni2_nios2_gen2_0:nios2_gen2_0|i2c_oled_ni2_nios2_gen2_0_cpu:cpu|i2c_oled_ni2_nios2_gen2_0_cpu_nios2_oci:the_i2c_oled_ni2_nios2_gen2_0_cpu_nios2_oci|i2c_oled_ni2_nios2_gen2_0_cpu_nios2_oci_break:the_i2c_oled_ni2_nios2_gen2_0_cpu_nios2_oci_break                                                                                                                                                                             ;
;                     |i2c_oled_ni2_nios2_gen2_0_cpu_nios2_oci_debug:the_i2c_oled_ni2_nios2_gen2_0_cpu_nios2_oci_debug                     ; 0.00 mW (0.00 mW)                    ; 0.00 mW (0.00 mW)               ; --                                ; 0.00 mW (0.00 mW)                 ; |NIOS2i2c|i2c_oled_ni2:u0|i2c_oled_ni2_nios2_gen2_0:nios2_gen2_0|i2c_oled_ni2_nios2_gen2_0_cpu:cpu|i2c_oled_ni2_nios2_gen2_0_cpu_nios2_oci:the_i2c_oled_ni2_nios2_gen2_0_cpu_nios2_oci|i2c_oled_ni2_nios2_gen2_0_cpu_nios2_oci_debug:the_i2c_oled_ni2_nios2_gen2_0_cpu_nios2_oci_debug                                                                                                                                                                             ;
;                         |altera_std_synchronizer:the_altera_std_synchronizer                                                             ; 0.00 mW (0.00 mW)                    ; 0.00 mW (0.00 mW)               ; --                                ; 0.00 mW (0.00 mW)                 ; |NIOS2i2c|i2c_oled_ni2:u0|i2c_oled_ni2_nios2_gen2_0:nios2_gen2_0|i2c_oled_ni2_nios2_gen2_0_cpu:cpu|i2c_oled_ni2_nios2_gen2_0_cpu_nios2_oci:the_i2c_oled_ni2_nios2_gen2_0_cpu_nios2_oci|i2c_oled_ni2_nios2_gen2_0_cpu_nios2_oci_debug:the_i2c_oled_ni2_nios2_gen2_0_cpu_nios2_oci_debug|altera_std_synchronizer:the_altera_std_synchronizer                                                                                                                         ;
;                     |i2c_oled_ni2_nios2_gen2_0_cpu_nios2_oci_dtrace:the_i2c_oled_ni2_nios2_gen2_0_cpu_nios2_oci_dtrace                   ; 0.00 mW (0.00 mW)                    ; 0.00 mW (0.00 mW)               ; --                                ; 0.00 mW (0.00 mW)                 ; |NIOS2i2c|i2c_oled_ni2:u0|i2c_oled_ni2_nios2_gen2_0:nios2_gen2_0|i2c_oled_ni2_nios2_gen2_0_cpu:cpu|i2c_oled_ni2_nios2_gen2_0_cpu_nios2_oci:the_i2c_oled_ni2_nios2_gen2_0_cpu_nios2_oci|i2c_oled_ni2_nios2_gen2_0_cpu_nios2_oci_dtrace:the_i2c_oled_ni2_nios2_gen2_0_cpu_nios2_oci_dtrace                                                                                                                                                                           ;
;                     |i2c_oled_ni2_nios2_gen2_0_cpu_nios2_oci_fifo:the_i2c_oled_ni2_nios2_gen2_0_cpu_nios2_oci_fifo                       ; 0.00 mW (0.00 mW)                    ; 0.00 mW (0.00 mW)               ; --                                ; 0.00 mW (0.00 mW)                 ; |NIOS2i2c|i2c_oled_ni2:u0|i2c_oled_ni2_nios2_gen2_0:nios2_gen2_0|i2c_oled_ni2_nios2_gen2_0_cpu:cpu|i2c_oled_ni2_nios2_gen2_0_cpu_nios2_oci:the_i2c_oled_ni2_nios2_gen2_0_cpu_nios2_oci|i2c_oled_ni2_nios2_gen2_0_cpu_nios2_oci_fifo:the_i2c_oled_ni2_nios2_gen2_0_cpu_nios2_oci_fifo                                                                                                                                                                               ;
;                     |i2c_oled_ni2_nios2_gen2_0_cpu_nios2_ocimem:the_i2c_oled_ni2_nios2_gen2_0_cpu_nios2_ocimem                           ; 0.02 mW (0.02 mW)                    ; 0.01 mW (0.01 mW)               ; --                                ; 0.01 mW (0.01 mW)                 ; |NIOS2i2c|i2c_oled_ni2:u0|i2c_oled_ni2_nios2_gen2_0:nios2_gen2_0|i2c_oled_ni2_nios2_gen2_0_cpu:cpu|i2c_oled_ni2_nios2_gen2_0_cpu_nios2_oci:the_i2c_oled_ni2_nios2_gen2_0_cpu_nios2_oci|i2c_oled_ni2_nios2_gen2_0_cpu_nios2_ocimem:the_i2c_oled_ni2_nios2_gen2_0_cpu_nios2_ocimem                                                                                                                                                                                   ;
;                         |i2c_oled_ni2_nios2_gen2_0_cpu_ociram_sp_ram_module:i2c_oled_ni2_nios2_gen2_0_cpu_ociram_sp_ram                  ; 0.00 mW (0.00 mW)                    ; 0.00 mW (0.00 mW)               ; --                                ; 0.00 mW (0.00 mW)                 ; |NIOS2i2c|i2c_oled_ni2:u0|i2c_oled_ni2_nios2_gen2_0:nios2_gen2_0|i2c_oled_ni2_nios2_gen2_0_cpu:cpu|i2c_oled_ni2_nios2_gen2_0_cpu_nios2_oci:the_i2c_oled_ni2_nios2_gen2_0_cpu_nios2_oci|i2c_oled_ni2_nios2_gen2_0_cpu_nios2_ocimem:the_i2c_oled_ni2_nios2_gen2_0_cpu_nios2_ocimem|i2c_oled_ni2_nios2_gen2_0_cpu_ociram_sp_ram_module:i2c_oled_ni2_nios2_gen2_0_cpu_ociram_sp_ram                                                                                    ;
;                             |altsyncram:the_altsyncram                                                                                   ; 0.00 mW (0.00 mW)                    ; 0.00 mW (0.00 mW)               ; --                                ; 0.00 mW (0.00 mW)                 ; |NIOS2i2c|i2c_oled_ni2:u0|i2c_oled_ni2_nios2_gen2_0:nios2_gen2_0|i2c_oled_ni2_nios2_gen2_0_cpu:cpu|i2c_oled_ni2_nios2_gen2_0_cpu_nios2_oci:the_i2c_oled_ni2_nios2_gen2_0_cpu_nios2_oci|i2c_oled_ni2_nios2_gen2_0_cpu_nios2_ocimem:the_i2c_oled_ni2_nios2_gen2_0_cpu_nios2_ocimem|i2c_oled_ni2_nios2_gen2_0_cpu_ociram_sp_ram_module:i2c_oled_ni2_nios2_gen2_0_cpu_ociram_sp_ram|altsyncram:the_altsyncram                                                          ;
;                                 |altsyncram_0n61:auto_generated                                                                          ; 0.00 mW (0.00 mW)                    ; 0.00 mW (0.00 mW)               ; --                                ; 0.00 mW (0.00 mW)                 ; |NIOS2i2c|i2c_oled_ni2:u0|i2c_oled_ni2_nios2_gen2_0:nios2_gen2_0|i2c_oled_ni2_nios2_gen2_0_cpu:cpu|i2c_oled_ni2_nios2_gen2_0_cpu_nios2_oci:the_i2c_oled_ni2_nios2_gen2_0_cpu_nios2_oci|i2c_oled_ni2_nios2_gen2_0_cpu_nios2_ocimem:the_i2c_oled_ni2_nios2_gen2_0_cpu_nios2_ocimem|i2c_oled_ni2_nios2_gen2_0_cpu_ociram_sp_ram_module:i2c_oled_ni2_nios2_gen2_0_cpu_ociram_sp_ram|altsyncram:the_altsyncram|altsyncram_0n61:auto_generated                           ;
;         |i2c_oled_ni2_onchip_memory2_0:onchip_memory2_0                                                                                  ; 0.00 mW (0.00 mW)                    ; 0.00 mW (0.00 mW)               ; --                                ; 0.00 mW (0.00 mW)                 ; |NIOS2i2c|i2c_oled_ni2:u0|i2c_oled_ni2_onchip_memory2_0:onchip_memory2_0                                                                                                                                                                                                                                                                                                                                                                                           ;
;             |altsyncram:the_altsyncram                                                                                                   ; 0.00 mW (0.00 mW)                    ; 0.00 mW (0.00 mW)               ; --                                ; 0.00 mW (0.00 mW)                 ; |NIOS2i2c|i2c_oled_ni2:u0|i2c_oled_ni2_onchip_memory2_0:onchip_memory2_0|altsyncram:the_altsyncram                                                                                                                                                                                                                                                                                                                                                                 ;
;                 |altsyncram_okc1:auto_generated                                                                                          ; 0.00 mW (0.00 mW)                    ; 0.00 mW (0.00 mW)               ; --                                ; 0.00 mW (0.00 mW)                 ; |NIOS2i2c|i2c_oled_ni2:u0|i2c_oled_ni2_onchip_memory2_0:onchip_memory2_0|altsyncram:the_altsyncram|altsyncram_okc1:auto_generated                                                                                                                                                                                                                                                                                                                                  ;
;         |i2c_oled_ni2_pio_0:pio_0                                                                                                        ; 0.00 mW (0.00 mW)                    ; 0.00 mW (0.00 mW)               ; --                                ; 0.00 mW (0.00 mW)                 ; |NIOS2i2c|i2c_oled_ni2:u0|i2c_oled_ni2_pio_0:pio_0                                                                                                                                                                                                                                                                                                                                                                                                                 ;
;         |altera_reset_controller:rst_controller                                                                                          ; 0.00 mW (0.00 mW)                    ; 0.00 mW (0.00 mW)               ; --                                ; 0.00 mW (0.00 mW)                 ; |NIOS2i2c|i2c_oled_ni2:u0|altera_reset_controller:rst_controller                                                                                                                                                                                                                                                                                                                                                                                                   ;
;             |altera_reset_synchronizer:alt_rst_req_sync_uq1                                                                              ; 0.00 mW (0.00 mW)                    ; 0.00 mW (0.00 mW)               ; --                                ; 0.00 mW (0.00 mW)                 ; |NIOS2i2c|i2c_oled_ni2:u0|altera_reset_controller:rst_controller|altera_reset_synchronizer:alt_rst_req_sync_uq1                                                                                                                                                                                                                                                                                                                                                    ;
;             |altera_reset_synchronizer:alt_rst_sync_uq1                                                                                  ; 0.00 mW (0.00 mW)                    ; 0.00 mW (0.00 mW)               ; --                                ; 0.00 mW (0.00 mW)                 ; |NIOS2i2c|i2c_oled_ni2:u0|altera_reset_controller:rst_controller|altera_reset_synchronizer:alt_rst_sync_uq1                                                                                                                                                                                                                                                                                                                                                        ;
;         |i2c_oled_ni2_uart_0:uart_0                                                                                                      ; 0.00 mW (0.00 mW)                    ; 0.00 mW (0.00 mW)               ; --                                ; 0.00 mW (0.00 mW)                 ; |NIOS2i2c|i2c_oled_ni2:u0|i2c_oled_ni2_uart_0:uart_0                                                                                                                                                                                                                                                                                                                                                                                                               ;
;             |i2c_oled_ni2_uart_0_regs:the_i2c_oled_ni2_uart_0_regs                                                                       ; 0.00 mW (0.00 mW)                    ; 0.00 mW (0.00 mW)               ; --                                ; 0.00 mW (0.00 mW)                 ; |NIOS2i2c|i2c_oled_ni2:u0|i2c_oled_ni2_uart_0:uart_0|i2c_oled_ni2_uart_0_regs:the_i2c_oled_ni2_uart_0_regs                                                                                                                                                                                                                                                                                                                                                         ;
;             |i2c_oled_ni2_uart_0_rx:the_i2c_oled_ni2_uart_0_rx                                                                           ; 0.00 mW (0.00 mW)                    ; 0.00 mW (0.00 mW)               ; --                                ; 0.00 mW (0.00 mW)                 ; |NIOS2i2c|i2c_oled_ni2:u0|i2c_oled_ni2_uart_0:uart_0|i2c_oled_ni2_uart_0_rx:the_i2c_oled_ni2_uart_0_rx                                                                                                                                                                                                                                                                                                                                                             ;
;                 |altera_std_synchronizer:the_altera_std_synchronizer                                                                     ; 0.00 mW (0.00 mW)                    ; 0.00 mW (0.00 mW)               ; --                                ; 0.00 mW (0.00 mW)                 ; |NIOS2i2c|i2c_oled_ni2:u0|i2c_oled_ni2_uart_0:uart_0|i2c_oled_ni2_uart_0_rx:the_i2c_oled_ni2_uart_0_rx|altera_std_synchronizer:the_altera_std_synchronizer                                                                                                                                                                                                                                                                                                         ;
;             |i2c_oled_ni2_uart_0_tx:the_i2c_oled_ni2_uart_0_tx                                                                           ; 0.00 mW (0.00 mW)                    ; 0.00 mW (0.00 mW)               ; --                                ; 0.00 mW (0.00 mW)                 ; |NIOS2i2c|i2c_oled_ni2:u0|i2c_oled_ni2_uart_0:uart_0|i2c_oled_ni2_uart_0_tx:the_i2c_oled_ni2_uart_0_tx                                                                                                                                                                                                                                                                                                                                                             ;
+------------------------------------------------------------------------------------------------------------------------------------------+--------------------------------------+---------------------------------+-----------------------------------+-----------------------------------+--------------------------------------------------------------------------------------------------------------------------------------------------------------------------------------------------------------------------------------------------------------------------------------------------------------------------------------------------------------------------------------------------------------------------------------------------------------------+
(1) Value in parentheses is the power consumed at that level of hierarchy. Value not in parentheses is the power consumed at that level of hierarchy plus the power consumed by all levels of hierarchy below it.

(2) The "Block Thermal Static Power" for all levels of hierarchy except the top-level hierarchy is part of the "Core Static Thermal Power Dissipation" value found on the PowerPlay Power Analyzer-->Summary report panel. The "Core Static Thermal Power Dissipation" also contains the thermal static power dissipated by the routing.


+------------------------------------------------------------------------+
; Core Dynamic Thermal Power Dissipation by Clock Domain                 ;
+---------------------+-----------------------+--------------------------+
; Clock Domain        ; Clock Frequency (MHz) ; Total Core Dynamic Power ;
+---------------------+-----------------------+--------------------------+
; altera_reserved_tck ; 10.00                 ; 0.71                     ;
; No clock domain     ; 0.00                  ; 0.00                     ;
+---------------------+-----------------------+--------------------------+


+------------------------------------------------------------------------------------------------------------------------------------+
; Current Drawn from Voltage Supplies Summary                                                                                        ;
+----------------+-------------------------+---------------------------+--------------------------+----------------------------------+
; Voltage Supply ; Total Current Drawn (1) ; Dynamic Current Drawn (1) ; Static Current Drawn (1) ; Minimum Power Supply Current (2) ;
+----------------+-------------------------+---------------------------+--------------------------+----------------------------------+
; VCCIO          ; 5.15 mA                 ; 0.05 mA                   ; 5.10 mA                  ; 5.15 mA                          ;
; VCCA           ; 0.00 mA                 ; 0.00 mA                   ; 0.00 mA                  ; 0.00 mA                          ;
; VCC_ONE        ; 37.48 mA                ; 0.60 mA                   ; 36.88 mA                 ; 37.48 mA                         ;
+----------------+-------------------------+---------------------------+--------------------------+----------------------------------+
(1) Currents reported in columns "Total Current Drawn", "Dynamic Current Drawn", and "Static Current Drawn" are sufficient for user operation of the device.  
(2) Currents reported in column "Minimum Power Supply Current" are sufficient for power-up, configuration, and user operation of the device.


+-----------------------------------------------------------------------------------------------+
; VCCIO Supply Current Drawn by I/O Bank                                                        ;
+----------+---------------+---------------------+-----------------------+----------------------+
; I/O Bank ; VCCIO Voltage ; Total Current Drawn ; Dynamic Current Drawn ; Static Current Drawn ;
+----------+---------------+---------------------+-----------------------+----------------------+
; 1A       ; 3.3V          ; 1.67 mA             ; 0.00 mA               ; 1.67 mA              ;
; 1B       ; 2.5V          ; 0.31 mA             ; 0.05 mA               ; 0.26 mA              ;
; 2        ; 3.3V          ; 1.65 mA             ; 0.00 mA               ; 1.65 mA              ;
; 3        ; 2.5V          ; 0.25 mA             ; 0.00 mA               ; 0.25 mA              ;
; 4        ; 2.5V          ; 0.25 mA             ; 0.00 mA               ; 0.25 mA              ;
; 5        ; 2.5V          ; 0.25 mA             ; 0.00 mA               ; 0.25 mA              ;
; 6        ; 2.5V          ; 0.26 mA             ; 0.00 mA               ; 0.26 mA              ;
; 7        ; 2.5V          ; 0.25 mA             ; 0.00 mA               ; 0.25 mA              ;
; 8        ; 2.5V          ; 0.26 mA             ; 0.00 mA               ; 0.26 mA              ;
+----------+---------------+---------------------+-----------------------+----------------------+


+-----------------------------------------------------------------------------------------------------------------------------------+
; VCCIO Supply Current Drawn by Voltage                                                                                             ;
+---------------+-------------------------+---------------------------+--------------------------+----------------------------------+
; VCCIO Voltage ; Total Current Drawn (1) ; Dynamic Current Drawn (1) ; Static Current Drawn (1) ; Minimum Power Supply Current (2) ;
+---------------+-------------------------+---------------------------+--------------------------+----------------------------------+
; 2.5V          ; 1.83 mA                 ; 0.05 mA                   ; 1.78 mA                  ; 1.83 mA                          ;
; 3.3V          ; 3.32 mA                 ; 0.00 mA                   ; 3.32 mA                  ; 3.32 mA                          ;
+---------------+-------------------------+---------------------------+--------------------------+----------------------------------+
(1) Currents reported in columns "Total Current Drawn", "Dynamic Current Drawn", and "Static Current Drawn" are sufficient for user operation of the device.  
(2) Currents reported in column "Minimum Power Supply Current" are sufficient for power-up, configuration, and user operation of the device.


+----------------------------------------------------------------------------------------------------------------------------------------------------+
; Confidence Metric Details                                                                                                                          ;
+----------------------------------------------------------------------------------------+--------------+------------+---------------+---------------+
; Data Source                                                                            ; Total        ; Pin        ; Registered    ; Combinational ;
+----------------------------------------------------------------------------------------+--------------+------------+---------------+---------------+
; Simulation (from file)                                                                 ;              ;            ;               ;               ;
;     -- Number of signals with Toggle Rate from Simulation                              ; 0 (0.0%)     ; 0 (0.0%)   ; 0 (0.0%)      ; 0 (0.0%)      ;
;     -- Number of signals with Static Probability from Simulation                       ; 0 (0.0%)     ; 0 (0.0%)   ; 0 (0.0%)      ; 0 (0.0%)      ;
;                                                                                        ;              ;            ;               ;               ;
; Node, entity or clock assignment                                                       ;              ;            ;               ;               ;
;     -- Number of signals with Toggle Rate from Node, entity or clock assignment        ; 2 (0.0%)     ; 1 (5.3%)   ; 0 (0.0%)      ; 1 (0.0%)      ;
;     -- Number of signals with Static Probability from Node, entity or clock assignment ; 5 (0.1%)     ; 1 (5.3%)   ; 0 (0.0%)      ; 4 (0.1%)      ;
;                                                                                        ;              ;            ;               ;               ;
; Vectorless estimation                                                                  ;              ;            ;               ;               ;
;     -- Number of signals with Toggle Rate from Vectorless estimation                   ; 4126 (99.7%) ; 8 (42.1%)  ; 1342 (100.0%) ; 2776 (100.0%) ;
;     -- Number of signals with Zero toggle rate, from Vectorless estimation             ; 140 (3.4%)   ; 0 (0.0%)   ; 65 (4.8%)     ; 75 (2.7%)     ;
;     -- Number of signals with Static Probability from Vectorless estimation            ; 4123 (99.6%) ; 8 (42.1%)  ; 1342 (100.0%) ; 2773 (99.9%)  ;
;                                                                                        ;              ;            ;               ;               ;
; Default assignment                                                                     ;              ;            ;               ;               ;
;     -- Number of signals with Toggle Rate from Default assignment                      ; 2 (0.0%)     ; 2 (10.5%)  ; 0 (0.0%)      ; 0 (0.0%)      ;
;     -- Number of signals with Static Probability from Default assignment               ; 10 (0.2%)    ; 10 (52.6%) ; 0 (0.0%)      ; 0 (0.0%)      ;
;                                                                                        ;              ;            ;               ;               ;
; Assumed 0                                                                              ;              ;            ;               ;               ;
;     -- Number of signals with Toggle Rate assumed 0                                    ; 8 (0.2%)     ; 8 (42.1%)  ; 0 (0.0%)      ; 0 (0.0%)      ;
+----------------------------------------------------------------------------------------+--------------+------------+---------------+---------------+


+---------------------------------------------------------------------------------------------------------------------------------------------+
; Signal Activities                                                                                                                           ;
+--------+------+---------------------------------------------+-------------------------+--------------------+--------------------------------+
; Signal ; Type ; Toggle Rate (millions of transitions / sec) ; Toggle Rate Data Source ; Static Probability ; Static Probability Data Source ;
+--------+------+---------------------------------------------+-------------------------+--------------------+--------------------------------+
(1) The "Signal Activity" Table has been hidden. To show this table, please select the "Write signal activities to report file" option under "PowerPlay Power Analyzer Settings".


+-------------------------+
; Power Analyzer Messages ;
+-------------------------+
Info: *******************************************************************
Info: Running Quartus Prime Power Analyzer
    Info: Version 17.1.0 Build 590 10/25/2017 SJ Lite Edition
    Info: Processing started: Sat Dec 20 18:06:45 2025
Info: Command: quartus_pow --read_settings_files=off --write_settings_files=off i2c_oled_ni2 -c i2c_oled_ni2
Warning (18236): Number of processors has not been specified which may cause overloading on shared machines.  Set the global assignment NUM_PARALLEL_PROCESSORS in your QSF to an appropriate value for best performance.
Info (21077): Low junction temperature is 0 degrees C
Info (21077): High junction temperature is 85 degrees C
Info (332164): Evaluating HDL-embedded SDC commands
    Info (332165): Entity alt_jtag_atlantic
        Info (332166): set_false_path -from [get_registers {*|alt_jtag_atlantic:*|jupdate}] -to [get_registers {*|alt_jtag_atlantic:*|jupdate1*}] 
        Info (332166): set_false_path -from [get_registers {*|alt_jtag_atlantic:*|rdata[*]}] -to [get_registers {*|alt_jtag_atlantic*|td_shift[*]}]
        Info (332166): set_false_path -from [get_registers {*|alt_jtag_atlantic:*|rdata[*]}] -to [get_registers {*|alt_jtag_atlantic*|td_shift[*]}]
        Info (332166): set_false_path -from [get_registers {*|alt_jtag_atlantic:*|rdata[*]}] -to [get_registers {*|alt_jtag_atlantic*|td_shift[*]}]
        Info (332166): set_false_path -from [get_registers {*|alt_jtag_atlantic:*|rdata[*]}] -to [get_registers {*|alt_jtag_atlantic*|td_shift[*]}]
        Info (332166): set_false_path -from [get_registers {*|alt_jtag_atlantic:*|rdata[*]}] -to [get_registers {*|alt_jtag_atlantic*|td_shift[*]}]
        Info (332166): set_false_path -from [get_registers {*|alt_jtag_atlantic:*|rdata[*]}] -to [get_registers {*|alt_jtag_atlantic*|td_shift[*]}]
        Info (332166): set_false_path -from [get_registers {*|alt_jtag_atlantic:*|rdata[*]}] -to [get_registers {*|alt_jtag_atlantic*|td_shift[*]}]
        Info (332166): set_false_path -from [get_registers {*|alt_jtag_atlantic:*|rdata[*]}] -to [get_registers {*|alt_jtag_atlantic*|td_shift[*]}]
        Info (332166): set_false_path -from [get_registers {*|alt_jtag_atlantic:*|read}] -to [get_registers {*|alt_jtag_atlantic:*|read1*}] 
        Info (332166): set_false_path -from [get_registers {*|alt_jtag_atlantic:*|read_req}]
        Info (332166): set_false_path -from [get_registers {*|alt_jtag_atlantic:*|rvalid}] -to [get_registers {*|alt_jtag_atlantic*|td_shift[*]}]
        Info (332166): set_false_path -from [get_registers {*|t_dav}] -to [get_registers {*|alt_jtag_atlantic:*|tck_t_dav}]
        Info (332166): set_false_path -from [get_registers {*|alt_jtag_atlantic:*|user_saw_rvalid}] -to [get_registers {*|alt_jtag_atlantic:*|rvalid0*}]
        Info (332166): set_false_path -from [get_registers {*|alt_jtag_atlantic:*|wdata[*]}] -to [get_registers {*}]
        Info (332166): set_false_path -from [get_registers {*|alt_jtag_atlantic:*|wdata[*]}] -to [get_registers {*}]
        Info (332166): set_false_path -from [get_registers {*|alt_jtag_atlantic:*|wdata[*]}] -to [get_registers {*}]
        Info (332166): set_false_path -from [get_registers {*|alt_jtag_atlantic:*|wdata[*]}] -to [get_registers {*}]
        Info (332166): set_false_path -from [get_registers {*|alt_jtag_atlantic:*|wdata[*]}] -to [get_registers {*}]
        Info (332166): set_false_path -from [get_registers {*|alt_jtag_atlantic:*|wdata[*]}] -to [get_registers {*}]
        Info (332166): set_false_path -from [get_registers {*|alt_jtag_atlantic:*|wdata[*]}] -to [get_registers {*}]
        Info (332166): set_false_path -from [get_registers {*|alt_jtag_atlantic:*|wdata[*]}] -to [get_registers {*}]
        Info (332166): set_false_path -from [get_registers {*|alt_jtag_atlantic:*|write}] -to [get_registers {*|alt_jtag_atlantic:*|write1*}] 
        Info (332166): set_false_path -from [get_registers {*|alt_jtag_atlantic:*|write_stalled}] -to [get_registers {*|alt_jtag_atlantic:*|t_ena*}]
        Info (332166): set_false_path -from [get_registers {*|alt_jtag_atlantic:*|write_stalled}] -to [get_registers {*|alt_jtag_atlantic:*|t_pause*}]
        Info (332166): set_false_path -from [get_registers {*|alt_jtag_atlantic:*|write_valid}]
    Info (332165): Entity altera_std_synchronizer
        Info (332166): set_false_path -to [get_keepers {*altera_std_synchronizer:*|din_s1}]
    Info (332165): Entity sld_hub
        Info (332166): create_clock -name altera_reserved_tck [get_ports {altera_reserved_tck}] -period 10MHz   
        Info (332166): set_clock_groups -asynchronous -group {altera_reserved_tck}
Info (332104): Reading SDC File: 'i2c_oled_ni2/synthesis/submodules/altera_reset_controller.sdc'
Info (332104): Reading SDC File: 'i2c_oled_ni2/synthesis/submodules/i2c_oled_ni2_nios2_gen2_0_cpu.sdc'
Warning (332060): Node: clk_clk was determined to be a clock but was found without an associated clock assignment.
    Info (13166): Register i2c_oled_ni2:u0|i2c_oled_ni2_nios2_gen2_0:nios2_gen2_0|i2c_oled_ni2_nios2_gen2_0_cpu:cpu|i2c_oled_ni2_nios2_gen2_0_cpu_nios2_oci:the_i2c_oled_ni2_nios2_gen2_0_cpu_nios2_oci|i2c_oled_ni2_nios2_gen2_0_cpu_nios2_oci_debug:the_i2c_oled_ni2_nios2_gen2_0_cpu_nios2_oci_debug|monitor_ready is being clocked by clk_clk
Info (332097): The following timing edges are non-unate.  TimeQuest will assume pos-unate behavior for these edges in the clock network.
    Info (332098): Cell: altera_internal_jtag  from: tck  to: tckutap
Critical Warning (332168): The following clock transfers have no clock uncertainty assignment. For more accurate results, apply clock uncertainty assignments or use the derive_clock_uncertainty command.
    Critical Warning (332169): From altera_reserved_tck (Rise) to altera_reserved_tck (Rise) (setup and hold)
    Critical Warning (332169): From altera_reserved_tck (Rise) to altera_reserved_tck (Fall) (setup and hold)
    Critical Warning (332169): From altera_reserved_tck (Fall) to altera_reserved_tck (Fall) (setup and hold)
Info (223000): Starting Vectorless Power Activity Estimation
Warning (222013): Relative toggle rates could not be calculated because no clock domain could be identified for some nodes
Info (223001): Completed Vectorless Power Activity Estimation
Info (218000): Using Advanced I/O Power to simulate I/O buffers with the specified board trace model
Info (334003): Started post-fitting delay annotation
Info (334004): Delay annotation completed successfully
Info (215049): Average toggle rate for this design is 0.176 millions of transitions / sec
Info (215031): Total thermal power estimate for the design is 127.88 mW
Info: Quartus Prime Power Analyzer was successful. 0 errors, 7 warnings
    Info: Peak virtual memory: 4903 megabytes
    Info: Processing ended: Sat Dec 20 18:06:49 2025
    Info: Elapsed time: 00:00:04
    Info: Total CPU time (on all processors): 00:00:06


