Fitter report for servo_ua
Wed Dec 24 19:13:19 2025
Quartus Prime Version 17.1.0 Build 590 10/25/2017 SJ Lite Edition


---------------------
; Table of Contents ;
---------------------
  1. Legal Notice
  2. Fitter Summary
  3. Fitter Settings
  4. Parallel Compilation
  5. Fitter Netlist Optimizations
  6. Ignored Assignments
  7. Incremental Compilation Preservation Summary
  8. Incremental Compilation Partition Settings
  9. Incremental Compilation Placement Preservation
 10. Pin-Out File
 11. Fitter Resource Usage Summary
 12. Fitter Partition Statistics
 13. Input Pins
 14. Output Pins
 15. Bidir Pins
 16. Dual Purpose and Dedicated Pins
 17. I/O Bank Usage
 18. All Package Pins
 19. I/O Assignment Warnings
 20. Fitter Resource Utilization by Entity
 21. Delay Chain Summary
 22. Pad To Core Delay Chain Fanout
 23. Control Signals
 24. Global & Other Fast Signals
 25. Fitter RAM Summary
 26. Routing Usage Summary
 27. LAB Logic Elements
 28. LAB-wide Signals
 29. LAB Signals Sourced
 30. LAB Signals Sourced Out
 31. LAB Distinct Inputs
 32. I/O Rules Summary
 33. I/O Rules Details
 34. I/O Rules Matrix
 35. Fitter Device Options
 36. Operating Settings and Conditions
 37. Fitter Messages
 38. Fitter Suppressed Messages



----------------
; Legal Notice ;
----------------
Copyright (C) 2017  Intel Corporation. All rights reserved.
Your use of Intel Corporation's design tools, logic functions 
and other software and tools, and its AMPP partner logic 
functions, and any output files from any of the foregoing 
(including device programming or simulation files), and any 
associated documentation or information are expressly subject 
to the terms and conditions of the Intel Program License 
Subscription Agreement, the Intel Quartus Prime License Agreement,
the Intel FPGA IP License Agreement, or other applicable license
agreement, including, without limitation, that your use is for
the sole purpose of programming logic devices manufactured by
Intel and sold by Intel or its authorized distributors.  Please
refer to the applicable agreement for further details.



+----------------------------------------------------------------------------------+
; Fitter Summary                                                                   ;
+------------------------------------+---------------------------------------------+
; Fitter Status                      ; Successful - Wed Dec 24 19:13:19 2025       ;
; Quartus Prime Version              ; 17.1.0 Build 590 10/25/2017 SJ Lite Edition ;
; Revision Name                      ; servo_ua                                    ;
; Top-level Entity Name              ; servo_ua_top                                ;
; Family                             ; MAX 10                                      ;
; Device                             ; 10M08SCE144C8G                              ;
; Timing Models                      ; Final                                       ;
; Total logic elements               ; 2,837 / 8,064 ( 35 % )                      ;
;     Total combinational functions  ; 2,691 / 8,064 ( 33 % )                      ;
;     Dedicated logic registers      ; 1,345 / 8,064 ( 17 % )                      ;
; Total registers                    ; 1345                                        ;
; Total pins                         ; 7 / 101 ( 7 % )                             ;
; Total virtual pins                 ; 0                                           ;
; Total memory bits                  ; 139,336 / 387,072 ( 36 % )                  ;
; Embedded Multiplier 9-bit elements ; 0 / 48 ( 0 % )                              ;
; Total PLLs                         ; 0 / 1 ( 0 % )                               ;
; UFM blocks                         ; 0 / 1 ( 0 % )                               ;
; ADC blocks                         ; 0                                           ;
+------------------------------------+---------------------------------------------+


+------------------------------------------------------------------------------------------------------------------------------------------------------------+
; Fitter Settings                                                                                                                                            ;
+----------------------------------------------------------------------------+---------------------------------------+---------------------------------------+
; Option                                                                     ; Setting                               ; Default Value                         ;
+----------------------------------------------------------------------------+---------------------------------------+---------------------------------------+
; Device                                                                     ; 10M08SCE144C8G                        ;                                       ;
; Minimum Core Junction Temperature                                          ; 0                                     ;                                       ;
; Maximum Core Junction Temperature                                          ; 85                                    ;                                       ;
; Fit Attempts to Skip                                                       ; 0                                     ; 0.0                                   ;
; Use smart compilation                                                      ; Off                                   ; Off                                   ;
; Enable parallel Assembler and TimeQuest Timing Analyzer during compilation ; On                                    ; On                                    ;
; Enable compact report table                                                ; Off                                   ; Off                                   ;
; Auto Merge PLLs                                                            ; On                                    ; On                                    ;
; Router Timing Optimization Level                                           ; Normal                                ; Normal                                ;
; Perform Clocking Topology Analysis During Routing                          ; Off                                   ; Off                                   ;
; Placement Effort Multiplier                                                ; 1.0                                   ; 1.0                                   ;
; Router Effort Multiplier                                                   ; 1.0                                   ; 1.0                                   ;
; Optimize Hold Timing                                                       ; All Paths                             ; All Paths                             ;
; Optimize Multi-Corner Timing                                               ; On                                    ; On                                    ;
; Power Optimization During Fitting                                          ; Normal compilation                    ; Normal compilation                    ;
; SSN Optimization                                                           ; Off                                   ; Off                                   ;
; Optimize Timing                                                            ; Normal compilation                    ; Normal compilation                    ;
; Optimize Timing for ECOs                                                   ; Off                                   ; Off                                   ;
; Regenerate Full Fit Report During ECO Compiles                             ; Off                                   ; Off                                   ;
; Optimize IOC Register Placement for Timing                                 ; Normal                                ; Normal                                ;
; Final Placement Optimizations                                              ; Automatically                         ; Automatically                         ;
; Fitter Initial Placement Seed                                              ; 1                                     ; 1                                     ;
; Periphery to Core Placement and Routing Optimization                       ; Off                                   ; Off                                   ;
; PCI I/O                                                                    ; Off                                   ; Off                                   ;
; Weak Pull-Up Resistor                                                      ; Off                                   ; Off                                   ;
; Enable Bus-Hold Circuitry                                                  ; Off                                   ; Off                                   ;
; Auto Packed Registers                                                      ; Auto                                  ; Auto                                  ;
; Auto Delay Chains                                                          ; On                                    ; On                                    ;
; Auto Delay Chains for High Fanout Input Pins                               ; Off                                   ; Off                                   ;
; Allow Single-ended Buffer for Differential-XSTL Input                      ; Off                                   ; Off                                   ;
; Treat Bidirectional Pin as Output Pin                                      ; Off                                   ; Off                                   ;
; Perform Physical Synthesis for Combinational Logic for Fitting             ; Off                                   ; Off                                   ;
; Perform Physical Synthesis for Combinational Logic for Performance         ; Off                                   ; Off                                   ;
; Perform Register Duplication for Performance                               ; Off                                   ; Off                                   ;
; Perform Logic to Memory Mapping for Fitting                                ; Off                                   ; Off                                   ;
; Perform Register Retiming for Performance                                  ; Off                                   ; Off                                   ;
; Perform Asynchronous Signal Pipelining                                     ; Off                                   ; Off                                   ;
; Fitter Effort                                                              ; Auto Fit                              ; Auto Fit                              ;
; Physical Synthesis Effort Level                                            ; Normal                                ; Normal                                ;
; Logic Cell Insertion - Logic Duplication                                   ; Auto                                  ; Auto                                  ;
; Auto Register Duplication                                                  ; Auto                                  ; Auto                                  ;
; Auto Global Clock                                                          ; On                                    ; On                                    ;
; Auto Global Register Control Signals                                       ; On                                    ; On                                    ;
; Reserve all unused pins                                                    ; As input tri-stated with weak pull-up ; As input tri-stated with weak pull-up ;
; Synchronizer Identification                                                ; Auto                                  ; Auto                                  ;
; Enable Beneficial Skew Optimization                                        ; On                                    ; On                                    ;
; Optimize Design for Metastability                                          ; On                                    ; On                                    ;
; Force Fitter to Avoid Periphery Placement Warnings                         ; Off                                   ; Off                                   ;
; Enable input tri-state on active configuration pins in user mode           ; Off                                   ; Off                                   ;
+----------------------------------------------------------------------------+---------------------------------------+---------------------------------------+


+------------------------------------------+
; Parallel Compilation                     ;
+----------------------------+-------------+
; Processors                 ; Number      ;
+----------------------------+-------------+
; Number detected on machine ; 12          ;
; Maximum allowed            ; 8           ;
;                            ;             ;
; Average used               ; 1.72        ;
; Maximum used               ; 8           ;
;                            ;             ;
; Usage by Processor         ; % Time Used ;
;     Processor 1            ; 100.0%      ;
;     Processor 2            ;  10.4%      ;
;     Processor 3            ;  10.4%      ;
;     Processor 4            ;  10.3%      ;
;     Processor 5            ;  10.3%      ;
;     Processor 6            ;  10.3%      ;
;     Processor 7            ;  10.3%      ;
;     Processor 8            ;  10.3%      ;
+----------------------------+-------------+


+----------------------------------------------------------------------------------------------------------------------------------------------------------------------------------------------------------------------------------------------------------------------------------------------------------------------------------------------------------------------------------------------------------------------------------------------------------------------+
; Fitter Netlist Optimizations                                                                                                                                                                                                                                                                                                                                                                                                                                         ;
+--------------------------------------------------------------------------------------------------------------------+-----------------+------------------+---------------------+-----------+----------------+--------------------------------------------------------------------------------------------------------------------------------------------------------------------------------------------------------------+------------------+-----------------------+
; Node                                                                                                               ; Action          ; Operation        ; Reason              ; Node Port ; Node Port Name ; Destination Node                                                                                                                                                                                             ; Destination Port ; Destination Port Name ;
+--------------------------------------------------------------------------------------------------------------------+-----------------+------------------+---------------------+-----------+----------------+--------------------------------------------------------------------------------------------------------------------------------------------------------------------------------------------------------------+------------------+-----------------------+
; servo_ua:U_NIOS|servo_ua_jtag_uart_0:jtag_uart_0|alt_jtag_atlantic:servo_ua_jtag_uart_0_alt_jtag_atlantic|rdata[0] ; Packed Register ; Register Packing ; Timing optimization ; Q         ;                ; servo_ua:U_NIOS|servo_ua_jtag_uart_0:jtag_uart_0|servo_ua_jtag_uart_0_scfifo_w:the_servo_ua_jtag_uart_0_scfifo_w|scfifo:wfifo|scfifo_9621:auto_generated|a_dpfifo_bb01:dpfifo|altsyncram_dtn1:FIFOram|q_b[0] ; PORTBDATAOUT     ;                       ;
; servo_ua:U_NIOS|servo_ua_jtag_uart_0:jtag_uart_0|alt_jtag_atlantic:servo_ua_jtag_uart_0_alt_jtag_atlantic|rdata[1] ; Packed Register ; Register Packing ; Timing optimization ; Q         ;                ; servo_ua:U_NIOS|servo_ua_jtag_uart_0:jtag_uart_0|servo_ua_jtag_uart_0_scfifo_w:the_servo_ua_jtag_uart_0_scfifo_w|scfifo:wfifo|scfifo_9621:auto_generated|a_dpfifo_bb01:dpfifo|altsyncram_dtn1:FIFOram|q_b[1] ; PORTBDATAOUT     ;                       ;
; servo_ua:U_NIOS|servo_ua_jtag_uart_0:jtag_uart_0|alt_jtag_atlantic:servo_ua_jtag_uart_0_alt_jtag_atlantic|rdata[2] ; Packed Register ; Register Packing ; Timing optimization ; Q         ;                ; servo_ua:U_NIOS|servo_ua_jtag_uart_0:jtag_uart_0|servo_ua_jtag_uart_0_scfifo_w:the_servo_ua_jtag_uart_0_scfifo_w|scfifo:wfifo|scfifo_9621:auto_generated|a_dpfifo_bb01:dpfifo|altsyncram_dtn1:FIFOram|q_b[2] ; PORTBDATAOUT     ;                       ;
; servo_ua:U_NIOS|servo_ua_jtag_uart_0:jtag_uart_0|alt_jtag_atlantic:servo_ua_jtag_uart_0_alt_jtag_atlantic|rdata[3] ; Packed Register ; Register Packing ; Timing optimization ; Q         ;                ; servo_ua:U_NIOS|servo_ua_jtag_uart_0:jtag_uart_0|servo_ua_jtag_uart_0_scfifo_w:the_servo_ua_jtag_uart_0_scfifo_w|scfifo:wfifo|scfifo_9621:auto_generated|a_dpfifo_bb01:dpfifo|altsyncram_dtn1:FIFOram|q_b[3] ; PORTBDATAOUT     ;                       ;
; servo_ua:U_NIOS|servo_ua_jtag_uart_0:jtag_uart_0|alt_jtag_atlantic:servo_ua_jtag_uart_0_alt_jtag_atlantic|rdata[4] ; Packed Register ; Register Packing ; Timing optimization ; Q         ;                ; servo_ua:U_NIOS|servo_ua_jtag_uart_0:jtag_uart_0|servo_ua_jtag_uart_0_scfifo_w:the_servo_ua_jtag_uart_0_scfifo_w|scfifo:wfifo|scfifo_9621:auto_generated|a_dpfifo_bb01:dpfifo|altsyncram_dtn1:FIFOram|q_b[4] ; PORTBDATAOUT     ;                       ;
; servo_ua:U_NIOS|servo_ua_jtag_uart_0:jtag_uart_0|alt_jtag_atlantic:servo_ua_jtag_uart_0_alt_jtag_atlantic|rdata[5] ; Packed Register ; Register Packing ; Timing optimization ; Q         ;                ; servo_ua:U_NIOS|servo_ua_jtag_uart_0:jtag_uart_0|servo_ua_jtag_uart_0_scfifo_w:the_servo_ua_jtag_uart_0_scfifo_w|scfifo:wfifo|scfifo_9621:auto_generated|a_dpfifo_bb01:dpfifo|altsyncram_dtn1:FIFOram|q_b[5] ; PORTBDATAOUT     ;                       ;
; servo_ua:U_NIOS|servo_ua_jtag_uart_0:jtag_uart_0|alt_jtag_atlantic:servo_ua_jtag_uart_0_alt_jtag_atlantic|rdata[6] ; Packed Register ; Register Packing ; Timing optimization ; Q         ;                ; servo_ua:U_NIOS|servo_ua_jtag_uart_0:jtag_uart_0|servo_ua_jtag_uart_0_scfifo_w:the_servo_ua_jtag_uart_0_scfifo_w|scfifo:wfifo|scfifo_9621:auto_generated|a_dpfifo_bb01:dpfifo|altsyncram_dtn1:FIFOram|q_b[6] ; PORTBDATAOUT     ;                       ;
; servo_ua:U_NIOS|servo_ua_jtag_uart_0:jtag_uart_0|alt_jtag_atlantic:servo_ua_jtag_uart_0_alt_jtag_atlantic|rdata[7] ; Packed Register ; Register Packing ; Timing optimization ; Q         ;                ; servo_ua:U_NIOS|servo_ua_jtag_uart_0:jtag_uart_0|servo_ua_jtag_uart_0_scfifo_w:the_servo_ua_jtag_uart_0_scfifo_w|scfifo:wfifo|scfifo_9621:auto_generated|a_dpfifo_bb01:dpfifo|altsyncram_dtn1:FIFOram|q_b[7] ; PORTBDATAOUT     ;                       ;
+--------------------------------------------------------------------------------------------------------------------+-----------------+------------------+---------------------+-----------+----------------+--------------------------------------------------------------------------------------------------------------------------------------------------------------------------------------------------------------+------------------+-----------------------+


+--------------------------------------------------------------------------------------------+
; Ignored Assignments                                                                        ;
+--------------+----------------+--------------+------------+---------------+----------------+
; Name         ; Ignored Entity ; Ignored From ; Ignored To ; Ignored Value ; Ignored Source ;
+--------------+----------------+--------------+------------+---------------+----------------+
; I/O Standard ; servo_ua_top   ;              ; clk        ; 3.3-V LVCMOS  ; QSF Assignment ;
; I/O Standard ; servo_ua_top   ;              ; scl_pin    ; 3.3-V LVCMOS  ; QSF Assignment ;
; I/O Standard ; servo_ua_top   ;              ; sda_pin    ; 3.3-V LVCMOS  ; QSF Assignment ;
; I/O Standard ; servo_ua_top   ;              ; servo_pin  ; 3.3-V LVCMOS  ; QSF Assignment ;
; I/O Standard ; servo_ua_top   ;              ; uart_rxd   ; 3.3-V LVCMOS  ; QSF Assignment ;
; I/O Standard ; servo_ua_top   ;              ; uart_txd   ; 3.3-V LVCMOS  ; QSF Assignment ;
+--------------+----------------+--------------+------------+---------------+----------------+


+---------------------------------------------------------------------------------------------------+
; Incremental Compilation Preservation Summary                                                      ;
+---------------------+---------------------+----------------------------+--------------------------+
; Type                ; Total [A + B]       ; From Design Partitions [A] ; From Rapid Recompile [B] ;
+---------------------+---------------------+----------------------------+--------------------------+
; Placement (by node) ;                     ;                            ;                          ;
;     -- Requested    ; 0.00 % ( 0 / 4241 ) ; 0.00 % ( 0 / 4241 )        ; 0.00 % ( 0 / 4241 )      ;
;     -- Achieved     ; 0.00 % ( 0 / 4241 ) ; 0.00 % ( 0 / 4241 )        ; 0.00 % ( 0 / 4241 )      ;
;                     ;                     ;                            ;                          ;
; Routing (by net)    ;                     ;                            ;                          ;
;     -- Requested    ; 0.00 % ( 0 / 0 )    ; 0.00 % ( 0 / 0 )           ; 0.00 % ( 0 / 0 )         ;
;     -- Achieved     ; 0.00 % ( 0 / 0 )    ; 0.00 % ( 0 / 0 )           ; 0.00 % ( 0 / 0 )         ;
+---------------------+---------------------+----------------------------+--------------------------+


+----------------------------------------------------------------------------------------------------------------------------------------------------------------------------------------+
; Incremental Compilation Partition Settings                                                                                                                                             ;
+--------------------------------+----------------+-------------------+-------------------------+------------------------+------------------------------+--------------------------------+
; Partition Name                 ; Partition Type ; Netlist Type Used ; Preservation Level Used ; Netlist Type Requested ; Preservation Level Requested ; Contents                       ;
+--------------------------------+----------------+-------------------+-------------------------+------------------------+------------------------------+--------------------------------+
; Top                            ; User-created   ; Source File       ; N/A                     ; Source File            ; N/A                          ;                                ;
; sld_hub:auto_hub               ; Auto-generated ; Post-Synthesis    ; N/A                     ; Post-Synthesis         ; N/A                          ; sld_hub:auto_hub               ;
; hard_block:auto_generated_inst ; Auto-generated ; Source File       ; N/A                     ; Source File            ; N/A                          ; hard_block:auto_generated_inst ;
+--------------------------------+----------------+-------------------+-------------------------+------------------------+------------------------------+--------------------------------+


+------------------------------------------------------------------------------------------------------------------------------------+
; Incremental Compilation Placement Preservation                                                                                     ;
+--------------------------------+-----------------------+-------------------------+-------------------+---------------------+-------+
; Partition Name                 ; Preservation Achieved ; Preservation Level Used ; Netlist Type Used ; Preservation Method ; Notes ;
+--------------------------------+-----------------------+-------------------------+-------------------+---------------------+-------+
; Top                            ; 0.00 % ( 0 / 3999 )   ; N/A                     ; Source File       ; N/A                 ;       ;
; sld_hub:auto_hub               ; 0.00 % ( 0 / 234 )    ; N/A                     ; Post-Synthesis    ; N/A                 ;       ;
; hard_block:auto_generated_inst ; 0.00 % ( 0 / 8 )      ; N/A                     ; Source File       ; N/A                 ;       ;
+--------------------------------+-----------------------+-------------------------+-------------------+---------------------+-------+


+--------------+
; Pin-Out File ;
+--------------+
The pin-out file can be found in C:/intelFPGA_lite/17.1/prueba5_vhdl_y_ni2/output_files/servo_ua.pin.


+--------------------------------------------------------------------------+
; Fitter Resource Usage Summary                                            ;
+---------------------------------------------+----------------------------+
; Resource                                    ; Usage                      ;
+---------------------------------------------+----------------------------+
; Total logic elements                        ; 2,837 / 8,064 ( 35 % )     ;
;     -- Combinational with no register       ; 1492                       ;
;     -- Register only                        ; 146                        ;
;     -- Combinational with a register        ; 1199                       ;
;                                             ;                            ;
; Logic element usage by number of LUT inputs ;                            ;
;     -- 4 input functions                    ; 1224                       ;
;     -- 3 input functions                    ; 774                        ;
;     -- <=2 input functions                  ; 693                        ;
;     -- Register only                        ; 146                        ;
;                                             ;                            ;
; Logic elements by mode                      ;                            ;
;     -- normal mode                          ; 2350                       ;
;     -- arithmetic mode                      ; 341                        ;
;                                             ;                            ;
; Total registers*                            ; 1,345 / 8,542 ( 16 % )     ;
;     -- Dedicated logic registers            ; 1,345 / 8,064 ( 17 % )     ;
;     -- I/O registers                        ; 0 / 478 ( 0 % )            ;
;                                             ;                            ;
; Total LABs:  partially or completely used   ; 242 / 504 ( 48 % )         ;
; Virtual pins                                ; 0                          ;
; I/O pins                                    ; 7 / 101 ( 7 % )            ;
;     -- Clock pins                           ; 2 / 4 ( 50 % )             ;
;     -- Dedicated input pins                 ; 1 / 1 ( 100 % )            ;
;                                             ;                            ;
; M9Ks                                        ; 23 / 42 ( 55 % )           ;
; UFM blocks                                  ; 0 / 1 ( 0 % )              ;
; Total block memory bits                     ; 139,336 / 387,072 ( 36 % ) ;
; Total block memory implementation bits      ; 211,968 / 387,072 ( 55 % ) ;
; Embedded Multiplier 9-bit elements          ; 0 / 48 ( 0 % )             ;
; PLLs                                        ; 0 / 1 ( 0 % )              ;
; Global signals                              ; 4                          ;
;     -- Global clocks                        ; 4 / 10 ( 40 % )            ;
; JTAGs                                       ; 1 / 1 ( 100 % )            ;
; CRC blocks                                  ; 0 / 1 ( 0 % )              ;
; Remote update blocks                        ; 0 / 1 ( 0 % )              ;
; Oscillator blocks                           ; 0 / 1 ( 0 % )              ;
; Average interconnect usage (total/H/V)      ; 10.8% / 9.8% / 12.1%       ;
; Peak interconnect usage (total/H/V)         ; 18.0% / 15.8% / 21.0%      ;
; Maximum fan-out                             ; 1200                       ;
; Highest non-global fan-out                  ; 61                         ;
; Total fan-out                               ; 13825                      ;
; Average fan-out                             ; 3.28                       ;
+---------------------------------------------+----------------------------+
*  Register count does not include registers inside RAM blocks or DSP blocks.



+--------------------------------------------------------------------------------------------------------------------------+
; Fitter Partition Statistics                                                                                              ;
+---------------------------------------------+----------------------+--------------------+--------------------------------+
; Statistic                                   ; Top                  ; sld_hub:auto_hub   ; hard_block:auto_generated_inst ;
+---------------------------------------------+----------------------+--------------------+--------------------------------+
; Difficulty Clustering Region                ; Low                  ; Low                ; Low                            ;
;                                             ;                      ;                    ;                                ;
; Total logic elements                        ; 2671 / 8064 ( 33 % ) ; 166 / 8064 ( 2 % ) ; 0 / 8064 ( 0 % )               ;
;     -- Combinational with no register       ; 1411                 ; 81                 ; 0                              ;
;     -- Register only                        ; 129                  ; 17                 ; 0                              ;
;     -- Combinational with a register        ; 1131                 ; 68                 ; 0                              ;
;                                             ;                      ;                    ;                                ;
; Logic element usage by number of LUT inputs ;                      ;                    ;                                ;
;     -- 4 input functions                    ; 1154                 ; 70                 ; 0                              ;
;     -- 3 input functions                    ; 739                  ; 35                 ; 0                              ;
;     -- <=2 input functions                  ; 649                  ; 44                 ; 0                              ;
;     -- Register only                        ; 129                  ; 17                 ; 0                              ;
;                                             ;                      ;                    ;                                ;
; Logic elements by mode                      ;                      ;                    ;                                ;
;     -- normal mode                          ; 2209                 ; 141                ; 0                              ;
;     -- arithmetic mode                      ; 333                  ; 8                  ; 0                              ;
;                                             ;                      ;                    ;                                ;
; Total registers                             ; 1260                 ; 85                 ; 0                              ;
;     -- Dedicated logic registers            ; 1260 / 8064 ( 16 % ) ; 85 / 8064 ( 1 % )  ; 0 / 8064 ( 0 % )               ;
;     -- I/O registers                        ; 0                    ; 0                  ; 0                              ;
;                                             ;                      ;                    ;                                ;
; Total LABs:  partially or completely used   ; 229 / 504 ( 45 % )   ; 17 / 504 ( 3 % )   ; 0 / 504 ( 0 % )                ;
;                                             ;                      ;                    ;                                ;
; Virtual pins                                ; 0                    ; 0                  ; 0                              ;
; I/O pins                                    ; 7                    ; 0                  ; 0                              ;
; Embedded Multiplier 9-bit elements          ; 0 / 48 ( 0 % )       ; 0 / 48 ( 0 % )     ; 0 / 48 ( 0 % )                 ;
; Total memory bits                           ; 139336               ; 0                  ; 0                              ;
; Total RAM block bits                        ; 211968               ; 0                  ; 0                              ;
; JTAG                                        ; 1 / 1 ( 100 % )      ; 0 / 1 ( 0 % )      ; 0 / 1 ( 0 % )                  ;
; M9K                                         ; 23 / 42 ( 54 % )     ; 0 / 42 ( 0 % )     ; 0 / 42 ( 0 % )                 ;
; Clock control block                         ; 4 / 12 ( 33 % )      ; 0 / 12 ( 0 % )     ; 0 / 12 ( 0 % )                 ;
; User Flash Memory                           ; 1 / 1 ( 100 % )      ; 0 / 1 ( 0 % )      ; 0 / 1 ( 0 % )                  ;
; Analog-to-Digital Converter                 ; 1 / 1 ( 100 % )      ; 0 / 1 ( 0 % )      ; 0 / 1 ( 0 % )                  ;
;                                             ;                      ;                    ;                                ;
; Connections                                 ;                      ;                    ;                                ;
;     -- Input Connections                    ; 269                  ; 125                ; 0                              ;
;     -- Registered Input Connections         ; 129                  ; 94                 ; 0                              ;
;     -- Output Connections                   ; 222                  ; 172                ; 0                              ;
;     -- Registered Output Connections        ; 6                    ; 172                ; 0                              ;
;                                             ;                      ;                    ;                                ;
; Internal Connections                        ;                      ;                    ;                                ;
;     -- Total Connections                    ; 13233                ; 937                ; 4                              ;
;     -- Registered Connections               ; 4668                 ; 651                ; 0                              ;
;                                             ;                      ;                    ;                                ;
; External Connections                        ;                      ;                    ;                                ;
;     -- Top                                  ; 196                  ; 295                ; 0                              ;
;     -- sld_hub:auto_hub                     ; 295                  ; 2                  ; 0                              ;
;     -- hard_block:auto_generated_inst       ; 0                    ; 0                  ; 0                              ;
;                                             ;                      ;                    ;                                ;
; Partition Interface                         ;                      ;                    ;                                ;
;     -- Input Ports                          ; 54                   ; 62                 ; 0                              ;
;     -- Output Ports                         ; 9                    ; 79                 ; 0                              ;
;     -- Bidir Ports                          ; 2                    ; 0                  ; 0                              ;
;                                             ;                      ;                    ;                                ;
; Registered Ports                            ;                      ;                    ;                                ;
;     -- Registered Input Ports               ; 0                    ; 3                  ; 0                              ;
;     -- Registered Output Ports              ; 0                    ; 40                 ; 0                              ;
;                                             ;                      ;                    ;                                ;
; Port Connectivity                           ;                      ;                    ;                                ;
;     -- Input Ports driven by GND            ; 0                    ; 2                  ; 0                              ;
;     -- Output Ports driven by GND           ; 0                    ; 29                 ; 0                              ;
;     -- Input Ports driven by VCC            ; 0                    ; 0                  ; 0                              ;
;     -- Output Ports driven by VCC           ; 0                    ; 0                  ; 0                              ;
;     -- Input Ports with no Source           ; 0                    ; 47                 ; 0                              ;
;     -- Output Ports with no Source          ; 0                    ; 0                  ; 0                              ;
;     -- Input Ports with no Fanout           ; 0                    ; 52                 ; 0                              ;
;     -- Output Ports with no Fanout          ; 0                    ; 59                 ; 0                              ;
+---------------------------------------------+----------------------+--------------------+--------------------------------+


+------------------------------------------------------------------------------------------------------------------------------------------------------------------------------------------------------------------------------------------------------------------------------------------+
; Input Pins                                                                                                                                                                                                                                                                               ;
+---------+-------+----------+--------------+--------------+--------------+-----------------------+--------------------+--------+----------------+---------------+-----------------+----------+--------------+--------------+---------------------------+----------------------+-----------+
; Name    ; Pin # ; I/O Bank ; X coordinate ; Y coordinate ; Z coordinate ; Combinational Fan-Out ; Registered Fan-Out ; Global ; Input Register ; Power Up High ; PCI I/O Enabled ; Bus Hold ; Weak Pull Up ; I/O Standard ; Termination Control Block ; Location assigned by ; Slew Rate ;
+---------+-------+----------+--------------+--------------+--------------+-----------------------+--------------------+--------+----------------+---------------+-----------------+----------+--------------+--------------+---------------------------+----------------------+-----------+
; clk_50  ; 26    ; 2        ; 0            ; 7            ; 14           ; 1200                  ; 0                  ; yes    ; no             ; no            ; yes             ; no       ; Off          ; 2.5 V        ; --                        ; User                 ; 0         ;
; reset_n ; 74    ; 5        ; 31           ; 1            ; 7            ; 3                     ; 0                  ; no     ; no             ; no            ; yes             ; no       ; Off          ; 2.5 V        ; --                        ; User                 ; 0         ;
; uart_rx ; 32    ; 2        ; 0            ; 2            ; 14           ; 1                     ; 0                  ; no     ; no             ; no            ; yes             ; no       ; Off          ; 2.5 V        ; --                        ; User                 ; 0         ;
+---------+-------+----------+--------------+--------------+--------------+-----------------------+--------------------+--------+----------------+---------------+-----------------+----------+--------------+--------------+---------------------------+----------------------+-----------+


+------------------------------------------------------------------------------------------------------------------------------------------------------------------------------------------------------------------------------------------------------------------------------------------------------------------------------------------------------------------------------------------------------------------------------------------------------------+
; Output Pins                                                                                                                                                                                                                                                                                                                                                                                                                                                ;
+-----------+-------+----------+--------------+--------------+--------------+-----------------+------------------------+---------------+-----------+-----------------+------------+---------------+----------+--------------+--------------+------------------+-----------------------------------+---------------------------+----------------------------+-----------------------------+----------------------+----------------------+---------------------+
; Name      ; Pin # ; I/O Bank ; X coordinate ; Y coordinate ; Z coordinate ; Output Register ; Output Enable Register ; Power Up High ; Slew Rate ; PCI I/O Enabled ; Open Drain ; TRI Primitive ; Bus Hold ; Weak Pull Up ; I/O Standard ; Current Strength ; Termination                       ; Termination Control Block ; Output Buffer Pre-emphasis ; Voltage Output Differential ; Location assigned by ; Output Enable Source ; Output Enable Group ;
+-----------+-------+----------+--------------+--------------+--------------+-----------------+------------------------+---------------+-----------+-----------------+------------+---------------+----------+--------------+--------------+------------------+-----------------------------------+---------------------------+----------------------------+-----------------------------+----------------------+----------------------+---------------------+
; servo_pwm ; 10    ; 1A       ; 10           ; 21           ; 21           ; no              ; no                     ; no            ; 2         ; no              ; no         ; no            ; no       ; Off          ; 3.3-V LVCMOS ; 2mA              ; Off                               ; --                        ; no                         ; no                          ; User                 ; -                    ; -                   ;
; uart_tx   ; 29    ; 2        ; 0            ; 6            ; 21           ; no              ; no                     ; no            ; 2         ; no              ; no         ; no            ; no       ; Off          ; 2.5 V        ; Default          ; Series 50 Ohm without Calibration ; --                        ; no                         ; no                          ; User                 ; -                    ; -                   ;
+-----------+-------+----------+--------------+--------------+--------------+-----------------+------------------------+---------------+-----------+-----------------+------------+---------------+----------+--------------+--------------+------------------+-----------------------------------+---------------------------+----------------------------+-----------------------------+----------------------+----------------------+---------------------+


+--------------------------------------------------------------------------------------------------------------------------------------------------------------------------------------------------------------------------------------------------------------------------------------------------------------------------------------------------------------------------------------------------------------------------------------------------------------------------------------------------------------------------------+
; Bidir Pins                                                                                                                                                                                                                                                                                                                                                                                                                                                                                                                     ;
+---------+-------+----------+--------------+--------------+--------------+-----------------------+--------------------+--------+----------------+-----------------+------------------------+---------------+-----------+-----------------+------------+----------+--------------+--------------+------------------+--------------------+---------------------------+----------------------------+----------------------+----------------------+---------------------------------------------------------------------------------+
; Name    ; Pin # ; I/O Bank ; X coordinate ; Y coordinate ; Z coordinate ; Combinational Fan-Out ; Registered Fan-Out ; Global ; Input Register ; Output Register ; Output Enable Register ; Power Up High ; Slew Rate ; PCI I/O Enabled ; Open Drain ; Bus Hold ; Weak Pull Up ; I/O Standard ; Current Strength ; Output Termination ; Termination Control Block ; Output Buffer Pre-emphasis ; Location assigned by ; Output Enable Source ; Output Enable Group                                                             ;
+---------+-------+----------+--------------+--------------+--------------+-----------------------+--------------------+--------+----------------+-----------------+------------------------+---------------+-----------+-----------------+------------+----------+--------------+--------------+------------------+--------------------+---------------------------+----------------------------+----------------------+----------------------+---------------------------------------------------------------------------------+
; i2c_scl ; 11    ; 1A       ; 10           ; 20           ; 14           ; 1                     ; 0                  ; no     ; no             ; no              ; no                     ; no            ; 2         ; yes             ; yes        ; no       ; Off          ; 3.3-V LVCMOS ; 2mA              ; Off                ; --                        ; no                         ; User                 ; 0 pF                 ; servo_ua:U_NIOS|altera_avalon_i2c:i2c_0|altera_avalon_i2c_txout:u_txout|clk_oe  ;
; i2c_sda ; 12    ; 1A       ; 10           ; 20           ; 21           ; 1                     ; 0                  ; no     ; no             ; no              ; no                     ; no            ; 2         ; yes             ; yes        ; no       ; Off          ; 3.3-V LVCMOS ; 2mA              ; Off                ; --                        ; no                         ; User                 ; 0 pF                 ; servo_ua:U_NIOS|altera_avalon_i2c:i2c_0|altera_avalon_i2c_txout:u_txout|data_oe ;
+---------+-------+----------+--------------+--------------+--------------+-----------------------+--------------------+--------+----------------+-----------------+------------------------+---------------+-----------+-----------------+------------+----------+--------------+--------------+------------------+--------------------+---------------------------+----------------------------+----------------------+----------------------+---------------------------------------------------------------------------------+


+-----------------------------------------------------------------------------------------------------------------------------------------+
; Dual Purpose and Dedicated Pins                                                                                                         ;
+----------+----------------------------------------------------+--------------------------------+---------------------+------------------+
; Location ; Pin Name                                           ; Reserved As                    ; User Signal Name    ; Pin Type         ;
+----------+----------------------------------------------------+--------------------------------+---------------------+------------------+
; 16       ; DIFFIO_RX_L11n, DIFFOUT_L11n, TMS, Low_Speed       ; Reserved as secondary function ; altera_reserved_tms ; Dual Purpose Pin ;
; 18       ; DIFFIO_RX_L11p, DIFFOUT_L11p, TCK, Low_Speed       ; Reserved as secondary function ; altera_reserved_tck ; Dual Purpose Pin ;
; 19       ; DIFFIO_RX_L12n, DIFFOUT_L12n, TDI, Low_Speed       ; Reserved as secondary function ; altera_reserved_tdi ; Dual Purpose Pin ;
; 20       ; DIFFIO_RX_L12p, DIFFOUT_L12p, TDO, Low_Speed       ; Reserved as secondary function ; altera_reserved_tdo ; Dual Purpose Pin ;
; 126      ; CONFIG_SEL, Low_Speed                              ; Reserved as secondary function ; ~ALTERA_CONFIG_SEL~ ; Dual Purpose Pin ;
; 129      ; nCONFIG, Low_Speed                                 ; Reserved as secondary function ; ~ALTERA_nCONFIG~    ; Dual Purpose Pin ;
; 136      ; DIFFIO_RX_T24p, DIFFOUT_T24p, nSTATUS, Low_Speed   ; Reserved as secondary function ; ~ALTERA_nSTATUS~    ; Dual Purpose Pin ;
; 138      ; DIFFIO_RX_T24n, DIFFOUT_T24n, CONF_DONE, Low_Speed ; Reserved as secondary function ; ~ALTERA_CONF_DONE~  ; Dual Purpose Pin ;
+----------+----------------------------------------------------+--------------------------------+---------------------+------------------+


+-----------------------------------------------------------+
; I/O Bank Usage                                            ;
+----------+-----------------+---------------+--------------+
; I/O Bank ; Usage           ; VCCIO Voltage ; VREF Voltage ;
+----------+-----------------+---------------+--------------+
; 1A       ; 3 / 8 ( 38 % )  ; 3.3V          ; --           ;
; 1B       ; 4 / 10 ( 40 % ) ; 2.5V          ; --           ;
; 2        ; 3 / 7 ( 43 % )  ; 2.5V          ; --           ;
; 3        ; 0 / 18 ( 0 % )  ; 2.5V          ; --           ;
; 4        ; 0 / 7 ( 0 % )   ; 2.5V          ; --           ;
; 5        ; 1 / 12 ( 8 % )  ; 2.5V          ; --           ;
; 6        ; 0 / 15 ( 0 % )  ; 2.5V          ; --           ;
; 7        ; 0 / 7 ( 0 % )   ; 2.5V          ; --           ;
; 8        ; 4 / 17 ( 24 % ) ; 2.5V          ; --           ;
+----------+-----------------+---------------+--------------+


+-------------------------------------------------------------------------------------------------------------------------------------------------------------------------------+
; All Package Pins                                                                                                                                                              ;
+----------+------------+----------+--------------------------------------+--------+-----------------------+-----------+------------+-----------------+----------+--------------+
; Location ; Pad Number ; I/O Bank ; Pin Name/Usage                       ; Dir.   ; I/O Standard          ; Voltage   ; I/O Type   ; User Assignment ; Bus Hold ; Weak Pull Up ;
+----------+------------+----------+--------------------------------------+--------+-----------------------+-----------+------------+-----------------+----------+--------------+
; 1        ;            ; --       ; VCC_ONE                              ; power  ;                       ; 3.0V/3.3V ; --         ;                 ; --       ; --           ;
; 2        ;            ; --       ; VCCA6                                ; power  ;                       ; 3.0V/3.3V ; --         ;                 ; --       ; --           ;
; 3        ;            ;          ; GND                                  ; gnd    ;                       ;           ; --         ;                 ; --       ; --           ;
; 4        ;            ;          ; GND                                  ; gnd    ;                       ;           ; --         ;                 ; --       ; --           ;
; 5        ;            ; --       ; VCCA3                                ; power  ;                       ; 3.0V/3.3V ; --         ;                 ; --       ; --           ;
; 6        ; 0          ; 1A       ; RESERVED_INPUT_WITH_WEAK_PULLUP      ;        ;                       ;           ; Row I/O    ;                 ; no       ; On           ;
; 7        ; 2          ; 1A       ; RESERVED_INPUT_WITH_WEAK_PULLUP      ;        ;                       ;           ; Row I/O    ;                 ; no       ; On           ;
; 8        ; 4          ; 1A       ; RESERVED_INPUT_WITH_WEAK_PULLUP      ;        ;                       ;           ; Row I/O    ;                 ; no       ; On           ;
; 9        ;            ; 1A       ; VCCIO1A                              ; power  ;                       ; 3.3V      ; --         ;                 ; --       ; --           ;
; 10       ; 6          ; 1A       ; servo_pwm                            ; output ; 3.3-V LVCMOS          ;           ; Row I/O    ; Y               ; no       ; Off          ;
; 11       ; 8          ; 1A       ; i2c_scl                              ; bidir  ; 3.3-V LVCMOS          ;           ; Row I/O    ; Y               ; no       ; Off          ;
; 12       ; 10         ; 1A       ; i2c_sda                              ; bidir  ; 3.3-V LVCMOS          ;           ; Row I/O    ; Y               ; no       ; Off          ;
; 13       ; 12         ; 1A       ; RESERVED_INPUT_WITH_WEAK_PULLUP      ;        ;                       ;           ; Row I/O    ;                 ; no       ; On           ;
; 14       ; 14         ; 1A       ; RESERVED_INPUT_WITH_WEAK_PULLUP      ;        ;                       ;           ; Row I/O    ;                 ; no       ; On           ;
; 15       ; 18         ; 1B       ; RESERVED_INPUT_WITH_WEAK_PULLUP      ;        ;                       ;           ; Row I/O    ;                 ; no       ; On           ;
; 16       ; 20         ; 1B       ; altera_reserved_tms                  ; input  ; 2.5 V Schmitt Trigger ;           ; Row I/O    ; N               ; no       ; Off          ;
; 17       ; 21         ; 1B       ; RESERVED_INPUT_WITH_WEAK_PULLUP      ;        ;                       ;           ; Row I/O    ;                 ; --       ; --           ;
; 18       ; 22         ; 1B       ; altera_reserved_tck                  ; input  ; 2.5 V Schmitt Trigger ;           ; Row I/O    ; N               ; no       ; Off          ;
; 19       ; 24         ; 1B       ; altera_reserved_tdi                  ; input  ; 2.5 V Schmitt Trigger ;           ; Row I/O    ; N               ; no       ; Off          ;
; 20       ; 26         ; 1B       ; altera_reserved_tdo                  ; output ; 2.5 V                 ;           ; Row I/O    ; N               ; no       ; Off          ;
; 21       ; 28         ; 1B       ; RESERVED_INPUT_WITH_WEAK_PULLUP      ;        ;                       ;           ; Row I/O    ;                 ; no       ; On           ;
; 22       ; 30         ; 1B       ; RESERVED_INPUT_WITH_WEAK_PULLUP      ;        ;                       ;           ; Row I/O    ;                 ; no       ; On           ;
; 23       ;            ; 1B       ; VCCIO1B                              ; power  ;                       ; 2.5V      ; --         ;                 ; --       ; --           ;
; 24       ; 32         ; 1B       ; RESERVED_INPUT_WITH_WEAK_PULLUP      ;        ;                       ;           ; Row I/O    ;                 ; no       ; On           ;
; 25       ; 34         ; 1B       ; RESERVED_INPUT_WITH_WEAK_PULLUP      ;        ;                       ;           ; Row I/O    ;                 ; no       ; On           ;
; 26       ; 36         ; 2        ; clk_50                               ; input  ; 2.5 V                 ;           ; Row I/O    ; Y               ; no       ; Off          ;
; 27       ; 38         ; 2        ; RESERVED_INPUT_WITH_WEAK_PULLUP      ;        ;                       ;           ; Row I/O    ;                 ; no       ; On           ;
; 28       ; 40         ; 2        ; RESERVED_INPUT_WITH_WEAK_PULLUP      ;        ;                       ;           ; Row I/O    ;                 ; no       ; On           ;
; 29       ; 42         ; 2        ; uart_tx                              ; output ; 2.5 V                 ;           ; Row I/O    ; Y               ; no       ; Off          ;
; 30       ; 45         ; 2        ; RESERVED_INPUT_WITH_WEAK_PULLUP      ;        ;                       ;           ; Row I/O    ;                 ; --       ; --           ;
; 31       ;            ; 2        ; VCCIO2                               ; power  ;                       ; 2.5V      ; --         ;                 ; --       ; --           ;
; 32       ; 56         ; 2        ; uart_rx                              ; input  ; 2.5 V                 ;           ; Row I/O    ; Y               ; no       ; Off          ;
; 33       ; 58         ; 2        ; RESERVED_INPUT_WITH_WEAK_PULLUP      ;        ;                       ;           ; Row I/O    ;                 ; no       ; On           ;
; 34       ;            ; --       ; VCCA2                                ; power  ;                       ; 3.0V/3.3V ; --         ;                 ; --       ; --           ;
; 35       ;            ; --       ; VCCA1                                ; power  ;                       ; 3.0V/3.3V ; --         ;                 ; --       ; --           ;
; 36       ;            ; --       ; VCC_ONE                              ; power  ;                       ; 3.0V/3.3V ; --         ;                 ; --       ; --           ;
; 37       ;            ; --       ; VCC_ONE                              ; power  ;                       ; 3.0V/3.3V ; --         ;                 ; --       ; --           ;
; 38       ; 60         ; 3        ; RESERVED_INPUT_WITH_WEAK_PULLUP      ;        ;                       ;           ; Column I/O ;                 ; no       ; On           ;
; 39       ; 62         ; 3        ; RESERVED_INPUT_WITH_WEAK_PULLUP      ;        ;                       ;           ; Column I/O ;                 ; no       ; On           ;
; 40       ;            ; 3        ; VCCIO3                               ; power  ;                       ; 2.5V      ; --         ;                 ; --       ; --           ;
; 41       ; 64         ; 3        ; RESERVED_INPUT_WITH_WEAK_PULLUP      ;        ;                       ;           ; Column I/O ;                 ; no       ; On           ;
; 42       ;            ;          ; GND                                  ; gnd    ;                       ;           ; --         ;                 ; --       ; --           ;
; 43       ; 66         ; 3        ; RESERVED_INPUT_WITH_WEAK_PULLUP      ;        ;                       ;           ; Column I/O ;                 ; no       ; On           ;
; 44       ; 68         ; 3        ; RESERVED_INPUT_WITH_WEAK_PULLUP      ;        ;                       ;           ; Column I/O ;                 ; no       ; On           ;
; 45       ; 70         ; 3        ; RESERVED_INPUT_WITH_WEAK_PULLUP      ;        ;                       ;           ; Column I/O ;                 ; no       ; On           ;
; 46       ; 72         ; 3        ; RESERVED_INPUT_WITH_WEAK_PULLUP      ;        ;                       ;           ; Column I/O ;                 ; no       ; On           ;
; 47       ; 74         ; 3        ; RESERVED_INPUT_WITH_WEAK_PULLUP      ;        ;                       ;           ; Column I/O ;                 ; no       ; On           ;
; 48       ; 77         ; 3        ; RESERVED_INPUT_WITH_WEAK_PULLUP      ;        ;                       ;           ; Column I/O ;                 ; --       ; --           ;
; 49       ;            ; 3        ; VCCIO3                               ; power  ;                       ; 2.5V      ; --         ;                 ; --       ; --           ;
; 50       ; 76         ; 3        ; RESERVED_INPUT_WITH_WEAK_PULLUP      ;        ;                       ;           ; Column I/O ;                 ; no       ; On           ;
; 51       ;            ; --       ; VCC_ONE                              ; power  ;                       ; 3.0V/3.3V ; --         ;                 ; --       ; --           ;
; 52       ; 78         ; 3        ; RESERVED_INPUT_WITH_WEAK_PULLUP      ;        ;                       ;           ; Column I/O ;                 ; no       ; On           ;
; 53       ;            ;          ; GND                                  ; gnd    ;                       ;           ; --         ;                 ; --       ; --           ;
; 54       ; 80         ; 3        ; RESERVED_INPUT_WITH_WEAK_PULLUP      ;        ;                       ;           ; Column I/O ;                 ; no       ; On           ;
; 55       ; 84         ; 3        ; RESERVED_INPUT_WITH_WEAK_PULLUP      ;        ;                       ;           ; Column I/O ;                 ; no       ; On           ;
; 56       ; 86         ; 3        ; RESERVED_INPUT_WITH_WEAK_PULLUP      ;        ;                       ;           ; Column I/O ;                 ; no       ; On           ;
; 57       ; 88         ; 3        ; RESERVED_INPUT_WITH_WEAK_PULLUP      ;        ;                       ;           ; Column I/O ;                 ; no       ; On           ;
; 58       ; 90         ; 3        ; RESERVED_INPUT_WITH_WEAK_PULLUP      ;        ;                       ;           ; Column I/O ;                 ; no       ; On           ;
; 59       ; 92         ; 3        ; RESERVED_INPUT_WITH_WEAK_PULLUP      ;        ;                       ;           ; Column I/O ;                 ; no       ; On           ;
; 60       ; 94         ; 3        ; RESERVED_INPUT_WITH_WEAK_PULLUP      ;        ;                       ;           ; Column I/O ;                 ; no       ; On           ;
; 61       ; 101        ; 4        ; RESERVED_INPUT_WITH_WEAK_PULLUP      ;        ;                       ;           ; Column I/O ;                 ; --       ; --           ;
; 62       ; 102        ; 4        ; RESERVED_INPUT_WITH_WEAK_PULLUP      ;        ;                       ;           ; Column I/O ;                 ; no       ; On           ;
; 63       ;            ;          ; GND                                  ; gnd    ;                       ;           ; --         ;                 ; --       ; --           ;
; 64       ; 108        ; 4        ; RESERVED_INPUT_WITH_WEAK_PULLUP      ;        ;                       ;           ; Column I/O ;                 ; no       ; On           ;
; 65       ; 110        ; 4        ; RESERVED_INPUT_WITH_WEAK_PULLUP      ;        ;                       ;           ; Column I/O ;                 ; no       ; On           ;
; 66       ; 112        ; 4        ; RESERVED_INPUT_WITH_WEAK_PULLUP      ;        ;                       ;           ; Column I/O ;                 ; no       ; On           ;
; 67       ;            ; 4        ; VCCIO4                               ; power  ;                       ; 2.5V      ; --         ;                 ; --       ; --           ;
; 68       ;            ;          ; GND                                  ; gnd    ;                       ;           ; --         ;                 ; --       ; --           ;
; 69       ; 116        ; 4        ; RESERVED_INPUT_WITH_WEAK_PULLUP      ;        ;                       ;           ; Column I/O ;                 ; no       ; On           ;
; 70       ; 118        ; 4        ; RESERVED_INPUT_WITH_WEAK_PULLUP      ;        ;                       ;           ; Column I/O ;                 ; no       ; On           ;
; 71       ;            ; --       ; VCCA5                                ; power  ;                       ; 3.0V/3.3V ; --         ;                 ; --       ; --           ;
; 72       ;            ; --       ; VCC_ONE                              ; power  ;                       ; 3.0V/3.3V ; --         ;                 ; --       ; --           ;
; 73       ;            ; --       ; VCC_ONE                              ; power  ;                       ; 3.0V/3.3V ; --         ;                 ; --       ; --           ;
; 74       ; 121        ; 5        ; reset_n                              ; input  ; 2.5 V                 ;           ; Row I/O    ; Y               ; no       ; Off          ;
; 75       ; 120        ; 5        ; RESERVED_INPUT_WITH_WEAK_PULLUP      ;        ;                       ;           ; Row I/O    ;                 ; no       ; On           ;
; 76       ; 123        ; 5        ; RESERVED_INPUT_WITH_WEAK_PULLUP      ;        ;                       ;           ; Row I/O    ;                 ; no       ; On           ;
; 77       ; 122        ; 5        ; RESERVED_INPUT_WITH_WEAK_PULLUP      ;        ;                       ;           ; Row I/O    ;                 ; no       ; On           ;
; 78       ; 133        ; 5        ; RESERVED_INPUT_WITH_WEAK_PULLUP      ;        ;                       ;           ; Row I/O    ;                 ; no       ; On           ;
; 79       ; 132        ; 5        ; RESERVED_INPUT_WITH_WEAK_PULLUP      ;        ;                       ;           ; Row I/O    ;                 ; no       ; On           ;
; 80       ; 135        ; 5        ; RESERVED_INPUT_WITH_WEAK_PULLUP      ;        ;                       ;           ; Row I/O    ;                 ; --       ; --           ;
; 81       ; 134        ; 5        ; RESERVED_INPUT_WITH_WEAK_PULLUP      ;        ;                       ;           ; Row I/O    ;                 ; no       ; On           ;
; 82       ;            ; 5        ; VCCIO5                               ; power  ;                       ; 2.5V      ; --         ;                 ; --       ; --           ;
; 83       ;            ;          ; GND                                  ; gnd    ;                       ;           ; --         ;                 ; --       ; --           ;
; 84       ; 141        ; 5        ; RESERVED_INPUT_WITH_WEAK_PULLUP      ;        ;                       ;           ; Row I/O    ;                 ; no       ; On           ;
; 85       ; 140        ; 5        ; RESERVED_INPUT_WITH_WEAK_PULLUP      ;        ;                       ;           ; Row I/O    ;                 ; no       ; On           ;
; 86       ; 143        ; 5        ; RESERVED_INPUT_WITH_WEAK_PULLUP      ;        ;                       ;           ; Row I/O    ;                 ; no       ; On           ;
; 87       ; 142        ; 5        ; RESERVED_INPUT_WITH_WEAK_PULLUP      ;        ;                       ;           ; Row I/O    ;                 ; no       ; On           ;
; 88       ; 148        ; 6        ; RESERVED_INPUT_WITH_WEAK_PULLUP      ;        ;                       ;           ; Row I/O    ;                 ; no       ; On           ;
; 89       ; 150        ; 6        ; RESERVED_INPUT_WITH_WEAK_PULLUP      ;        ;                       ;           ; Row I/O    ;                 ; no       ; On           ;
; 90       ; 152        ; 6        ; RESERVED_INPUT_WITH_WEAK_PULLUP      ;        ;                       ;           ; Row I/O    ;                 ; no       ; On           ;
; 91       ; 154        ; 6        ; RESERVED_INPUT_WITH_WEAK_PULLUP      ;        ;                       ;           ; Row I/O    ;                 ; no       ; On           ;
; 92       ; 156        ; 6        ; RESERVED_INPUT_WITH_WEAK_PULLUP      ;        ;                       ;           ; Row I/O    ;                 ; no       ; On           ;
; 93       ; 158        ; 6        ; RESERVED_INPUT_WITH_WEAK_PULLUP      ;        ;                       ;           ; Row I/O    ;                 ; no       ; On           ;
; 94       ;            ; 6        ; VCCIO6                               ; power  ;                       ; 2.5V      ; --         ;                 ; --       ; --           ;
; 95       ;            ;          ; GND                                  ; gnd    ;                       ;           ; --         ;                 ; --       ; --           ;
; 96       ; 172        ; 6        ; RESERVED_INPUT_WITH_WEAK_PULLUP      ;        ;                       ;           ; Row I/O    ;                 ; no       ; On           ;
; 97       ; 173        ; 6        ; RESERVED_INPUT_WITH_WEAK_PULLUP      ;        ;                       ;           ; Row I/O    ;                 ; --       ; --           ;
; 98       ; 174        ; 6        ; RESERVED_INPUT_WITH_WEAK_PULLUP      ;        ;                       ;           ; Row I/O    ;                 ; no       ; On           ;
; 99       ; 176        ; 6        ; RESERVED_INPUT_WITH_WEAK_PULLUP      ;        ;                       ;           ; Row I/O    ;                 ; no       ; On           ;
; 100      ; 177        ; 6        ; RESERVED_INPUT_WITH_WEAK_PULLUP      ;        ;                       ;           ; Row I/O    ;                 ; no       ; On           ;
; 101      ; 178        ; 6        ; RESERVED_INPUT_WITH_WEAK_PULLUP      ;        ;                       ;           ; Row I/O    ;                 ; no       ; On           ;
; 102      ; 179        ; 6        ; RESERVED_INPUT_WITH_WEAK_PULLUP      ;        ;                       ;           ; Row I/O    ;                 ; no       ; On           ;
; 103      ;            ; 6        ; VCCIO6                               ; power  ;                       ; 2.5V      ; --         ;                 ; --       ; --           ;
; 104      ;            ;          ; GND                                  ; gnd    ;                       ;           ; --         ;                 ; --       ; --           ;
; 105      ; 188        ; 6        ; RESERVED_INPUT_WITH_WEAK_PULLUP      ;        ;                       ;           ; Row I/O    ;                 ; no       ; On           ;
; 106      ; 190        ; 6        ; RESERVED_INPUT_WITH_WEAK_PULLUP      ;        ;                       ;           ; Row I/O    ;                 ; no       ; On           ;
; 107      ;            ; --       ; VCCA3                                ; power  ;                       ; 3.0V/3.3V ; --         ;                 ; --       ; --           ;
; 108      ;            ; --       ; VCC_ONE                              ; power  ;                       ; 3.0V/3.3V ; --         ;                 ; --       ; --           ;
; 109      ;            ; --       ; VCC_ONE                              ; power  ;                       ; 3.0V/3.3V ; --         ;                 ; --       ; --           ;
; 110      ; 192        ; 7        ; RESERVED_INPUT_WITH_WEAK_PULLUP      ;        ;                       ;           ; Column I/O ;                 ; no       ; On           ;
; 111      ; 194        ; 7        ; RESERVED_INPUT_WITH_WEAK_PULLUP      ;        ;                       ;           ; Column I/O ;                 ; no       ; On           ;
; 112      ; 199        ; 7        ; RESERVED_INPUT_WITH_WEAK_PULLUP      ;        ;                       ;           ; Column I/O ;                 ; --       ; --           ;
; 113      ; 202        ; 7        ; RESERVED_INPUT_WITH_WEAK_PULLUP      ;        ;                       ;           ; Column I/O ;                 ; no       ; On           ;
; 114      ; 204        ; 7        ; RESERVED_INPUT_WITH_WEAK_PULLUP      ;        ;                       ;           ; Column I/O ;                 ; no       ; On           ;
; 115      ;            ; --       ; VCC_ONE                              ; power  ;                       ; 3.0V/3.3V ; --         ;                 ; --       ; --           ;
; 116      ;            ;          ; GND                                  ; gnd    ;                       ;           ; --         ;                 ; --       ; --           ;
; 117      ;            ; 7        ; VCCIO7                               ; power  ;                       ; 2.5V      ; --         ;                 ; --       ; --           ;
; 118      ; 212        ; 7        ; RESERVED_INPUT_WITH_WEAK_PULLUP      ;        ;                       ;           ; Column I/O ;                 ; no       ; On           ;
; 119      ; 214        ; 7        ; RESERVED_INPUT_WITH_WEAK_PULLUP      ;        ;                       ;           ; Column I/O ;                 ; no       ; On           ;
; 120      ; 224        ; 8        ; RESERVED_INPUT_WITH_WEAK_PULLUP      ;        ;                       ;           ; Column I/O ;                 ; no       ; On           ;
; 121      ; 226        ; 8        ; RESERVED_INPUT_WITH_WEAK_PULLUP      ;        ;                       ;           ; Column I/O ;                 ; no       ; On           ;
; 122      ; 228        ; 8        ; RESERVED_INPUT_WITH_WEAK_PULLUP      ;        ;                       ;           ; Column I/O ;                 ; no       ; On           ;
; 123      ; 231        ; 8        ; RESERVED_INPUT_WITH_WEAK_PULLUP      ;        ;                       ;           ; Column I/O ;                 ; --       ; --           ;
; 124      ; 233        ; 8        ; RESERVED_INPUT_WITH_WEAK_PULLUP      ;        ;                       ;           ; Column I/O ;                 ; no       ; On           ;
; 125      ;            ;          ; GND                                  ; gnd    ;                       ;           ; --         ;                 ; --       ; --           ;
; 126      ; 232        ; 8        ; ~ALTERA_CONFIG_SEL~ / RESERVED_INPUT ; input  ; 2.5 V                 ;           ; Column I/O ; N               ; no       ; Off          ;
; 127      ; 235        ; 8        ; RESERVED_INPUT_WITH_WEAK_PULLUP      ;        ;                       ;           ; Column I/O ;                 ; no       ; On           ;
; 128      ;            ; 8        ; VCCIO8                               ; power  ;                       ; 2.5V      ; --         ;                 ; --       ; --           ;
; 129      ; 234        ; 8        ; ~ALTERA_nCONFIG~ / RESERVED_INPUT    ; input  ; 2.5 V Schmitt Trigger ;           ; Column I/O ; N               ; no       ; Off          ;
; 130      ; 236        ; 8        ; RESERVED_INPUT_WITH_WEAK_PULLUP      ;        ;                       ;           ; Column I/O ;                 ; no       ; On           ;
; 131      ; 238        ; 8        ; RESERVED_INPUT_WITH_WEAK_PULLUP      ;        ;                       ;           ; Column I/O ;                 ; no       ; On           ;
; 132      ; 240        ; 8        ; RESERVED_INPUT_WITH_WEAK_PULLUP      ;        ;                       ;           ; Column I/O ;                 ; no       ; On           ;
; 133      ;            ;          ; GND                                  ; gnd    ;                       ;           ; --         ;                 ; --       ; --           ;
; 134      ; 242        ; 8        ; RESERVED_INPUT_WITH_WEAK_PULLUP      ;        ;                       ;           ; Column I/O ;                 ; no       ; On           ;
; 135      ; 243        ; 8        ; RESERVED_INPUT_WITH_WEAK_PULLUP      ;        ;                       ;           ; Column I/O ;                 ; no       ; On           ;
; 136      ; 244        ; 8        ; ~ALTERA_nSTATUS~ / RESERVED_INPUT    ; input  ; 2.5 V Schmitt Trigger ;           ; Column I/O ; N               ; no       ; Off          ;
; 137      ;            ;          ; GND                                  ; gnd    ;                       ;           ; --         ;                 ; --       ; --           ;
; 138      ; 246        ; 8        ; ~ALTERA_CONF_DONE~ / RESERVED_INPUT  ; input  ; 2.5 V Schmitt Trigger ;           ; Column I/O ; N               ; no       ; Off          ;
; 139      ;            ; 8        ; VCCIO8                               ; power  ;                       ; 2.5V      ; --         ;                 ; --       ; --           ;
; 140      ; 248        ; 8        ; RESERVED_INPUT_WITH_WEAK_PULLUP      ;        ;                       ;           ; Column I/O ;                 ; no       ; On           ;
; 141      ; 250        ; 8        ; RESERVED_INPUT_WITH_WEAK_PULLUP      ;        ;                       ;           ; Column I/O ;                 ; no       ; On           ;
; 142      ;            ;          ; GND                                  ; gnd    ;                       ;           ; --         ;                 ; --       ; --           ;
; 143      ;            ; --       ; VCCA4                                ; power  ;                       ; 3.0V/3.3V ; --         ;                 ; --       ; --           ;
; 144      ;            ; --       ; VCC_ONE                              ; power  ;                       ; 3.0V/3.3V ; --         ;                 ; --       ; --           ;
+----------+------------+----------+--------------------------------------+--------+-----------------------+-----------+------------+-----------------+----------+--------------+
Note: Pin directions (input, output or bidir) are based on device operating in user mode.


+-------------------------------------------+
; I/O Assignment Warnings                   ;
+-----------+-------------------------------+
; Pin Name  ; Reason                        ;
+-----------+-------------------------------+
; uart_tx   ; Incomplete set of assignments ;
; servo_pwm ; Missing drive strength        ;
; i2c_sda   ; Missing drive strength        ;
; i2c_scl   ; Missing drive strength        ;
; clk_50    ; Incomplete set of assignments ;
; reset_n   ; Incomplete set of assignments ;
; uart_rx   ; Incomplete set of assignments ;
+-----------+-------------------------------+


+---------------------------------------------------------------------------------------------------------------------------------------------------------------------------------------------------------------------------------------------------------------------------------------------------------------------------------------------------------------------------------------------------------------------------------------------------------------------------------------------------------------------------------------------------------------------------------------------------------------------------------------------------------------------------------------------------------------------------------------------------------------------------------------------------------------------------------------------------------------------+
; Fitter Resource Utilization by Entity                                                                                                                                                                                                                                                                                                                                                                                                                                                                                                                                                                                                                                                                                                                                                                                                                               ;
+-----------------------------------------------------------------------------------------------------------------------------------------+-------------+---------------------------+---------------+-------------+------+------------+--------------+---------+-----------+------+--------------+--------------+-------------------+------------------+------------+-------------------------------------------------------------------------------------------------------------------------------------------------------------------------------------------------------------------------------------------------------------------------------------------------------------------------------------------------------------------------------------------------------------------------------+--------------------------------------------------+--------------+
; Compilation Hierarchy Node                                                                                                              ; Logic Cells ; Dedicated Logic Registers ; I/O Registers ; Memory Bits ; M9Ks ; UFM Blocks ; DSP Elements ; DSP 9x9 ; DSP 18x18 ; Pins ; Virtual Pins ; LUT-Only LCs ; Register-Only LCs ; LUT/Register LCs ; ADC blocks ; Full Hierarchy Name                                                                                                                                                                                                                                                                                                                                                                                                           ; Entity Name                                      ; Library Name ;
+-----------------------------------------------------------------------------------------------------------------------------------------+-------------+---------------------------+---------------+-------------+------+------------+--------------+---------+-----------+------+--------------+--------------+-------------------+------------------+------------+-------------------------------------------------------------------------------------------------------------------------------------------------------------------------------------------------------------------------------------------------------------------------------------------------------------------------------------------------------------------------------------------------------------------------------+--------------------------------------------------+--------------+
; |servo_ua_top                                                                                                                           ; 2837 (2)    ; 1345 (0)                  ; 0 (0)         ; 139336      ; 23   ; 1          ; 0            ; 0       ; 0         ; 7    ; 0            ; 1492 (2)     ; 146 (0)           ; 1199 (0)         ; 0          ; |servo_ua_top                                                                                                                                                                                                                                                                                                                                                                                                                 ; servo_ua_top                                     ; work         ;
;    |pwm:U_PWM|                                                                                                                          ; 392 (57)    ; 21 (21)                   ; 0 (0)         ; 0           ; 0    ; 0          ; 0            ; 0       ; 0         ; 0    ; 0            ; 364 (36)     ; 0 (0)             ; 28 (21)          ; 0          ; |servo_ua_top|pwm:U_PWM                                                                                                                                                                                                                                                                                                                                                                                                       ; pwm                                              ; work         ;
;       |lpm_divide:Div0|                                                                                                                 ; 293 (0)     ; 0 (0)                     ; 0 (0)         ; 0           ; 0    ; 0          ; 0            ; 0       ; 0         ; 0    ; 0            ; 291 (0)      ; 0 (0)             ; 2 (0)            ; 0          ; |servo_ua_top|pwm:U_PWM|lpm_divide:Div0                                                                                                                                                                                                                                                                                                                                                                                       ; lpm_divide                                       ; work         ;
;          |lpm_divide_stl:auto_generated|                                                                                                ; 293 (0)     ; 0 (0)                     ; 0 (0)         ; 0           ; 0    ; 0          ; 0            ; 0       ; 0         ; 0    ; 0            ; 291 (0)      ; 0 (0)             ; 2 (0)            ; 0          ; |servo_ua_top|pwm:U_PWM|lpm_divide:Div0|lpm_divide_stl:auto_generated                                                                                                                                                                                                                                                                                                                                                         ; lpm_divide_stl                                   ; work         ;
;             |sign_div_unsign_ulh:divider|                                                                                               ; 293 (0)     ; 0 (0)                     ; 0 (0)         ; 0           ; 0    ; 0          ; 0            ; 0       ; 0         ; 0    ; 0            ; 291 (0)      ; 0 (0)             ; 2 (0)            ; 0          ; |servo_ua_top|pwm:U_PWM|lpm_divide:Div0|lpm_divide_stl:auto_generated|sign_div_unsign_ulh:divider                                                                                                                                                                                                                                                                                                                             ; sign_div_unsign_ulh                              ; work         ;
;                |alt_u_div_6ie:divider|                                                                                                  ; 293 (293)   ; 0 (0)                     ; 0 (0)         ; 0           ; 0    ; 0          ; 0            ; 0       ; 0         ; 0    ; 0            ; 291 (291)    ; 0 (0)             ; 2 (2)            ; 0          ; |servo_ua_top|pwm:U_PWM|lpm_divide:Div0|lpm_divide_stl:auto_generated|sign_div_unsign_ulh:divider|alt_u_div_6ie:divider                                                                                                                                                                                                                                                                                                       ; alt_u_div_6ie                                    ; work         ;
;       |lpm_mult:Mult0|                                                                                                                  ; 42 (0)      ; 0 (0)                     ; 0 (0)         ; 0           ; 0    ; 0          ; 0            ; 0       ; 0         ; 0    ; 0            ; 37 (0)       ; 0 (0)             ; 5 (0)            ; 0          ; |servo_ua_top|pwm:U_PWM|lpm_mult:Mult0                                                                                                                                                                                                                                                                                                                                                                                        ; lpm_mult                                         ; work         ;
;          |multcore:mult_core|                                                                                                           ; 42 (25)     ; 0 (0)                     ; 0 (0)         ; 0           ; 0    ; 0          ; 0            ; 0       ; 0         ; 0    ; 0            ; 37 (20)      ; 0 (0)             ; 5 (5)            ; 0          ; |servo_ua_top|pwm:U_PWM|lpm_mult:Mult0|multcore:mult_core                                                                                                                                                                                                                                                                                                                                                                     ; multcore                                         ; work         ;
;             |mpar_add:padder|                                                                                                           ; 17 (0)      ; 0 (0)                     ; 0 (0)         ; 0           ; 0    ; 0          ; 0            ; 0       ; 0         ; 0    ; 0            ; 17 (0)       ; 0 (0)             ; 0 (0)            ; 0          ; |servo_ua_top|pwm:U_PWM|lpm_mult:Mult0|multcore:mult_core|mpar_add:padder                                                                                                                                                                                                                                                                                                                                                     ; mpar_add                                         ; work         ;
;                |lpm_add_sub:adder[0]|                                                                                                   ; 17 (0)      ; 0 (0)                     ; 0 (0)         ; 0           ; 0    ; 0          ; 0            ; 0       ; 0         ; 0    ; 0            ; 17 (0)       ; 0 (0)             ; 0 (0)            ; 0          ; |servo_ua_top|pwm:U_PWM|lpm_mult:Mult0|multcore:mult_core|mpar_add:padder|lpm_add_sub:adder[0]                                                                                                                                                                                                                                                                                                                                ; lpm_add_sub                                      ; work         ;
;                   |add_sub_brg:auto_generated|                                                                                          ; 17 (17)     ; 0 (0)                     ; 0 (0)         ; 0           ; 0    ; 0          ; 0            ; 0       ; 0         ; 0    ; 0            ; 17 (17)      ; 0 (0)             ; 0 (0)            ; 0          ; |servo_ua_top|pwm:U_PWM|lpm_mult:Mult0|multcore:mult_core|mpar_add:padder|lpm_add_sub:adder[0]|add_sub_brg:auto_generated                                                                                                                                                                                                                                                                                                     ; add_sub_brg                                      ; work         ;
;    |servo_ua:U_NIOS|                                                                                                                    ; 2284 (0)    ; 1239 (0)                  ; 0 (0)         ; 139336      ; 23   ; 0          ; 0            ; 0       ; 0         ; 0    ; 0            ; 1045 (0)     ; 129 (0)           ; 1110 (0)         ; 0          ; |servo_ua_top|servo_ua:U_NIOS                                                                                                                                                                                                                                                                                                                                                                                                 ; servo_ua                                         ; servo_ua     ;
;       |altera_avalon_i2c:i2c_0|                                                                                                         ; 489 (2)     ; 280 (0)                   ; 0 (0)         ; 72          ; 2    ; 0          ; 0            ; 0       ; 0         ; 0    ; 0            ; 208 (2)      ; 22 (0)            ; 259 (1)          ; 0          ; |servo_ua_top|servo_ua:U_NIOS|altera_avalon_i2c:i2c_0                                                                                                                                                                                                                                                                                                                                                                         ; altera_avalon_i2c                                ; servo_ua     ;
;          |altera_avalon_i2c_clk_cnt:u_clk_cnt|                                                                                          ; 92 (92)     ; 27 (27)                   ; 0 (0)         ; 0           ; 0    ; 0          ; 0            ; 0       ; 0         ; 0    ; 0            ; 49 (49)      ; 16 (16)           ; 27 (27)          ; 0          ; |servo_ua_top|servo_ua:U_NIOS|altera_avalon_i2c:i2c_0|altera_avalon_i2c_clk_cnt:u_clk_cnt                                                                                                                                                                                                                                                                                                                                     ; altera_avalon_i2c_clk_cnt                        ; servo_ua     ;
;          |altera_avalon_i2c_condt_det:u_condt_det|                                                                                      ; 10 (10)     ; 8 (8)                     ; 0 (0)         ; 0           ; 0    ; 0          ; 0            ; 0       ; 0         ; 0    ; 0            ; 2 (2)        ; 1 (1)             ; 7 (7)            ; 0          ; |servo_ua_top|servo_ua:U_NIOS|altera_avalon_i2c:i2c_0|altera_avalon_i2c_condt_det:u_condt_det                                                                                                                                                                                                                                                                                                                                 ; altera_avalon_i2c_condt_det                      ; servo_ua     ;
;          |altera_avalon_i2c_condt_gen:u_condt_gen|                                                                                      ; 35 (35)     ; 26 (26)                   ; 0 (0)         ; 0           ; 0    ; 0          ; 0            ; 0       ; 0         ; 0    ; 0            ; 9 (9)        ; 2 (2)             ; 24 (24)          ; 0          ; |servo_ua_top|servo_ua:U_NIOS|altera_avalon_i2c:i2c_0|altera_avalon_i2c_condt_gen:u_condt_gen                                                                                                                                                                                                                                                                                                                                 ; altera_avalon_i2c_condt_gen                      ; servo_ua     ;
;          |altera_avalon_i2c_csr:u_csr|                                                                                                  ; 123 (123)   ; 90 (90)                   ; 0 (0)         ; 0           ; 0    ; 0          ; 0            ; 0       ; 0         ; 0    ; 0            ; 33 (33)      ; 2 (2)             ; 88 (88)          ; 0          ; |servo_ua_top|servo_ua:U_NIOS|altera_avalon_i2c:i2c_0|altera_avalon_i2c_csr:u_csr                                                                                                                                                                                                                                                                                                                                             ; altera_avalon_i2c_csr                            ; servo_ua     ;
;          |altera_avalon_i2c_fifo:u_rxfifo|                                                                                              ; 14 (14)     ; 9 (9)                     ; 0 (0)         ; 32          ; 1    ; 0          ; 0            ; 0       ; 0         ; 0    ; 0            ; 5 (5)        ; 0 (0)             ; 9 (9)            ; 0          ; |servo_ua_top|servo_ua:U_NIOS|altera_avalon_i2c:i2c_0|altera_avalon_i2c_fifo:u_rxfifo                                                                                                                                                                                                                                                                                                                                         ; altera_avalon_i2c_fifo                           ; servo_ua     ;
;             |altsyncram:the_dp_ram|                                                                                                     ; 0 (0)       ; 0 (0)                     ; 0 (0)         ; 32          ; 1    ; 0          ; 0            ; 0       ; 0         ; 0    ; 0            ; 0 (0)        ; 0 (0)             ; 0 (0)            ; 0          ; |servo_ua_top|servo_ua:U_NIOS|altera_avalon_i2c:i2c_0|altera_avalon_i2c_fifo:u_rxfifo|altsyncram:the_dp_ram                                                                                                                                                                                                                                                                                                                   ; altsyncram                                       ; work         ;
;                |altsyncram_h0b1:auto_generated|                                                                                         ; 0 (0)       ; 0 (0)                     ; 0 (0)         ; 32          ; 1    ; 0          ; 0            ; 0       ; 0         ; 0    ; 0            ; 0 (0)        ; 0 (0)             ; 0 (0)            ; 0          ; |servo_ua_top|servo_ua:U_NIOS|altera_avalon_i2c:i2c_0|altera_avalon_i2c_fifo:u_rxfifo|altsyncram:the_dp_ram|altsyncram_h0b1:auto_generated                                                                                                                                                                                                                                                                                    ; altsyncram_h0b1                                  ; work         ;
;          |altera_avalon_i2c_fifo:u_txfifo|                                                                                              ; 16 (16)     ; 9 (9)                     ; 0 (0)         ; 40          ; 1    ; 0          ; 0            ; 0       ; 0         ; 0    ; 0            ; 7 (7)        ; 0 (0)             ; 9 (9)            ; 0          ; |servo_ua_top|servo_ua:U_NIOS|altera_avalon_i2c:i2c_0|altera_avalon_i2c_fifo:u_txfifo                                                                                                                                                                                                                                                                                                                                         ; altera_avalon_i2c_fifo                           ; servo_ua     ;
;             |altsyncram:the_dp_ram|                                                                                                     ; 0 (0)       ; 0 (0)                     ; 0 (0)         ; 40          ; 1    ; 0          ; 0            ; 0       ; 0         ; 0    ; 0            ; 0 (0)        ; 0 (0)             ; 0 (0)            ; 0          ; |servo_ua_top|servo_ua:U_NIOS|altera_avalon_i2c:i2c_0|altera_avalon_i2c_fifo:u_txfifo|altsyncram:the_dp_ram                                                                                                                                                                                                                                                                                                                   ; altsyncram                                       ; work         ;
;                |altsyncram_33b1:auto_generated|                                                                                         ; 0 (0)       ; 0 (0)                     ; 0 (0)         ; 40          ; 1    ; 0          ; 0            ; 0       ; 0         ; 0    ; 0            ; 0 (0)        ; 0 (0)             ; 0 (0)            ; 0          ; |servo_ua_top|servo_ua:U_NIOS|altera_avalon_i2c:i2c_0|altera_avalon_i2c_fifo:u_txfifo|altsyncram:the_dp_ram|altsyncram_33b1:auto_generated                                                                                                                                                                                                                                                                                    ; altsyncram_33b1                                  ; work         ;
;          |altera_avalon_i2c_mstfsm:u_mstfsm|                                                                                            ; 50 (50)     ; 19 (19)                   ; 0 (0)         ; 0           ; 0    ; 0          ; 0            ; 0       ; 0         ; 0    ; 0            ; 27 (27)      ; 0 (0)             ; 23 (23)          ; 0          ; |servo_ua_top|servo_ua:U_NIOS|altera_avalon_i2c:i2c_0|altera_avalon_i2c_mstfsm:u_mstfsm                                                                                                                                                                                                                                                                                                                                       ; altera_avalon_i2c_mstfsm                         ; servo_ua     ;
;          |altera_avalon_i2c_rxshifter:u_rxshifter|                                                                                      ; 50 (50)     ; 25 (25)                   ; 0 (0)         ; 0           ; 0    ; 0          ; 0            ; 0       ; 0         ; 0    ; 0            ; 23 (23)      ; 0 (0)             ; 27 (27)          ; 0          ; |servo_ua_top|servo_ua:U_NIOS|altera_avalon_i2c:i2c_0|altera_avalon_i2c_rxshifter:u_rxshifter                                                                                                                                                                                                                                                                                                                                 ; altera_avalon_i2c_rxshifter                      ; servo_ua     ;
;          |altera_avalon_i2c_spksupp:u_spksupp|                                                                                          ; 26 (26)     ; 22 (22)                   ; 0 (0)         ; 0           ; 0    ; 0          ; 0            ; 0       ; 0         ; 0    ; 0            ; 4 (4)        ; 0 (0)             ; 22 (22)          ; 0          ; |servo_ua_top|servo_ua:U_NIOS|altera_avalon_i2c:i2c_0|altera_avalon_i2c_spksupp:u_spksupp                                                                                                                                                                                                                                                                                                                                     ; altera_avalon_i2c_spksupp                        ; servo_ua     ;
;          |altera_avalon_i2c_txout:u_txout|                                                                                              ; 65 (65)     ; 19 (19)                   ; 0 (0)         ; 0           ; 0    ; 0          ; 0            ; 0       ; 0         ; 0    ; 0            ; 33 (33)      ; 0 (0)             ; 32 (32)          ; 0          ; |servo_ua_top|servo_ua:U_NIOS|altera_avalon_i2c:i2c_0|altera_avalon_i2c_txout:u_txout                                                                                                                                                                                                                                                                                                                                         ; altera_avalon_i2c_txout                          ; servo_ua     ;
;          |altera_avalon_i2c_txshifter:u_txshifter|                                                                                      ; 40 (40)     ; 26 (26)                   ; 0 (0)         ; 0           ; 0    ; 0          ; 0            ; 0       ; 0         ; 0    ; 0            ; 14 (14)      ; 1 (1)             ; 25 (25)          ; 0          ; |servo_ua_top|servo_ua:U_NIOS|altera_avalon_i2c:i2c_0|altera_avalon_i2c_txshifter:u_txshifter                                                                                                                                                                                                                                                                                                                                 ; altera_avalon_i2c_txshifter                      ; servo_ua     ;
;       |altera_reset_controller:rst_controller|                                                                                          ; 17 (11)     ; 16 (10)                   ; 0 (0)         ; 0           ; 0    ; 0          ; 0            ; 0       ; 0         ; 0    ; 0            ; 0 (0)        ; 9 (5)             ; 8 (6)            ; 0          ; |servo_ua_top|servo_ua:U_NIOS|altera_reset_controller:rst_controller                                                                                                                                                                                                                                                                                                                                                          ; altera_reset_controller                          ; servo_ua     ;
;          |altera_reset_synchronizer:alt_rst_req_sync_uq1|                                                                               ; 3 (3)       ; 3 (3)                     ; 0 (0)         ; 0           ; 0    ; 0          ; 0            ; 0       ; 0         ; 0    ; 0            ; 0 (0)        ; 2 (2)             ; 1 (1)            ; 0          ; |servo_ua_top|servo_ua:U_NIOS|altera_reset_controller:rst_controller|altera_reset_synchronizer:alt_rst_req_sync_uq1                                                                                                                                                                                                                                                                                                           ; altera_reset_synchronizer                        ; servo_ua     ;
;          |altera_reset_synchronizer:alt_rst_sync_uq1|                                                                                   ; 3 (3)       ; 3 (3)                     ; 0 (0)         ; 0           ; 0    ; 0          ; 0            ; 0       ; 0         ; 0    ; 0            ; 0 (0)        ; 2 (2)             ; 1 (1)            ; 0          ; |servo_ua_top|servo_ua:U_NIOS|altera_reset_controller:rst_controller|altera_reset_synchronizer:alt_rst_sync_uq1                                                                                                                                                                                                                                                                                                               ; altera_reset_synchronizer                        ; servo_ua     ;
;       |servo_ua_jtag_uart_0:jtag_uart_0|                                                                                                ; 164 (40)    ; 105 (13)                  ; 0 (0)         ; 1024        ; 2    ; 0          ; 0            ; 0       ; 0         ; 0    ; 0            ; 49 (17)      ; 22 (2)            ; 93 (21)          ; 0          ; |servo_ua_top|servo_ua:U_NIOS|servo_ua_jtag_uart_0:jtag_uart_0                                                                                                                                                                                                                                                                                                                                                                ; servo_ua_jtag_uart_0                             ; servo_ua     ;
;          |alt_jtag_atlantic:servo_ua_jtag_uart_0_alt_jtag_atlantic|                                                                     ; 73 (73)     ; 52 (52)                   ; 0 (0)         ; 0           ; 0    ; 0          ; 0            ; 0       ; 0         ; 0    ; 0            ; 21 (21)      ; 20 (20)           ; 32 (32)          ; 0          ; |servo_ua_top|servo_ua:U_NIOS|servo_ua_jtag_uart_0:jtag_uart_0|alt_jtag_atlantic:servo_ua_jtag_uart_0_alt_jtag_atlantic                                                                                                                                                                                                                                                                                                       ; alt_jtag_atlantic                                ; work         ;
;          |servo_ua_jtag_uart_0_scfifo_r:the_servo_ua_jtag_uart_0_scfifo_r|                                                              ; 26 (0)      ; 20 (0)                    ; 0 (0)         ; 512         ; 1    ; 0          ; 0            ; 0       ; 0         ; 0    ; 0            ; 6 (0)        ; 0 (0)             ; 20 (0)           ; 0          ; |servo_ua_top|servo_ua:U_NIOS|servo_ua_jtag_uart_0:jtag_uart_0|servo_ua_jtag_uart_0_scfifo_r:the_servo_ua_jtag_uart_0_scfifo_r                                                                                                                                                                                                                                                                                                ; servo_ua_jtag_uart_0_scfifo_r                    ; servo_ua     ;
;             |scfifo:rfifo|                                                                                                              ; 26 (0)      ; 20 (0)                    ; 0 (0)         ; 512         ; 1    ; 0          ; 0            ; 0       ; 0         ; 0    ; 0            ; 6 (0)        ; 0 (0)             ; 20 (0)           ; 0          ; |servo_ua_top|servo_ua:U_NIOS|servo_ua_jtag_uart_0:jtag_uart_0|servo_ua_jtag_uart_0_scfifo_r:the_servo_ua_jtag_uart_0_scfifo_r|scfifo:rfifo                                                                                                                                                                                                                                                                                   ; scfifo                                           ; work         ;
;                |scfifo_9621:auto_generated|                                                                                             ; 26 (0)      ; 20 (0)                    ; 0 (0)         ; 512         ; 1    ; 0          ; 0            ; 0       ; 0         ; 0    ; 0            ; 6 (0)        ; 0 (0)             ; 20 (0)           ; 0          ; |servo_ua_top|servo_ua:U_NIOS|servo_ua_jtag_uart_0:jtag_uart_0|servo_ua_jtag_uart_0_scfifo_r:the_servo_ua_jtag_uart_0_scfifo_r|scfifo:rfifo|scfifo_9621:auto_generated                                                                                                                                                                                                                                                        ; scfifo_9621                                      ; work         ;
;                   |a_dpfifo_bb01:dpfifo|                                                                                                ; 26 (0)      ; 20 (0)                    ; 0 (0)         ; 512         ; 1    ; 0          ; 0            ; 0       ; 0         ; 0    ; 0            ; 6 (0)        ; 0 (0)             ; 20 (0)           ; 0          ; |servo_ua_top|servo_ua:U_NIOS|servo_ua_jtag_uart_0:jtag_uart_0|servo_ua_jtag_uart_0_scfifo_r:the_servo_ua_jtag_uart_0_scfifo_r|scfifo:rfifo|scfifo_9621:auto_generated|a_dpfifo_bb01:dpfifo                                                                                                                                                                                                                                   ; a_dpfifo_bb01                                    ; work         ;
;                      |a_fefifo_7cf:fifo_state|                                                                                          ; 14 (8)      ; 8 (2)                     ; 0 (0)         ; 0           ; 0    ; 0          ; 0            ; 0       ; 0         ; 0    ; 0            ; 6 (6)        ; 0 (0)             ; 8 (2)            ; 0          ; |servo_ua_top|servo_ua:U_NIOS|servo_ua_jtag_uart_0:jtag_uart_0|servo_ua_jtag_uart_0_scfifo_r:the_servo_ua_jtag_uart_0_scfifo_r|scfifo:rfifo|scfifo_9621:auto_generated|a_dpfifo_bb01:dpfifo|a_fefifo_7cf:fifo_state                                                                                                                                                                                                           ; a_fefifo_7cf                                     ; work         ;
;                         |cntr_337:count_usedw|                                                                                          ; 6 (6)       ; 6 (6)                     ; 0 (0)         ; 0           ; 0    ; 0          ; 0            ; 0       ; 0         ; 0    ; 0            ; 0 (0)        ; 0 (0)             ; 6 (6)            ; 0          ; |servo_ua_top|servo_ua:U_NIOS|servo_ua_jtag_uart_0:jtag_uart_0|servo_ua_jtag_uart_0_scfifo_r:the_servo_ua_jtag_uart_0_scfifo_r|scfifo:rfifo|scfifo_9621:auto_generated|a_dpfifo_bb01:dpfifo|a_fefifo_7cf:fifo_state|cntr_337:count_usedw                                                                                                                                                                                      ; cntr_337                                         ; work         ;
;                      |altsyncram_dtn1:FIFOram|                                                                                          ; 0 (0)       ; 0 (0)                     ; 0 (0)         ; 512         ; 1    ; 0          ; 0            ; 0       ; 0         ; 0    ; 0            ; 0 (0)        ; 0 (0)             ; 0 (0)            ; 0          ; |servo_ua_top|servo_ua:U_NIOS|servo_ua_jtag_uart_0:jtag_uart_0|servo_ua_jtag_uart_0_scfifo_r:the_servo_ua_jtag_uart_0_scfifo_r|scfifo:rfifo|scfifo_9621:auto_generated|a_dpfifo_bb01:dpfifo|altsyncram_dtn1:FIFOram                                                                                                                                                                                                           ; altsyncram_dtn1                                  ; work         ;
;                      |cntr_n2b:rd_ptr_count|                                                                                            ; 6 (6)       ; 6 (6)                     ; 0 (0)         ; 0           ; 0    ; 0          ; 0            ; 0       ; 0         ; 0    ; 0            ; 0 (0)        ; 0 (0)             ; 6 (6)            ; 0          ; |servo_ua_top|servo_ua:U_NIOS|servo_ua_jtag_uart_0:jtag_uart_0|servo_ua_jtag_uart_0_scfifo_r:the_servo_ua_jtag_uart_0_scfifo_r|scfifo:rfifo|scfifo_9621:auto_generated|a_dpfifo_bb01:dpfifo|cntr_n2b:rd_ptr_count                                                                                                                                                                                                             ; cntr_n2b                                         ; work         ;
;                      |cntr_n2b:wr_ptr|                                                                                                  ; 6 (6)       ; 6 (6)                     ; 0 (0)         ; 0           ; 0    ; 0          ; 0            ; 0       ; 0         ; 0    ; 0            ; 0 (0)        ; 0 (0)             ; 6 (6)            ; 0          ; |servo_ua_top|servo_ua:U_NIOS|servo_ua_jtag_uart_0:jtag_uart_0|servo_ua_jtag_uart_0_scfifo_r:the_servo_ua_jtag_uart_0_scfifo_r|scfifo:rfifo|scfifo_9621:auto_generated|a_dpfifo_bb01:dpfifo|cntr_n2b:wr_ptr                                                                                                                                                                                                                   ; cntr_n2b                                         ; work         ;
;          |servo_ua_jtag_uart_0_scfifo_w:the_servo_ua_jtag_uart_0_scfifo_w|                                                              ; 25 (0)      ; 20 (0)                    ; 0 (0)         ; 512         ; 1    ; 0          ; 0            ; 0       ; 0         ; 0    ; 0            ; 5 (0)        ; 0 (0)             ; 20 (0)           ; 0          ; |servo_ua_top|servo_ua:U_NIOS|servo_ua_jtag_uart_0:jtag_uart_0|servo_ua_jtag_uart_0_scfifo_w:the_servo_ua_jtag_uart_0_scfifo_w                                                                                                                                                                                                                                                                                                ; servo_ua_jtag_uart_0_scfifo_w                    ; servo_ua     ;
;             |scfifo:wfifo|                                                                                                              ; 25 (0)      ; 20 (0)                    ; 0 (0)         ; 512         ; 1    ; 0          ; 0            ; 0       ; 0         ; 0    ; 0            ; 5 (0)        ; 0 (0)             ; 20 (0)           ; 0          ; |servo_ua_top|servo_ua:U_NIOS|servo_ua_jtag_uart_0:jtag_uart_0|servo_ua_jtag_uart_0_scfifo_w:the_servo_ua_jtag_uart_0_scfifo_w|scfifo:wfifo                                                                                                                                                                                                                                                                                   ; scfifo                                           ; work         ;
;                |scfifo_9621:auto_generated|                                                                                             ; 25 (0)      ; 20 (0)                    ; 0 (0)         ; 512         ; 1    ; 0          ; 0            ; 0       ; 0         ; 0    ; 0            ; 5 (0)        ; 0 (0)             ; 20 (0)           ; 0          ; |servo_ua_top|servo_ua:U_NIOS|servo_ua_jtag_uart_0:jtag_uart_0|servo_ua_jtag_uart_0_scfifo_w:the_servo_ua_jtag_uart_0_scfifo_w|scfifo:wfifo|scfifo_9621:auto_generated                                                                                                                                                                                                                                                        ; scfifo_9621                                      ; work         ;
;                   |a_dpfifo_bb01:dpfifo|                                                                                                ; 25 (0)      ; 20 (0)                    ; 0 (0)         ; 512         ; 1    ; 0          ; 0            ; 0       ; 0         ; 0    ; 0            ; 5 (0)        ; 0 (0)             ; 20 (0)           ; 0          ; |servo_ua_top|servo_ua:U_NIOS|servo_ua_jtag_uart_0:jtag_uart_0|servo_ua_jtag_uart_0_scfifo_w:the_servo_ua_jtag_uart_0_scfifo_w|scfifo:wfifo|scfifo_9621:auto_generated|a_dpfifo_bb01:dpfifo                                                                                                                                                                                                                                   ; a_dpfifo_bb01                                    ; work         ;
;                      |a_fefifo_7cf:fifo_state|                                                                                          ; 13 (7)      ; 8 (2)                     ; 0 (0)         ; 0           ; 0    ; 0          ; 0            ; 0       ; 0         ; 0    ; 0            ; 5 (5)        ; 0 (0)             ; 8 (2)            ; 0          ; |servo_ua_top|servo_ua:U_NIOS|servo_ua_jtag_uart_0:jtag_uart_0|servo_ua_jtag_uart_0_scfifo_w:the_servo_ua_jtag_uart_0_scfifo_w|scfifo:wfifo|scfifo_9621:auto_generated|a_dpfifo_bb01:dpfifo|a_fefifo_7cf:fifo_state                                                                                                                                                                                                           ; a_fefifo_7cf                                     ; work         ;
;                         |cntr_337:count_usedw|                                                                                          ; 6 (6)       ; 6 (6)                     ; 0 (0)         ; 0           ; 0    ; 0          ; 0            ; 0       ; 0         ; 0    ; 0            ; 0 (0)        ; 0 (0)             ; 6 (6)            ; 0          ; |servo_ua_top|servo_ua:U_NIOS|servo_ua_jtag_uart_0:jtag_uart_0|servo_ua_jtag_uart_0_scfifo_w:the_servo_ua_jtag_uart_0_scfifo_w|scfifo:wfifo|scfifo_9621:auto_generated|a_dpfifo_bb01:dpfifo|a_fefifo_7cf:fifo_state|cntr_337:count_usedw                                                                                                                                                                                      ; cntr_337                                         ; work         ;
;                      |altsyncram_dtn1:FIFOram|                                                                                          ; 0 (0)       ; 0 (0)                     ; 0 (0)         ; 512         ; 1    ; 0          ; 0            ; 0       ; 0         ; 0    ; 0            ; 0 (0)        ; 0 (0)             ; 0 (0)            ; 0          ; |servo_ua_top|servo_ua:U_NIOS|servo_ua_jtag_uart_0:jtag_uart_0|servo_ua_jtag_uart_0_scfifo_w:the_servo_ua_jtag_uart_0_scfifo_w|scfifo:wfifo|scfifo_9621:auto_generated|a_dpfifo_bb01:dpfifo|altsyncram_dtn1:FIFOram                                                                                                                                                                                                           ; altsyncram_dtn1                                  ; work         ;
;                      |cntr_n2b:rd_ptr_count|                                                                                            ; 6 (6)       ; 6 (6)                     ; 0 (0)         ; 0           ; 0    ; 0          ; 0            ; 0       ; 0         ; 0    ; 0            ; 0 (0)        ; 0 (0)             ; 6 (6)            ; 0          ; |servo_ua_top|servo_ua:U_NIOS|servo_ua_jtag_uart_0:jtag_uart_0|servo_ua_jtag_uart_0_scfifo_w:the_servo_ua_jtag_uart_0_scfifo_w|scfifo:wfifo|scfifo_9621:auto_generated|a_dpfifo_bb01:dpfifo|cntr_n2b:rd_ptr_count                                                                                                                                                                                                             ; cntr_n2b                                         ; work         ;
;                      |cntr_n2b:wr_ptr|                                                                                                  ; 6 (6)       ; 6 (6)                     ; 0 (0)         ; 0           ; 0    ; 0          ; 0            ; 0       ; 0         ; 0    ; 0            ; 0 (0)        ; 0 (0)             ; 6 (6)            ; 0          ; |servo_ua_top|servo_ua:U_NIOS|servo_ua_jtag_uart_0:jtag_uart_0|servo_ua_jtag_uart_0_scfifo_w:the_servo_ua_jtag_uart_0_scfifo_w|scfifo:wfifo|scfifo_9621:auto_generated|a_dpfifo_bb01:dpfifo|cntr_n2b:wr_ptr                                                                                                                                                                                                                   ; cntr_n2b                                         ; work         ;
;       |servo_ua_mm_interconnect_0:mm_interconnect_0|                                                                                    ; 438 (0)     ; 157 (0)                   ; 0 (0)         ; 0           ; 0    ; 0          ; 0            ; 0       ; 0         ; 0    ; 0            ; 215 (0)      ; 7 (0)             ; 216 (0)          ; 0          ; |servo_ua_top|servo_ua:U_NIOS|servo_ua_mm_interconnect_0:mm_interconnect_0                                                                                                                                                                                                                                                                                                                                                    ; servo_ua_mm_interconnect_0                       ; servo_ua     ;
;          |altera_avalon_sc_fifo:i2c_0_csr_agent_rsp_fifo|                                                                               ; 13 (13)     ; 9 (9)                     ; 0 (0)         ; 0           ; 0    ; 0          ; 0            ; 0       ; 0         ; 0    ; 0            ; 4 (4)        ; 2 (2)             ; 7 (7)            ; 0          ; |servo_ua_top|servo_ua:U_NIOS|servo_ua_mm_interconnect_0:mm_interconnect_0|altera_avalon_sc_fifo:i2c_0_csr_agent_rsp_fifo                                                                                                                                                                                                                                                                                                     ; altera_avalon_sc_fifo                            ; servo_ua     ;
;          |altera_avalon_sc_fifo:jtag_uart_0_avalon_jtag_slave_agent_rsp_fifo|                                                           ; 9 (9)       ; 6 (6)                     ; 0 (0)         ; 0           ; 0    ; 0          ; 0            ; 0       ; 0         ; 0    ; 0            ; 2 (2)        ; 0 (0)             ; 7 (7)            ; 0          ; |servo_ua_top|servo_ua:U_NIOS|servo_ua_mm_interconnect_0:mm_interconnect_0|altera_avalon_sc_fifo:jtag_uart_0_avalon_jtag_slave_agent_rsp_fifo                                                                                                                                                                                                                                                                                 ; altera_avalon_sc_fifo                            ; servo_ua     ;
;          |altera_avalon_sc_fifo:nios2_gen2_0_debug_mem_slave_agent_rsp_fifo|                                                            ; 11 (11)     ; 6 (6)                     ; 0 (0)         ; 0           ; 0    ; 0          ; 0            ; 0       ; 0         ; 0    ; 0            ; 5 (5)        ; 1 (1)             ; 5 (5)            ; 0          ; |servo_ua_top|servo_ua:U_NIOS|servo_ua_mm_interconnect_0:mm_interconnect_0|altera_avalon_sc_fifo:nios2_gen2_0_debug_mem_slave_agent_rsp_fifo                                                                                                                                                                                                                                                                                  ; altera_avalon_sc_fifo                            ; servo_ua     ;
;          |altera_avalon_sc_fifo:onchip_memory2_0_s1_agent_rsp_fifo|                                                                     ; 9 (9)       ; 6 (6)                     ; 0 (0)         ; 0           ; 0    ; 0          ; 0            ; 0       ; 0         ; 0    ; 0            ; 3 (3)        ; 0 (0)             ; 6 (6)            ; 0          ; |servo_ua_top|servo_ua:U_NIOS|servo_ua_mm_interconnect_0:mm_interconnect_0|altera_avalon_sc_fifo:onchip_memory2_0_s1_agent_rsp_fifo                                                                                                                                                                                                                                                                                           ; altera_avalon_sc_fifo                            ; servo_ua     ;
;          |altera_avalon_sc_fifo:pio_0_s1_agent_rsp_fifo|                                                                                ; 9 (9)       ; 6 (6)                     ; 0 (0)         ; 0           ; 0    ; 0          ; 0            ; 0       ; 0         ; 0    ; 0            ; 3 (3)        ; 0 (0)             ; 6 (6)            ; 0          ; |servo_ua_top|servo_ua:U_NIOS|servo_ua_mm_interconnect_0:mm_interconnect_0|altera_avalon_sc_fifo:pio_0_s1_agent_rsp_fifo                                                                                                                                                                                                                                                                                                      ; altera_avalon_sc_fifo                            ; servo_ua     ;
;          |altera_avalon_sc_fifo:uart_0_s1_agent_rsp_fifo|                                                                               ; 8 (8)       ; 6 (6)                     ; 0 (0)         ; 0           ; 0    ; 0          ; 0            ; 0       ; 0         ; 0    ; 0            ; 2 (2)        ; 0 (0)             ; 6 (6)            ; 0          ; |servo_ua_top|servo_ua:U_NIOS|servo_ua_mm_interconnect_0:mm_interconnect_0|altera_avalon_sc_fifo:uart_0_s1_agent_rsp_fifo                                                                                                                                                                                                                                                                                                     ; altera_avalon_sc_fifo                            ; servo_ua     ;
;          |altera_merlin_master_agent:nios2_gen2_0_data_master_agent|                                                                    ; 1 (1)       ; 0 (0)                     ; 0 (0)         ; 0           ; 0    ; 0          ; 0            ; 0       ; 0         ; 0    ; 0            ; 1 (1)        ; 0 (0)             ; 0 (0)            ; 0          ; |servo_ua_top|servo_ua:U_NIOS|servo_ua_mm_interconnect_0:mm_interconnect_0|altera_merlin_master_agent:nios2_gen2_0_data_master_agent                                                                                                                                                                                                                                                                                          ; altera_merlin_master_agent                       ; servo_ua     ;
;          |altera_merlin_master_agent:nios2_gen2_0_instruction_master_agent|                                                             ; 1 (1)       ; 0 (0)                     ; 0 (0)         ; 0           ; 0    ; 0          ; 0            ; 0       ; 0         ; 0    ; 0            ; 1 (1)        ; 0 (0)             ; 0 (0)            ; 0          ; |servo_ua_top|servo_ua:U_NIOS|servo_ua_mm_interconnect_0:mm_interconnect_0|altera_merlin_master_agent:nios2_gen2_0_instruction_master_agent                                                                                                                                                                                                                                                                                   ; altera_merlin_master_agent                       ; servo_ua     ;
;          |altera_merlin_master_translator:nios2_gen2_0_data_master_translator|                                                          ; 8 (8)       ; 3 (3)                     ; 0 (0)         ; 0           ; 0    ; 0          ; 0            ; 0       ; 0         ; 0    ; 0            ; 5 (5)        ; 0 (0)             ; 3 (3)            ; 0          ; |servo_ua_top|servo_ua:U_NIOS|servo_ua_mm_interconnect_0:mm_interconnect_0|altera_merlin_master_translator:nios2_gen2_0_data_master_translator                                                                                                                                                                                                                                                                                ; altera_merlin_master_translator                  ; servo_ua     ;
;          |altera_merlin_master_translator:nios2_gen2_0_instruction_master_translator|                                                   ; 9 (9)       ; 1 (1)                     ; 0 (0)         ; 0           ; 0    ; 0          ; 0            ; 0       ; 0         ; 0    ; 0            ; 8 (8)        ; 0 (0)             ; 1 (1)            ; 0          ; |servo_ua_top|servo_ua:U_NIOS|servo_ua_mm_interconnect_0:mm_interconnect_0|altera_merlin_master_translator:nios2_gen2_0_instruction_master_translator                                                                                                                                                                                                                                                                         ; altera_merlin_master_translator                  ; servo_ua     ;
;          |altera_merlin_slave_agent:i2c_0_csr_agent|                                                                                    ; 2 (2)       ; 0 (0)                     ; 0 (0)         ; 0           ; 0    ; 0          ; 0            ; 0       ; 0         ; 0    ; 0            ; 2 (2)        ; 0 (0)             ; 0 (0)            ; 0          ; |servo_ua_top|servo_ua:U_NIOS|servo_ua_mm_interconnect_0:mm_interconnect_0|altera_merlin_slave_agent:i2c_0_csr_agent                                                                                                                                                                                                                                                                                                          ; altera_merlin_slave_agent                        ; servo_ua     ;
;          |altera_merlin_slave_agent:nios2_gen2_0_debug_mem_slave_agent|                                                                 ; 1 (1)       ; 0 (0)                     ; 0 (0)         ; 0           ; 0    ; 0          ; 0            ; 0       ; 0         ; 0    ; 0            ; 1 (1)        ; 0 (0)             ; 0 (0)            ; 0          ; |servo_ua_top|servo_ua:U_NIOS|servo_ua_mm_interconnect_0:mm_interconnect_0|altera_merlin_slave_agent:nios2_gen2_0_debug_mem_slave_agent                                                                                                                                                                                                                                                                                       ; altera_merlin_slave_agent                        ; servo_ua     ;
;          |altera_merlin_slave_agent:pio_0_s1_agent|                                                                                     ; 2 (2)       ; 0 (0)                     ; 0 (0)         ; 0           ; 0    ; 0          ; 0            ; 0       ; 0         ; 0    ; 0            ; 2 (2)        ; 0 (0)             ; 0 (0)            ; 0          ; |servo_ua_top|servo_ua:U_NIOS|servo_ua_mm_interconnect_0:mm_interconnect_0|altera_merlin_slave_agent:pio_0_s1_agent                                                                                                                                                                                                                                                                                                           ; altera_merlin_slave_agent                        ; servo_ua     ;
;          |altera_merlin_slave_translator:i2c_0_csr_translator|                                                                          ; 2 (2)       ; 2 (2)                     ; 0 (0)         ; 0           ; 0    ; 0          ; 0            ; 0       ; 0         ; 0    ; 0            ; 0 (0)        ; 1 (1)             ; 1 (1)            ; 0          ; |servo_ua_top|servo_ua:U_NIOS|servo_ua_mm_interconnect_0:mm_interconnect_0|altera_merlin_slave_translator:i2c_0_csr_translator                                                                                                                                                                                                                                                                                                ; altera_merlin_slave_translator                   ; servo_ua     ;
;          |altera_merlin_slave_translator:jtag_uart_0_avalon_jtag_slave_translator|                                                      ; 23 (23)     ; 23 (23)                   ; 0 (0)         ; 0           ; 0    ; 0          ; 0            ; 0       ; 0         ; 0    ; 0            ; 0 (0)        ; 0 (0)             ; 23 (23)          ; 0          ; |servo_ua_top|servo_ua:U_NIOS|servo_ua_mm_interconnect_0:mm_interconnect_0|altera_merlin_slave_translator:jtag_uart_0_avalon_jtag_slave_translator                                                                                                                                                                                                                                                                            ; altera_merlin_slave_translator                   ; servo_ua     ;
;          |altera_merlin_slave_translator:nios2_gen2_0_debug_mem_slave_translator|                                                       ; 33 (33)     ; 33 (33)                   ; 0 (0)         ; 0           ; 0    ; 0          ; 0            ; 0       ; 0         ; 0    ; 0            ; 0 (0)        ; 0 (0)             ; 33 (33)          ; 0          ; |servo_ua_top|servo_ua:U_NIOS|servo_ua_mm_interconnect_0:mm_interconnect_0|altera_merlin_slave_translator:nios2_gen2_0_debug_mem_slave_translator                                                                                                                                                                                                                                                                             ; altera_merlin_slave_translator                   ; servo_ua     ;
;          |altera_merlin_slave_translator:onchip_memory2_0_s1_translator|                                                                ; 1 (1)       ; 1 (1)                     ; 0 (0)         ; 0           ; 0    ; 0          ; 0            ; 0       ; 0         ; 0    ; 0            ; 0 (0)        ; 0 (0)             ; 1 (1)            ; 0          ; |servo_ua_top|servo_ua:U_NIOS|servo_ua_mm_interconnect_0:mm_interconnect_0|altera_merlin_slave_translator:onchip_memory2_0_s1_translator                                                                                                                                                                                                                                                                                      ; altera_merlin_slave_translator                   ; servo_ua     ;
;          |altera_merlin_slave_translator:pio_0_s1_translator|                                                                           ; 13 (13)     ; 11 (11)                   ; 0 (0)         ; 0           ; 0    ; 0          ; 0            ; 0       ; 0         ; 0    ; 0            ; 1 (1)        ; 0 (0)             ; 12 (12)          ; 0          ; |servo_ua_top|servo_ua:U_NIOS|servo_ua_mm_interconnect_0:mm_interconnect_0|altera_merlin_slave_translator:pio_0_s1_translator                                                                                                                                                                                                                                                                                                 ; altera_merlin_slave_translator                   ; servo_ua     ;
;          |altera_merlin_slave_translator:uart_0_s1_translator|                                                                          ; 17 (17)     ; 14 (14)                   ; 0 (0)         ; 0           ; 0    ; 0          ; 0            ; 0       ; 0         ; 0    ; 0            ; 3 (3)        ; 0 (0)             ; 14 (14)          ; 0          ; |servo_ua_top|servo_ua:U_NIOS|servo_ua_mm_interconnect_0:mm_interconnect_0|altera_merlin_slave_translator:uart_0_s1_translator                                                                                                                                                                                                                                                                                                ; altera_merlin_slave_translator                   ; servo_ua     ;
;          |servo_ua_mm_interconnect_0_cmd_demux:cmd_demux_001|                                                                           ; 6 (6)       ; 0 (0)                     ; 0 (0)         ; 0           ; 0    ; 0          ; 0            ; 0       ; 0         ; 0    ; 0            ; 6 (6)        ; 0 (0)             ; 0 (0)            ; 0          ; |servo_ua_top|servo_ua:U_NIOS|servo_ua_mm_interconnect_0:mm_interconnect_0|servo_ua_mm_interconnect_0_cmd_demux:cmd_demux_001                                                                                                                                                                                                                                                                                                 ; servo_ua_mm_interconnect_0_cmd_demux             ; servo_ua     ;
;          |servo_ua_mm_interconnect_0_cmd_demux:cmd_demux|                                                                               ; 10 (10)     ; 0 (0)                     ; 0 (0)         ; 0           ; 0    ; 0          ; 0            ; 0       ; 0         ; 0    ; 0            ; 10 (10)      ; 0 (0)             ; 0 (0)            ; 0          ; |servo_ua_top|servo_ua:U_NIOS|servo_ua_mm_interconnect_0:mm_interconnect_0|servo_ua_mm_interconnect_0_cmd_demux:cmd_demux                                                                                                                                                                                                                                                                                                     ; servo_ua_mm_interconnect_0_cmd_demux             ; servo_ua     ;
;          |servo_ua_mm_interconnect_0_cmd_mux:cmd_mux_001|                                                                               ; 31 (28)     ; 5 (3)                     ; 0 (0)         ; 0           ; 0    ; 0          ; 0            ; 0       ; 0         ; 0    ; 0            ; 22 (21)      ; 1 (1)             ; 8 (5)            ; 0          ; |servo_ua_top|servo_ua:U_NIOS|servo_ua_mm_interconnect_0:mm_interconnect_0|servo_ua_mm_interconnect_0_cmd_mux:cmd_mux_001                                                                                                                                                                                                                                                                                                     ; servo_ua_mm_interconnect_0_cmd_mux               ; servo_ua     ;
;             |altera_merlin_arbitrator:arb|                                                                                              ; 4 (4)       ; 2 (2)                     ; 0 (0)         ; 0           ; 0    ; 0          ; 0            ; 0       ; 0         ; 0    ; 0            ; 1 (1)        ; 0 (0)             ; 3 (3)            ; 0          ; |servo_ua_top|servo_ua:U_NIOS|servo_ua_mm_interconnect_0:mm_interconnect_0|servo_ua_mm_interconnect_0_cmd_mux:cmd_mux_001|altera_merlin_arbitrator:arb                                                                                                                                                                                                                                                                        ; altera_merlin_arbitrator                         ; servo_ua     ;
;          |servo_ua_mm_interconnect_0_cmd_mux:cmd_mux_002|                                                                               ; 55 (53)     ; 5 (3)                     ; 0 (0)         ; 0           ; 0    ; 0          ; 0            ; 0       ; 0         ; 0    ; 0            ; 4 (4)        ; 0 (0)             ; 51 (47)          ; 0          ; |servo_ua_top|servo_ua:U_NIOS|servo_ua_mm_interconnect_0:mm_interconnect_0|servo_ua_mm_interconnect_0_cmd_mux:cmd_mux_002                                                                                                                                                                                                                                                                                                     ; servo_ua_mm_interconnect_0_cmd_mux               ; servo_ua     ;
;             |altera_merlin_arbitrator:arb|                                                                                              ; 4 (4)       ; 2 (2)                     ; 0 (0)         ; 0           ; 0    ; 0          ; 0            ; 0       ; 0         ; 0    ; 0            ; 0 (0)        ; 0 (0)             ; 4 (4)            ; 0          ; |servo_ua_top|servo_ua:U_NIOS|servo_ua_mm_interconnect_0:mm_interconnect_0|servo_ua_mm_interconnect_0_cmd_mux:cmd_mux_002|altera_merlin_arbitrator:arb                                                                                                                                                                                                                                                                        ; altera_merlin_arbitrator                         ; servo_ua     ;
;          |servo_ua_mm_interconnect_0_cmd_mux:cmd_mux_003|                                                                               ; 57 (54)     ; 5 (3)                     ; 0 (0)         ; 0           ; 0    ; 0          ; 0            ; 0       ; 0         ; 0    ; 0            ; 49 (48)      ; 1 (1)             ; 7 (4)            ; 0          ; |servo_ua_top|servo_ua:U_NIOS|servo_ua_mm_interconnect_0:mm_interconnect_0|servo_ua_mm_interconnect_0_cmd_mux:cmd_mux_003                                                                                                                                                                                                                                                                                                     ; servo_ua_mm_interconnect_0_cmd_mux               ; servo_ua     ;
;             |altera_merlin_arbitrator:arb|                                                                                              ; 4 (4)       ; 2 (2)                     ; 0 (0)         ; 0           ; 0    ; 0          ; 0            ; 0       ; 0         ; 0    ; 0            ; 1 (1)        ; 0 (0)             ; 3 (3)            ; 0          ; |servo_ua_top|servo_ua:U_NIOS|servo_ua_mm_interconnect_0:mm_interconnect_0|servo_ua_mm_interconnect_0_cmd_mux:cmd_mux_003|altera_merlin_arbitrator:arb                                                                                                                                                                                                                                                                        ; altera_merlin_arbitrator                         ; servo_ua     ;
;          |servo_ua_mm_interconnect_0_cmd_mux:cmd_mux_004|                                                                               ; 23 (21)     ; 5 (3)                     ; 0 (0)         ; 0           ; 0    ; 0          ; 0            ; 0       ; 0         ; 0    ; 0            ; 8 (8)        ; 0 (0)             ; 15 (11)          ; 0          ; |servo_ua_top|servo_ua:U_NIOS|servo_ua_mm_interconnect_0:mm_interconnect_0|servo_ua_mm_interconnect_0_cmd_mux:cmd_mux_004                                                                                                                                                                                                                                                                                                     ; servo_ua_mm_interconnect_0_cmd_mux               ; servo_ua     ;
;             |altera_merlin_arbitrator:arb|                                                                                              ; 4 (4)       ; 2 (2)                     ; 0 (0)         ; 0           ; 0    ; 0          ; 0            ; 0       ; 0         ; 0    ; 0            ; 0 (0)        ; 0 (0)             ; 4 (4)            ; 0          ; |servo_ua_top|servo_ua:U_NIOS|servo_ua_mm_interconnect_0:mm_interconnect_0|servo_ua_mm_interconnect_0_cmd_mux:cmd_mux_004|altera_merlin_arbitrator:arb                                                                                                                                                                                                                                                                        ; altera_merlin_arbitrator                         ; servo_ua     ;
;          |servo_ua_mm_interconnect_0_cmd_mux:cmd_mux_005|                                                                               ; 11 (8)      ; 5 (3)                     ; 0 (0)         ; 0           ; 0    ; 0          ; 0            ; 0       ; 0         ; 0    ; 0            ; 6 (5)        ; 0 (0)             ; 5 (2)            ; 0          ; |servo_ua_top|servo_ua:U_NIOS|servo_ua_mm_interconnect_0:mm_interconnect_0|servo_ua_mm_interconnect_0_cmd_mux:cmd_mux_005                                                                                                                                                                                                                                                                                                     ; servo_ua_mm_interconnect_0_cmd_mux               ; servo_ua     ;
;             |altera_merlin_arbitrator:arb|                                                                                              ; 4 (4)       ; 2 (2)                     ; 0 (0)         ; 0           ; 0    ; 0          ; 0            ; 0       ; 0         ; 0    ; 0            ; 1 (1)        ; 0 (0)             ; 3 (3)            ; 0          ; |servo_ua_top|servo_ua:U_NIOS|servo_ua_mm_interconnect_0:mm_interconnect_0|servo_ua_mm_interconnect_0_cmd_mux:cmd_mux_005|altera_merlin_arbitrator:arb                                                                                                                                                                                                                                                                        ; altera_merlin_arbitrator                         ; servo_ua     ;
;          |servo_ua_mm_interconnect_0_cmd_mux:cmd_mux|                                                                                   ; 20 (17)     ; 5 (3)                     ; 0 (0)         ; 0           ; 0    ; 0          ; 0            ; 0       ; 0         ; 0    ; 0            ; 13 (12)      ; 1 (1)             ; 6 (3)            ; 0          ; |servo_ua_top|servo_ua:U_NIOS|servo_ua_mm_interconnect_0:mm_interconnect_0|servo_ua_mm_interconnect_0_cmd_mux:cmd_mux                                                                                                                                                                                                                                                                                                         ; servo_ua_mm_interconnect_0_cmd_mux               ; servo_ua     ;
;             |altera_merlin_arbitrator:arb|                                                                                              ; 4 (4)       ; 2 (2)                     ; 0 (0)         ; 0           ; 0    ; 0          ; 0            ; 0       ; 0         ; 0    ; 0            ; 1 (1)        ; 0 (0)             ; 3 (3)            ; 0          ; |servo_ua_top|servo_ua:U_NIOS|servo_ua_mm_interconnect_0:mm_interconnect_0|servo_ua_mm_interconnect_0_cmd_mux:cmd_mux|altera_merlin_arbitrator:arb                                                                                                                                                                                                                                                                            ; altera_merlin_arbitrator                         ; servo_ua     ;
;          |servo_ua_mm_interconnect_0_router:router_001|                                                                                 ; 12 (12)     ; 0 (0)                     ; 0 (0)         ; 0           ; 0    ; 0          ; 0            ; 0       ; 0         ; 0    ; 0            ; 12 (12)      ; 0 (0)             ; 0 (0)            ; 0          ; |servo_ua_top|servo_ua:U_NIOS|servo_ua_mm_interconnect_0:mm_interconnect_0|servo_ua_mm_interconnect_0_router:router_001                                                                                                                                                                                                                                                                                                       ; servo_ua_mm_interconnect_0_router                ; servo_ua     ;
;          |servo_ua_mm_interconnect_0_router:router|                                                                                     ; 10 (10)     ; 0 (0)                     ; 0 (0)         ; 0           ; 0    ; 0          ; 0            ; 0       ; 0         ; 0    ; 0            ; 10 (10)      ; 0 (0)             ; 0 (0)            ; 0          ; |servo_ua_top|servo_ua:U_NIOS|servo_ua_mm_interconnect_0:mm_interconnect_0|servo_ua_mm_interconnect_0_router:router                                                                                                                                                                                                                                                                                                           ; servo_ua_mm_interconnect_0_router                ; servo_ua     ;
;          |servo_ua_mm_interconnect_0_rsp_demux:rsp_demux_001|                                                                           ; 2 (2)       ; 0 (0)                     ; 0 (0)         ; 0           ; 0    ; 0          ; 0            ; 0       ; 0         ; 0    ; 0            ; 2 (2)        ; 0 (0)             ; 0 (0)            ; 0          ; |servo_ua_top|servo_ua:U_NIOS|servo_ua_mm_interconnect_0:mm_interconnect_0|servo_ua_mm_interconnect_0_rsp_demux:rsp_demux_001                                                                                                                                                                                                                                                                                                 ; servo_ua_mm_interconnect_0_rsp_demux             ; servo_ua     ;
;          |servo_ua_mm_interconnect_0_rsp_demux:rsp_demux_002|                                                                           ; 2 (2)       ; 0 (0)                     ; 0 (0)         ; 0           ; 0    ; 0          ; 0            ; 0       ; 0         ; 0    ; 0            ; 2 (2)        ; 0 (0)             ; 0 (0)            ; 0          ; |servo_ua_top|servo_ua:U_NIOS|servo_ua_mm_interconnect_0:mm_interconnect_0|servo_ua_mm_interconnect_0_rsp_demux:rsp_demux_002                                                                                                                                                                                                                                                                                                 ; servo_ua_mm_interconnect_0_rsp_demux             ; servo_ua     ;
;          |servo_ua_mm_interconnect_0_rsp_demux:rsp_demux_003|                                                                           ; 2 (2)       ; 0 (0)                     ; 0 (0)         ; 0           ; 0    ; 0          ; 0            ; 0       ; 0         ; 0    ; 0            ; 2 (2)        ; 0 (0)             ; 0 (0)            ; 0          ; |servo_ua_top|servo_ua:U_NIOS|servo_ua_mm_interconnect_0:mm_interconnect_0|servo_ua_mm_interconnect_0_rsp_demux:rsp_demux_003                                                                                                                                                                                                                                                                                                 ; servo_ua_mm_interconnect_0_rsp_demux             ; servo_ua     ;
;          |servo_ua_mm_interconnect_0_rsp_demux:rsp_demux_004|                                                                           ; 2 (2)       ; 0 (0)                     ; 0 (0)         ; 0           ; 0    ; 0          ; 0            ; 0       ; 0         ; 0    ; 0            ; 0 (0)        ; 0 (0)             ; 2 (2)            ; 0          ; |servo_ua_top|servo_ua:U_NIOS|servo_ua_mm_interconnect_0:mm_interconnect_0|servo_ua_mm_interconnect_0_rsp_demux:rsp_demux_004                                                                                                                                                                                                                                                                                                 ; servo_ua_mm_interconnect_0_rsp_demux             ; servo_ua     ;
;          |servo_ua_mm_interconnect_0_rsp_demux:rsp_demux_005|                                                                           ; 2 (2)       ; 0 (0)                     ; 0 (0)         ; 0           ; 0    ; 0          ; 0            ; 0       ; 0         ; 0    ; 0            ; 0 (0)        ; 0 (0)             ; 2 (2)            ; 0          ; |servo_ua_top|servo_ua:U_NIOS|servo_ua_mm_interconnect_0:mm_interconnect_0|servo_ua_mm_interconnect_0_rsp_demux:rsp_demux_005                                                                                                                                                                                                                                                                                                 ; servo_ua_mm_interconnect_0_rsp_demux             ; servo_ua     ;
;          |servo_ua_mm_interconnect_0_rsp_demux:rsp_demux|                                                                               ; 2 (2)       ; 0 (0)                     ; 0 (0)         ; 0           ; 0    ; 0          ; 0            ; 0       ; 0         ; 0    ; 0            ; 0 (0)        ; 0 (0)             ; 2 (2)            ; 0          ; |servo_ua_top|servo_ua:U_NIOS|servo_ua_mm_interconnect_0:mm_interconnect_0|servo_ua_mm_interconnect_0_rsp_demux:rsp_demux                                                                                                                                                                                                                                                                                                     ; servo_ua_mm_interconnect_0_rsp_demux             ; servo_ua     ;
;          |servo_ua_mm_interconnect_0_rsp_mux:rsp_mux_001|                                                                               ; 3 (3)       ; 0 (0)                     ; 0 (0)         ; 0           ; 0    ; 0          ; 0            ; 0       ; 0         ; 0    ; 0            ; 3 (3)        ; 0 (0)             ; 0 (0)            ; 0          ; |servo_ua_top|servo_ua:U_NIOS|servo_ua_mm_interconnect_0:mm_interconnect_0|servo_ua_mm_interconnect_0_rsp_mux:rsp_mux_001                                                                                                                                                                                                                                                                                                     ; servo_ua_mm_interconnect_0_rsp_mux               ; servo_ua     ;
;          |servo_ua_mm_interconnect_0_rsp_mux:rsp_mux|                                                                                   ; 41 (41)     ; 0 (0)                     ; 0 (0)         ; 0           ; 0    ; 0          ; 0            ; 0       ; 0         ; 0    ; 0            ; 23 (23)      ; 0 (0)             ; 18 (18)          ; 0          ; |servo_ua_top|servo_ua:U_NIOS|servo_ua_mm_interconnect_0:mm_interconnect_0|servo_ua_mm_interconnect_0_rsp_mux:rsp_mux                                                                                                                                                                                                                                                                                                         ; servo_ua_mm_interconnect_0_rsp_mux               ; servo_ua     ;
;       |servo_ua_nios2_gen2_0:nios2_gen2_0|                                                                                              ; 1128 (0)    ; 581 (0)                   ; 0 (0)         ; 10240       ; 3    ; 0          ; 0            ; 0       ; 0         ; 0    ; 0            ; 516 (0)      ; 56 (0)            ; 556 (0)          ; 0          ; |servo_ua_top|servo_ua:U_NIOS|servo_ua_nios2_gen2_0:nios2_gen2_0                                                                                                                                                                                                                                                                                                                                                              ; servo_ua_nios2_gen2_0                            ; servo_ua     ;
;          |servo_ua_nios2_gen2_0_cpu:cpu|                                                                                                ; 1128 (734)  ; 581 (310)                 ; 0 (0)         ; 10240       ; 3    ; 0          ; 0            ; 0       ; 0         ; 0    ; 0            ; 516 (393)    ; 56 (6)            ; 556 (335)        ; 0          ; |servo_ua_top|servo_ua:U_NIOS|servo_ua_nios2_gen2_0:nios2_gen2_0|servo_ua_nios2_gen2_0_cpu:cpu                                                                                                                                                                                                                                                                                                                                ; servo_ua_nios2_gen2_0_cpu                        ; servo_ua     ;
;             |servo_ua_nios2_gen2_0_cpu_nios2_oci:the_servo_ua_nios2_gen2_0_cpu_nios2_oci|                                               ; 394 (87)    ; 271 (80)                  ; 0 (0)         ; 8192        ; 1    ; 0          ; 0            ; 0       ; 0         ; 0    ; 0            ; 123 (7)      ; 50 (4)            ; 221 (76)         ; 0          ; |servo_ua_top|servo_ua:U_NIOS|servo_ua_nios2_gen2_0:nios2_gen2_0|servo_ua_nios2_gen2_0_cpu:cpu|servo_ua_nios2_gen2_0_cpu_nios2_oci:the_servo_ua_nios2_gen2_0_cpu_nios2_oci                                                                                                                                                                                                                                                    ; servo_ua_nios2_gen2_0_cpu_nios2_oci              ; servo_ua     ;
;                |servo_ua_nios2_gen2_0_cpu_debug_slave_wrapper:the_servo_ua_nios2_gen2_0_cpu_debug_slave_wrapper|                        ; 137 (0)     ; 96 (0)                    ; 0 (0)         ; 0           ; 0    ; 0          ; 0            ; 0       ; 0         ; 0    ; 0            ; 41 (0)       ; 43 (0)            ; 53 (0)           ; 0          ; |servo_ua_top|servo_ua:U_NIOS|servo_ua_nios2_gen2_0:nios2_gen2_0|servo_ua_nios2_gen2_0_cpu:cpu|servo_ua_nios2_gen2_0_cpu_nios2_oci:the_servo_ua_nios2_gen2_0_cpu_nios2_oci|servo_ua_nios2_gen2_0_cpu_debug_slave_wrapper:the_servo_ua_nios2_gen2_0_cpu_debug_slave_wrapper                                                                                                                                                    ; servo_ua_nios2_gen2_0_cpu_debug_slave_wrapper    ; servo_ua     ;
;                   |servo_ua_nios2_gen2_0_cpu_debug_slave_sysclk:the_servo_ua_nios2_gen2_0_cpu_debug_slave_sysclk|                       ; 52 (48)     ; 49 (45)                   ; 0 (0)         ; 0           ; 0    ; 0          ; 0            ; 0       ; 0         ; 0    ; 0            ; 3 (3)        ; 35 (32)           ; 14 (13)          ; 0          ; |servo_ua_top|servo_ua:U_NIOS|servo_ua_nios2_gen2_0:nios2_gen2_0|servo_ua_nios2_gen2_0_cpu:cpu|servo_ua_nios2_gen2_0_cpu_nios2_oci:the_servo_ua_nios2_gen2_0_cpu_nios2_oci|servo_ua_nios2_gen2_0_cpu_debug_slave_wrapper:the_servo_ua_nios2_gen2_0_cpu_debug_slave_wrapper|servo_ua_nios2_gen2_0_cpu_debug_slave_sysclk:the_servo_ua_nios2_gen2_0_cpu_debug_slave_sysclk                                                      ; servo_ua_nios2_gen2_0_cpu_debug_slave_sysclk     ; servo_ua     ;
;                      |altera_std_synchronizer:the_altera_std_synchronizer3|                                                             ; 2 (2)       ; 2 (2)                     ; 0 (0)         ; 0           ; 0    ; 0          ; 0            ; 0       ; 0         ; 0    ; 0            ; 0 (0)        ; 1 (1)             ; 1 (1)            ; 0          ; |servo_ua_top|servo_ua:U_NIOS|servo_ua_nios2_gen2_0:nios2_gen2_0|servo_ua_nios2_gen2_0_cpu:cpu|servo_ua_nios2_gen2_0_cpu_nios2_oci:the_servo_ua_nios2_gen2_0_cpu_nios2_oci|servo_ua_nios2_gen2_0_cpu_debug_slave_wrapper:the_servo_ua_nios2_gen2_0_cpu_debug_slave_wrapper|servo_ua_nios2_gen2_0_cpu_debug_slave_sysclk:the_servo_ua_nios2_gen2_0_cpu_debug_slave_sysclk|altera_std_synchronizer:the_altera_std_synchronizer3 ; altera_std_synchronizer                          ; work         ;
;                      |altera_std_synchronizer:the_altera_std_synchronizer4|                                                             ; 2 (2)       ; 2 (2)                     ; 0 (0)         ; 0           ; 0    ; 0          ; 0            ; 0       ; 0         ; 0    ; 0            ; 0 (0)        ; 2 (2)             ; 0 (0)            ; 0          ; |servo_ua_top|servo_ua:U_NIOS|servo_ua_nios2_gen2_0:nios2_gen2_0|servo_ua_nios2_gen2_0_cpu:cpu|servo_ua_nios2_gen2_0_cpu_nios2_oci:the_servo_ua_nios2_gen2_0_cpu_nios2_oci|servo_ua_nios2_gen2_0_cpu_debug_slave_wrapper:the_servo_ua_nios2_gen2_0_cpu_debug_slave_wrapper|servo_ua_nios2_gen2_0_cpu_debug_slave_sysclk:the_servo_ua_nios2_gen2_0_cpu_debug_slave_sysclk|altera_std_synchronizer:the_altera_std_synchronizer4 ; altera_std_synchronizer                          ; work         ;
;                   |servo_ua_nios2_gen2_0_cpu_debug_slave_tck:the_servo_ua_nios2_gen2_0_cpu_debug_slave_tck|                             ; 91 (87)     ; 47 (43)                   ; 0 (0)         ; 0           ; 0    ; 0          ; 0            ; 0       ; 0         ; 0    ; 0            ; 35 (35)      ; 8 (5)             ; 48 (47)          ; 0          ; |servo_ua_top|servo_ua:U_NIOS|servo_ua_nios2_gen2_0:nios2_gen2_0|servo_ua_nios2_gen2_0_cpu:cpu|servo_ua_nios2_gen2_0_cpu_nios2_oci:the_servo_ua_nios2_gen2_0_cpu_nios2_oci|servo_ua_nios2_gen2_0_cpu_debug_slave_wrapper:the_servo_ua_nios2_gen2_0_cpu_debug_slave_wrapper|servo_ua_nios2_gen2_0_cpu_debug_slave_tck:the_servo_ua_nios2_gen2_0_cpu_debug_slave_tck                                                            ; servo_ua_nios2_gen2_0_cpu_debug_slave_tck        ; servo_ua     ;
;                      |altera_std_synchronizer:the_altera_std_synchronizer1|                                                             ; 2 (2)       ; 2 (2)                     ; 0 (0)         ; 0           ; 0    ; 0          ; 0            ; 0       ; 0         ; 0    ; 0            ; 0 (0)        ; 2 (2)             ; 0 (0)            ; 0          ; |servo_ua_top|servo_ua:U_NIOS|servo_ua_nios2_gen2_0:nios2_gen2_0|servo_ua_nios2_gen2_0_cpu:cpu|servo_ua_nios2_gen2_0_cpu_nios2_oci:the_servo_ua_nios2_gen2_0_cpu_nios2_oci|servo_ua_nios2_gen2_0_cpu_debug_slave_wrapper:the_servo_ua_nios2_gen2_0_cpu_debug_slave_wrapper|servo_ua_nios2_gen2_0_cpu_debug_slave_tck:the_servo_ua_nios2_gen2_0_cpu_debug_slave_tck|altera_std_synchronizer:the_altera_std_synchronizer1       ; altera_std_synchronizer                          ; work         ;
;                      |altera_std_synchronizer:the_altera_std_synchronizer2|                                                             ; 2 (2)       ; 2 (2)                     ; 0 (0)         ; 0           ; 0    ; 0          ; 0            ; 0       ; 0         ; 0    ; 0            ; 0 (0)        ; 1 (1)             ; 1 (1)            ; 0          ; |servo_ua_top|servo_ua:U_NIOS|servo_ua_nios2_gen2_0:nios2_gen2_0|servo_ua_nios2_gen2_0_cpu:cpu|servo_ua_nios2_gen2_0_cpu_nios2_oci:the_servo_ua_nios2_gen2_0_cpu_nios2_oci|servo_ua_nios2_gen2_0_cpu_debug_slave_wrapper:the_servo_ua_nios2_gen2_0_cpu_debug_slave_wrapper|servo_ua_nios2_gen2_0_cpu_debug_slave_tck:the_servo_ua_nios2_gen2_0_cpu_debug_slave_tck|altera_std_synchronizer:the_altera_std_synchronizer2       ; altera_std_synchronizer                          ; work         ;
;                   |sld_virtual_jtag_basic:servo_ua_nios2_gen2_0_cpu_debug_slave_phy|                                                    ; 4 (4)       ; 0 (0)                     ; 0 (0)         ; 0           ; 0    ; 0          ; 0            ; 0       ; 0         ; 0    ; 0            ; 3 (3)        ; 0 (0)             ; 1 (1)            ; 0          ; |servo_ua_top|servo_ua:U_NIOS|servo_ua_nios2_gen2_0:nios2_gen2_0|servo_ua_nios2_gen2_0_cpu:cpu|servo_ua_nios2_gen2_0_cpu_nios2_oci:the_servo_ua_nios2_gen2_0_cpu_nios2_oci|servo_ua_nios2_gen2_0_cpu_debug_slave_wrapper:the_servo_ua_nios2_gen2_0_cpu_debug_slave_wrapper|sld_virtual_jtag_basic:servo_ua_nios2_gen2_0_cpu_debug_slave_phy                                                                                   ; sld_virtual_jtag_basic                           ; work         ;
;                |servo_ua_nios2_gen2_0_cpu_nios2_avalon_reg:the_servo_ua_nios2_gen2_0_cpu_nios2_avalon_reg|                              ; 11 (11)     ; 5 (5)                     ; 0 (0)         ; 0           ; 0    ; 0          ; 0            ; 0       ; 0         ; 0    ; 0            ; 6 (6)        ; 0 (0)             ; 5 (5)            ; 0          ; |servo_ua_top|servo_ua:U_NIOS|servo_ua_nios2_gen2_0:nios2_gen2_0|servo_ua_nios2_gen2_0_cpu:cpu|servo_ua_nios2_gen2_0_cpu_nios2_oci:the_servo_ua_nios2_gen2_0_cpu_nios2_oci|servo_ua_nios2_gen2_0_cpu_nios2_avalon_reg:the_servo_ua_nios2_gen2_0_cpu_nios2_avalon_reg                                                                                                                                                          ; servo_ua_nios2_gen2_0_cpu_nios2_avalon_reg       ; servo_ua     ;
;                |servo_ua_nios2_gen2_0_cpu_nios2_oci_break:the_servo_ua_nios2_gen2_0_cpu_nios2_oci_break|                                ; 33 (33)     ; 32 (32)                   ; 0 (0)         ; 0           ; 0    ; 0          ; 0            ; 0       ; 0         ; 0    ; 0            ; 1 (1)        ; 0 (0)             ; 32 (32)          ; 0          ; |servo_ua_top|servo_ua:U_NIOS|servo_ua_nios2_gen2_0:nios2_gen2_0|servo_ua_nios2_gen2_0_cpu:cpu|servo_ua_nios2_gen2_0_cpu_nios2_oci:the_servo_ua_nios2_gen2_0_cpu_nios2_oci|servo_ua_nios2_gen2_0_cpu_nios2_oci_break:the_servo_ua_nios2_gen2_0_cpu_nios2_oci_break                                                                                                                                                            ; servo_ua_nios2_gen2_0_cpu_nios2_oci_break        ; servo_ua     ;
;                |servo_ua_nios2_gen2_0_cpu_nios2_oci_debug:the_servo_ua_nios2_gen2_0_cpu_nios2_oci_debug|                                ; 12 (10)     ; 9 (7)                     ; 0 (0)         ; 0           ; 0    ; 0          ; 0            ; 0       ; 0         ; 0    ; 0            ; 3 (3)        ; 3 (1)             ; 6 (6)            ; 0          ; |servo_ua_top|servo_ua:U_NIOS|servo_ua_nios2_gen2_0:nios2_gen2_0|servo_ua_nios2_gen2_0_cpu:cpu|servo_ua_nios2_gen2_0_cpu_nios2_oci:the_servo_ua_nios2_gen2_0_cpu_nios2_oci|servo_ua_nios2_gen2_0_cpu_nios2_oci_debug:the_servo_ua_nios2_gen2_0_cpu_nios2_oci_debug                                                                                                                                                            ; servo_ua_nios2_gen2_0_cpu_nios2_oci_debug        ; servo_ua     ;
;                   |altera_std_synchronizer:the_altera_std_synchronizer|                                                                 ; 2 (2)       ; 2 (2)                     ; 0 (0)         ; 0           ; 0    ; 0          ; 0            ; 0       ; 0         ; 0    ; 0            ; 0 (0)        ; 2 (2)             ; 0 (0)            ; 0          ; |servo_ua_top|servo_ua:U_NIOS|servo_ua_nios2_gen2_0:nios2_gen2_0|servo_ua_nios2_gen2_0_cpu:cpu|servo_ua_nios2_gen2_0_cpu_nios2_oci:the_servo_ua_nios2_gen2_0_cpu_nios2_oci|servo_ua_nios2_gen2_0_cpu_nios2_oci_debug:the_servo_ua_nios2_gen2_0_cpu_nios2_oci_debug|altera_std_synchronizer:the_altera_std_synchronizer                                                                                                        ; altera_std_synchronizer                          ; work         ;
;                |servo_ua_nios2_gen2_0_cpu_nios2_ocimem:the_servo_ua_nios2_gen2_0_cpu_nios2_ocimem|                                      ; 115 (115)   ; 49 (49)                   ; 0 (0)         ; 8192        ; 1    ; 0          ; 0            ; 0       ; 0         ; 0    ; 0            ; 65 (65)      ; 0 (0)             ; 50 (50)          ; 0          ; |servo_ua_top|servo_ua:U_NIOS|servo_ua_nios2_gen2_0:nios2_gen2_0|servo_ua_nios2_gen2_0_cpu:cpu|servo_ua_nios2_gen2_0_cpu_nios2_oci:the_servo_ua_nios2_gen2_0_cpu_nios2_oci|servo_ua_nios2_gen2_0_cpu_nios2_ocimem:the_servo_ua_nios2_gen2_0_cpu_nios2_ocimem                                                                                                                                                                  ; servo_ua_nios2_gen2_0_cpu_nios2_ocimem           ; servo_ua     ;
;                   |servo_ua_nios2_gen2_0_cpu_ociram_sp_ram_module:servo_ua_nios2_gen2_0_cpu_ociram_sp_ram|                              ; 0 (0)       ; 0 (0)                     ; 0 (0)         ; 8192        ; 1    ; 0          ; 0            ; 0       ; 0         ; 0    ; 0            ; 0 (0)        ; 0 (0)             ; 0 (0)            ; 0          ; |servo_ua_top|servo_ua:U_NIOS|servo_ua_nios2_gen2_0:nios2_gen2_0|servo_ua_nios2_gen2_0_cpu:cpu|servo_ua_nios2_gen2_0_cpu_nios2_oci:the_servo_ua_nios2_gen2_0_cpu_nios2_oci|servo_ua_nios2_gen2_0_cpu_nios2_ocimem:the_servo_ua_nios2_gen2_0_cpu_nios2_ocimem|servo_ua_nios2_gen2_0_cpu_ociram_sp_ram_module:servo_ua_nios2_gen2_0_cpu_ociram_sp_ram                                                                           ; servo_ua_nios2_gen2_0_cpu_ociram_sp_ram_module   ; servo_ua     ;
;                      |altsyncram:the_altsyncram|                                                                                        ; 0 (0)       ; 0 (0)                     ; 0 (0)         ; 8192        ; 1    ; 0          ; 0            ; 0       ; 0         ; 0    ; 0            ; 0 (0)        ; 0 (0)             ; 0 (0)            ; 0          ; |servo_ua_top|servo_ua:U_NIOS|servo_ua_nios2_gen2_0:nios2_gen2_0|servo_ua_nios2_gen2_0_cpu:cpu|servo_ua_nios2_gen2_0_cpu_nios2_oci:the_servo_ua_nios2_gen2_0_cpu_nios2_oci|servo_ua_nios2_gen2_0_cpu_nios2_ocimem:the_servo_ua_nios2_gen2_0_cpu_nios2_ocimem|servo_ua_nios2_gen2_0_cpu_ociram_sp_ram_module:servo_ua_nios2_gen2_0_cpu_ociram_sp_ram|altsyncram:the_altsyncram                                                 ; altsyncram                                       ; work         ;
;                         |altsyncram_0n61:auto_generated|                                                                                ; 0 (0)       ; 0 (0)                     ; 0 (0)         ; 8192        ; 1    ; 0          ; 0            ; 0       ; 0         ; 0    ; 0            ; 0 (0)        ; 0 (0)             ; 0 (0)            ; 0          ; |servo_ua_top|servo_ua:U_NIOS|servo_ua_nios2_gen2_0:nios2_gen2_0|servo_ua_nios2_gen2_0_cpu:cpu|servo_ua_nios2_gen2_0_cpu_nios2_oci:the_servo_ua_nios2_gen2_0_cpu_nios2_oci|servo_ua_nios2_gen2_0_cpu_nios2_ocimem:the_servo_ua_nios2_gen2_0_cpu_nios2_ocimem|servo_ua_nios2_gen2_0_cpu_ociram_sp_ram_module:servo_ua_nios2_gen2_0_cpu_ociram_sp_ram|altsyncram:the_altsyncram|altsyncram_0n61:auto_generated                  ; altsyncram_0n61                                  ; work         ;
;             |servo_ua_nios2_gen2_0_cpu_register_bank_a_module:servo_ua_nios2_gen2_0_cpu_register_bank_a|                                ; 0 (0)       ; 0 (0)                     ; 0 (0)         ; 1024        ; 1    ; 0          ; 0            ; 0       ; 0         ; 0    ; 0            ; 0 (0)        ; 0 (0)             ; 0 (0)            ; 0          ; |servo_ua_top|servo_ua:U_NIOS|servo_ua_nios2_gen2_0:nios2_gen2_0|servo_ua_nios2_gen2_0_cpu:cpu|servo_ua_nios2_gen2_0_cpu_register_bank_a_module:servo_ua_nios2_gen2_0_cpu_register_bank_a                                                                                                                                                                                                                                     ; servo_ua_nios2_gen2_0_cpu_register_bank_a_module ; servo_ua     ;
;                |altsyncram:the_altsyncram|                                                                                              ; 0 (0)       ; 0 (0)                     ; 0 (0)         ; 1024        ; 1    ; 0          ; 0            ; 0       ; 0         ; 0    ; 0            ; 0 (0)        ; 0 (0)             ; 0 (0)            ; 0          ; |servo_ua_top|servo_ua:U_NIOS|servo_ua_nios2_gen2_0:nios2_gen2_0|servo_ua_nios2_gen2_0_cpu:cpu|servo_ua_nios2_gen2_0_cpu_register_bank_a_module:servo_ua_nios2_gen2_0_cpu_register_bank_a|altsyncram:the_altsyncram                                                                                                                                                                                                           ; altsyncram                                       ; work         ;
;                   |altsyncram_s0c1:auto_generated|                                                                                      ; 0 (0)       ; 0 (0)                     ; 0 (0)         ; 1024        ; 1    ; 0          ; 0            ; 0       ; 0         ; 0    ; 0            ; 0 (0)        ; 0 (0)             ; 0 (0)            ; 0          ; |servo_ua_top|servo_ua:U_NIOS|servo_ua_nios2_gen2_0:nios2_gen2_0|servo_ua_nios2_gen2_0_cpu:cpu|servo_ua_nios2_gen2_0_cpu_register_bank_a_module:servo_ua_nios2_gen2_0_cpu_register_bank_a|altsyncram:the_altsyncram|altsyncram_s0c1:auto_generated                                                                                                                                                                            ; altsyncram_s0c1                                  ; work         ;
;             |servo_ua_nios2_gen2_0_cpu_register_bank_b_module:servo_ua_nios2_gen2_0_cpu_register_bank_b|                                ; 0 (0)       ; 0 (0)                     ; 0 (0)         ; 1024        ; 1    ; 0          ; 0            ; 0       ; 0         ; 0    ; 0            ; 0 (0)        ; 0 (0)             ; 0 (0)            ; 0          ; |servo_ua_top|servo_ua:U_NIOS|servo_ua_nios2_gen2_0:nios2_gen2_0|servo_ua_nios2_gen2_0_cpu:cpu|servo_ua_nios2_gen2_0_cpu_register_bank_b_module:servo_ua_nios2_gen2_0_cpu_register_bank_b                                                                                                                                                                                                                                     ; servo_ua_nios2_gen2_0_cpu_register_bank_b_module ; servo_ua     ;
;                |altsyncram:the_altsyncram|                                                                                              ; 0 (0)       ; 0 (0)                     ; 0 (0)         ; 1024        ; 1    ; 0          ; 0            ; 0       ; 0         ; 0    ; 0            ; 0 (0)        ; 0 (0)             ; 0 (0)            ; 0          ; |servo_ua_top|servo_ua:U_NIOS|servo_ua_nios2_gen2_0:nios2_gen2_0|servo_ua_nios2_gen2_0_cpu:cpu|servo_ua_nios2_gen2_0_cpu_register_bank_b_module:servo_ua_nios2_gen2_0_cpu_register_bank_b|altsyncram:the_altsyncram                                                                                                                                                                                                           ; altsyncram                                       ; work         ;
;                   |altsyncram_s0c1:auto_generated|                                                                                      ; 0 (0)       ; 0 (0)                     ; 0 (0)         ; 1024        ; 1    ; 0          ; 0            ; 0       ; 0         ; 0    ; 0            ; 0 (0)        ; 0 (0)             ; 0 (0)            ; 0          ; |servo_ua_top|servo_ua:U_NIOS|servo_ua_nios2_gen2_0:nios2_gen2_0|servo_ua_nios2_gen2_0_cpu:cpu|servo_ua_nios2_gen2_0_cpu_register_bank_b_module:servo_ua_nios2_gen2_0_cpu_register_bank_b|altsyncram:the_altsyncram|altsyncram_s0c1:auto_generated                                                                                                                                                                            ; altsyncram_s0c1                                  ; work         ;
;       |servo_ua_onchip_memory2_0:onchip_memory2_0|                                                                                      ; 1 (1)       ; 0 (0)                     ; 0 (0)         ; 128000      ; 16   ; 0          ; 0            ; 0       ; 0         ; 0    ; 0            ; 1 (1)        ; 0 (0)             ; 0 (0)            ; 0          ; |servo_ua_top|servo_ua:U_NIOS|servo_ua_onchip_memory2_0:onchip_memory2_0                                                                                                                                                                                                                                                                                                                                                      ; servo_ua_onchip_memory2_0                        ; servo_ua     ;
;          |altsyncram:the_altsyncram|                                                                                                    ; 0 (0)       ; 0 (0)                     ; 0 (0)         ; 128000      ; 16   ; 0          ; 0            ; 0       ; 0         ; 0    ; 0            ; 0 (0)        ; 0 (0)             ; 0 (0)            ; 0          ; |servo_ua_top|servo_ua:U_NIOS|servo_ua_onchip_memory2_0:onchip_memory2_0|altsyncram:the_altsyncram                                                                                                                                                                                                                                                                                                                            ; altsyncram                                       ; work         ;
;             |altsyncram_okc1:auto_generated|                                                                                            ; 0 (0)       ; 0 (0)                     ; 0 (0)         ; 128000      ; 16   ; 0          ; 0            ; 0       ; 0         ; 0    ; 0            ; 0 (0)        ; 0 (0)             ; 0 (0)            ; 0          ; |servo_ua_top|servo_ua:U_NIOS|servo_ua_onchip_memory2_0:onchip_memory2_0|altsyncram:the_altsyncram|altsyncram_okc1:auto_generated                                                                                                                                                                                                                                                                                             ; altsyncram_okc1                                  ; work         ;
;       |servo_ua_pio_0:pio_0|                                                                                                            ; 20 (20)     ; 8 (8)                     ; 0 (0)         ; 0           ; 0    ; 0          ; 0            ; 0       ; 0         ; 0    ; 0            ; 4 (4)        ; 1 (1)             ; 15 (15)          ; 0          ; |servo_ua_top|servo_ua:U_NIOS|servo_ua_pio_0:pio_0                                                                                                                                                                                                                                                                                                                                                                            ; servo_ua_pio_0                                   ; servo_ua     ;
;       |servo_ua_uart_0:uart_0|                                                                                                          ; 144 (0)     ; 92 (0)                    ; 0 (0)         ; 0           ; 0    ; 0          ; 0            ; 0       ; 0         ; 0    ; 0            ; 52 (0)       ; 12 (0)            ; 80 (0)           ; 0          ; |servo_ua_top|servo_ua:U_NIOS|servo_ua_uart_0:uart_0                                                                                                                                                                                                                                                                                                                                                                          ; servo_ua_uart_0                                  ; servo_ua     ;
;          |servo_ua_uart_0_regs:the_servo_ua_uart_0_regs|                                                                                ; 54 (54)     ; 29 (29)                   ; 0 (0)         ; 0           ; 0    ; 0          ; 0            ; 0       ; 0         ; 0    ; 0            ; 17 (17)      ; 8 (8)             ; 29 (29)          ; 0          ; |servo_ua_top|servo_ua:U_NIOS|servo_ua_uart_0:uart_0|servo_ua_uart_0_regs:the_servo_ua_uart_0_regs                                                                                                                                                                                                                                                                                                                            ; servo_ua_uart_0_regs                             ; servo_ua     ;
;          |servo_ua_uart_0_rx:the_servo_ua_uart_0_rx|                                                                                    ; 60 (58)     ; 37 (35)                   ; 0 (0)         ; 0           ; 0    ; 0          ; 0            ; 0       ; 0         ; 0    ; 0            ; 23 (23)      ; 4 (2)             ; 33 (33)          ; 0          ; |servo_ua_top|servo_ua:U_NIOS|servo_ua_uart_0:uart_0|servo_ua_uart_0_rx:the_servo_ua_uart_0_rx                                                                                                                                                                                                                                                                                                                                ; servo_ua_uart_0_rx                               ; servo_ua     ;
;             |altera_std_synchronizer:the_altera_std_synchronizer|                                                                       ; 2 (2)       ; 2 (2)                     ; 0 (0)         ; 0           ; 0    ; 0          ; 0            ; 0       ; 0         ; 0    ; 0            ; 0 (0)        ; 2 (2)             ; 0 (0)            ; 0          ; |servo_ua_top|servo_ua:U_NIOS|servo_ua_uart_0:uart_0|servo_ua_uart_0_rx:the_servo_ua_uart_0_rx|altera_std_synchronizer:the_altera_std_synchronizer                                                                                                                                                                                                                                                                            ; altera_std_synchronizer                          ; work         ;
;          |servo_ua_uart_0_tx:the_servo_ua_uart_0_tx|                                                                                    ; 38 (38)     ; 26 (26)                   ; 0 (0)         ; 0           ; 0    ; 0          ; 0            ; 0       ; 0         ; 0    ; 0            ; 12 (12)      ; 0 (0)             ; 26 (26)          ; 0          ; |servo_ua_top|servo_ua:U_NIOS|servo_ua_uart_0:uart_0|servo_ua_uart_0_tx:the_servo_ua_uart_0_tx                                                                                                                                                                                                                                                                                                                                ; servo_ua_uart_0_tx                               ; servo_ua     ;
;    |sld_hub:auto_hub|                                                                                                                   ; 166 (1)     ; 85 (0)                    ; 0 (0)         ; 0           ; 0    ; 0          ; 0            ; 0       ; 0         ; 0    ; 0            ; 81 (1)       ; 17 (0)            ; 68 (0)           ; 0          ; |servo_ua_top|sld_hub:auto_hub                                                                                                                                                                                                                                                                                                                                                                                                ; sld_hub                                          ; altera_sld   ;
;       |alt_sld_fab_with_jtag_input:\instrumentation_fabric_with_node_gen:fabric_gen_new_way:with_jtag_input_gen:instrumentation_fabric| ; 165 (0)     ; 85 (0)                    ; 0 (0)         ; 0           ; 0    ; 0          ; 0            ; 0       ; 0         ; 0    ; 0            ; 80 (0)       ; 17 (0)            ; 68 (0)           ; 0          ; |servo_ua_top|sld_hub:auto_hub|alt_sld_fab_with_jtag_input:\instrumentation_fabric_with_node_gen:fabric_gen_new_way:with_jtag_input_gen:instrumentation_fabric                                                                                                                                                                                                                                                                ; alt_sld_fab_with_jtag_input                      ; altera_sld   ;
;          |alt_sld_fab:instrumentation_fabric|                                                                                           ; 165 (0)     ; 85 (0)                    ; 0 (0)         ; 0           ; 0    ; 0          ; 0            ; 0       ; 0         ; 0    ; 0            ; 80 (0)       ; 17 (0)            ; 68 (0)           ; 0          ; |servo_ua_top|sld_hub:auto_hub|alt_sld_fab_with_jtag_input:\instrumentation_fabric_with_node_gen:fabric_gen_new_way:with_jtag_input_gen:instrumentation_fabric|alt_sld_fab:instrumentation_fabric                                                                                                                                                                                                                             ; alt_sld_fab                                      ; alt_sld_fab  ;
;             |alt_sld_fab_alt_sld_fab:alt_sld_fab|                                                                                       ; 165 (7)     ; 85 (6)                    ; 0 (0)         ; 0           ; 0    ; 0          ; 0            ; 0       ; 0         ; 0    ; 0            ; 80 (1)       ; 17 (4)            ; 68 (0)           ; 0          ; |servo_ua_top|sld_hub:auto_hub|alt_sld_fab_with_jtag_input:\instrumentation_fabric_with_node_gen:fabric_gen_new_way:with_jtag_input_gen:instrumentation_fabric|alt_sld_fab:instrumentation_fabric|alt_sld_fab_alt_sld_fab:alt_sld_fab                                                                                                                                                                                         ; alt_sld_fab_alt_sld_fab                          ; alt_sld_fab  ;
;                |alt_sld_fab_alt_sld_fab_sldfabric:sldfabric|                                                                            ; 160 (0)     ; 79 (0)                    ; 0 (0)         ; 0           ; 0    ; 0          ; 0            ; 0       ; 0         ; 0    ; 0            ; 79 (0)       ; 13 (0)            ; 68 (0)           ; 0          ; |servo_ua_top|sld_hub:auto_hub|alt_sld_fab_with_jtag_input:\instrumentation_fabric_with_node_gen:fabric_gen_new_way:with_jtag_input_gen:instrumentation_fabric|alt_sld_fab:instrumentation_fabric|alt_sld_fab_alt_sld_fab:alt_sld_fab|alt_sld_fab_alt_sld_fab_sldfabric:sldfabric                                                                                                                                             ; alt_sld_fab_alt_sld_fab_sldfabric                ; alt_sld_fab  ;
;                   |sld_jtag_hub:\jtag_hub_gen:real_sld_jtag_hub|                                                                        ; 160 (116)   ; 79 (51)                   ; 0 (0)         ; 0           ; 0    ; 0          ; 0            ; 0       ; 0         ; 0    ; 0            ; 79 (63)      ; 13 (12)           ; 68 (42)          ; 0          ; |servo_ua_top|sld_hub:auto_hub|alt_sld_fab_with_jtag_input:\instrumentation_fabric_with_node_gen:fabric_gen_new_way:with_jtag_input_gen:instrumentation_fabric|alt_sld_fab:instrumentation_fabric|alt_sld_fab_alt_sld_fab:alt_sld_fab|alt_sld_fab_alt_sld_fab_sldfabric:sldfabric|sld_jtag_hub:\jtag_hub_gen:real_sld_jtag_hub                                                                                                ; sld_jtag_hub                                     ; work         ;
;                      |sld_rom_sr:hub_info_reg|                                                                                          ; 24 (24)     ; 9 (9)                     ; 0 (0)         ; 0           ; 0    ; 0          ; 0            ; 0       ; 0         ; 0    ; 0            ; 15 (15)      ; 0 (0)             ; 9 (9)            ; 0          ; |servo_ua_top|sld_hub:auto_hub|alt_sld_fab_with_jtag_input:\instrumentation_fabric_with_node_gen:fabric_gen_new_way:with_jtag_input_gen:instrumentation_fabric|alt_sld_fab:instrumentation_fabric|alt_sld_fab_alt_sld_fab:alt_sld_fab|alt_sld_fab_alt_sld_fab_sldfabric:sldfabric|sld_jtag_hub:\jtag_hub_gen:real_sld_jtag_hub|sld_rom_sr:hub_info_reg                                                                        ; sld_rom_sr                                       ; work         ;
;                      |sld_shadow_jsm:shadow_jsm|                                                                                        ; 20 (20)     ; 19 (19)                   ; 0 (0)         ; 0           ; 0    ; 0          ; 0            ; 0       ; 0         ; 0    ; 0            ; 1 (1)        ; 1 (1)             ; 18 (18)          ; 0          ; |servo_ua_top|sld_hub:auto_hub|alt_sld_fab_with_jtag_input:\instrumentation_fabric_with_node_gen:fabric_gen_new_way:with_jtag_input_gen:instrumentation_fabric|alt_sld_fab:instrumentation_fabric|alt_sld_fab_alt_sld_fab:alt_sld_fab|alt_sld_fab_alt_sld_fab_sldfabric:sldfabric|sld_jtag_hub:\jtag_hub_gen:real_sld_jtag_hub|sld_shadow_jsm:shadow_jsm                                                                      ; sld_shadow_jsm                                   ; altera_sld   ;
+-----------------------------------------------------------------------------------------------------------------------------------------+-------------+---------------------------+---------------+-------------+------+------------+--------------+---------+-----------+------+--------------+--------------+-------------------+------------------+------------+-------------------------------------------------------------------------------------------------------------------------------------------------------------------------------------------------------------------------------------------------------------------------------------------------------------------------------------------------------------------------------------------------------------------------------+--------------------------------------------------+--------------+
Note: For table entries with two numbers listed, the numbers in parentheses indicate the number of resources of the given type used by the specific entity alone. The numbers listed outside of parentheses indicate the total resources of the given type used by the specific entity and all of its sub-entities in the hierarchy.


+-------------------------------------------------------------------------------------------+
; Delay Chain Summary                                                                       ;
+-----------+----------+---------------+---------------+-----------------------+-----+------+
; Name      ; Pin Type ; Pad to Core 0 ; Pad to Core 1 ; Pad to Input Register ; TCO ; TCOE ;
+-----------+----------+---------------+---------------+-----------------------+-----+------+
; uart_tx   ; Output   ; --            ; --            ; --                    ; --  ; --   ;
; servo_pwm ; Output   ; --            ; --            ; --                    ; --  ; --   ;
; i2c_sda   ; Bidir    ; --            ; (6) 873 ps    ; --                    ; --  ; --   ;
; i2c_scl   ; Bidir    ; (6) 873 ps    ; --            ; --                    ; --  ; --   ;
; clk_50    ; Input    ; (0) 0 ps      ; --            ; --                    ; --  ; --   ;
; reset_n   ; Input    ; --            ; (6) 873 ps    ; --                    ; --  ; --   ;
; uart_rx   ; Input    ; --            ; (6) 873 ps    ; --                    ; --  ; --   ;
+-----------+----------+---------------+---------------+-----------------------+-----+------+


+----------------------------------------------------------------------------------------------------------------------------------------------------------------------------------+
; Pad To Core Delay Chain Fanout                                                                                                                                                   ;
+----------------------------------------------------------------------------------------------------------------------------------------------------+-------------------+---------+
; Source Pin / Fanout                                                                                                                                ; Pad To Core Index ; Setting ;
+----------------------------------------------------------------------------------------------------------------------------------------------------+-------------------+---------+
; i2c_sda                                                                                                                                            ;                   ;         ;
;      - servo_ua:U_NIOS|altera_avalon_i2c:i2c_0|altera_avalon_i2c_spksupp:u_spksupp|sda_doublesync_a~0                                              ; 1                 ; 6       ;
; i2c_scl                                                                                                                                            ;                   ;         ;
;      - servo_ua:U_NIOS|altera_avalon_i2c:i2c_0|altera_avalon_i2c_spksupp:u_spksupp|scl_doublesync_a~0                                              ; 0                 ; 6       ;
; clk_50                                                                                                                                             ;                   ;         ;
; reset_n                                                                                                                                            ;                   ;         ;
;      - pwm:U_PWM|pwm_out~1                                                                                                                         ; 1                 ; 6       ;
;      - pwm:U_PWM|counter[12]~54                                                                                                                    ; 1                 ; 6       ;
;      - servo_ua:U_NIOS|altera_reset_controller:rst_controller|merged_reset~0                                                                       ; 1                 ; 6       ;
; uart_rx                                                                                                                                            ;                   ;         ;
;      - servo_ua:U_NIOS|servo_ua_uart_0:uart_0|servo_ua_uart_0_rx:the_servo_ua_uart_0_rx|altera_std_synchronizer:the_altera_std_synchronizer|din_s1 ; 1                 ; 6       ;
+----------------------------------------------------------------------------------------------------------------------------------------------------+-------------------+---------+


+------------------------------------------------------------------------------------------------------------------------------------------------------------------------------------------------------------------------------------------------------------------------------------------------------------------------------------------------------------------------------------------------------------------------------------------------------------------------------------------------------------------------------+
; Control Signals                                                                                                                                                                                                                                                                                                                                                                                                                                                                                                              ;
+-----------------------------------------------------------------------------------------------------------------------------------------------------------------------------------------------------------------------------------------------------------------------------------------------------------------------------------------------------------------------------------+--------------------+---------+----------------------------+--------+----------------------+------------------+---------------------------+
; Name                                                                                                                                                                                                                                                                                                                                                                              ; Location           ; Fan-Out ; Usage                      ; Global ; Global Resource Used ; Global Line Name ; Enable Signal Source Name ;
+-----------------------------------------------------------------------------------------------------------------------------------------------------------------------------------------------------------------------------------------------------------------------------------------------------------------------------------------------------------------------------------+--------------------+---------+----------------------------+--------+----------------------+------------------+---------------------------+
; altera_internal_jtag~TCKUTAP                                                                                                                                                                                                                                                                                                                                                      ; JTAG_X10_Y11_N0    ; 171     ; Clock                      ; yes    ; Global Clock         ; GCLK4            ; --                        ;
; altera_internal_jtag~TMSUTAP                                                                                                                                                                                                                                                                                                                                                      ; JTAG_X10_Y11_N0    ; 22      ; Sync. clear                ; no     ; --                   ; --               ; --                        ;
; clk_50                                                                                                                                                                                                                                                                                                                                                                            ; PIN_26             ; 1198    ; Clock                      ; yes    ; Global Clock         ; GCLK2            ; --                        ;
; pwm:U_PWM|counter[12]~54                                                                                                                                                                                                                                                                                                                                                          ; LCCOMB_X14_Y5_N28  ; 20      ; Sync. clear                ; no     ; --                   ; --               ; --                        ;
; servo_ua:U_NIOS|altera_avalon_i2c:i2c_0|altera_avalon_i2c_clk_cnt:u_clk_cnt|clk_cnt[4]~18                                                                                                                                                                                                                                                                                         ; LCCOMB_X25_Y12_N26 ; 16      ; Sync. load                 ; no     ; --                   ; --               ; --                        ;
; servo_ua:U_NIOS|altera_avalon_i2c:i2c_0|altera_avalon_i2c_clk_cnt:u_clk_cnt|clk_cnt[4]~22                                                                                                                                                                                                                                                                                         ; LCCOMB_X28_Y12_N28 ; 16      ; Clock enable               ; no     ; --                   ; --               ; --                        ;
; servo_ua:U_NIOS|altera_avalon_i2c:i2c_0|altera_avalon_i2c_condt_det:u_condt_det|mst_arb_lost_reg                                                                                                                                                                                                                                                                                  ; FF_X28_Y9_N23      ; 9       ; Sync. load                 ; no     ; --                   ; --               ; --                        ;
; servo_ua:U_NIOS|altera_avalon_i2c:i2c_0|altera_avalon_i2c_csr:u_csr|ctrl_wren~0                                                                                                                                                                                                                                                                                                   ; LCCOMB_X22_Y12_N2  ; 6       ; Clock enable               ; no     ; --                   ; --               ; --                        ;
; servo_ua:U_NIOS|altera_avalon_i2c:i2c_0|altera_avalon_i2c_csr:u_csr|iser_wren~1                                                                                                                                                                                                                                                                                                   ; LCCOMB_X22_Y12_N6  ; 5       ; Clock enable               ; no     ; --                   ; --               ; --                        ;
; servo_ua:U_NIOS|altera_avalon_i2c:i2c_0|altera_avalon_i2c_csr:u_csr|scl_high_wren~0                                                                                                                                                                                                                                                                                               ; LCCOMB_X22_Y12_N18 ; 16      ; Clock enable               ; no     ; --                   ; --               ; --                        ;
; servo_ua:U_NIOS|altera_avalon_i2c:i2c_0|altera_avalon_i2c_csr:u_csr|scl_low_wren~1                                                                                                                                                                                                                                                                                                ; LCCOMB_X22_Y12_N14 ; 16      ; Clock enable               ; no     ; --                   ; --               ; --                        ;
; servo_ua:U_NIOS|altera_avalon_i2c:i2c_0|altera_avalon_i2c_csr:u_csr|sda_hold_wren~1                                                                                                                                                                                                                                                                                               ; LCCOMB_X22_Y12_N10 ; 16      ; Clock enable               ; no     ; --                   ; --               ; --                        ;
; servo_ua:U_NIOS|altera_avalon_i2c:i2c_0|altera_avalon_i2c_fifo:u_rxfifo|internal_used[1]~7                                                                                                                                                                                                                                                                                        ; LCCOMB_X27_Y11_N4  ; 3       ; Clock enable               ; no     ; --                   ; --               ; --                        ;
; servo_ua:U_NIOS|altera_avalon_i2c:i2c_0|altera_avalon_i2c_fifo:u_txfifo|internal_used[2]~7                                                                                                                                                                                                                                                                                        ; LCCOMB_X24_Y11_N6  ; 3       ; Clock enable               ; no     ; --                   ; --               ; --                        ;
; servo_ua:U_NIOS|altera_avalon_i2c:i2c_0|altera_avalon_i2c_fifo:u_txfifo|read_address[0]~1                                                                                                                                                                                                                                                                                         ; LCCOMB_X25_Y11_N14 ; 2       ; Clock enable               ; no     ; --                   ; --               ; --                        ;
; servo_ua:U_NIOS|altera_avalon_i2c:i2c_0|altera_avalon_i2c_mstfsm:u_mstfsm|Selector3~2                                                                                                                                                                                                                                                                                             ; LCCOMB_X25_Y11_N24 ; 14      ; Clock enable               ; no     ; --                   ; --               ; --                        ;
; servo_ua:U_NIOS|altera_avalon_i2c:i2c_0|altera_avalon_i2c_spksupp:u_spksupp|scl_clear_cnt~0                                                                                                                                                                                                                                                                                       ; LCCOMB_X4_Y7_N10   ; 8       ; Sync. clear                ; no     ; --                   ; --               ; --                        ;
; servo_ua:U_NIOS|altera_avalon_i2c:i2c_0|altera_avalon_i2c_spksupp:u_spksupp|sda_clear_cnt~0                                                                                                                                                                                                                                                                                       ; LCCOMB_X18_Y22_N10 ; 8       ; Sync. clear                ; no     ; --                   ; --               ; --                        ;
; servo_ua:U_NIOS|altera_avalon_i2c:i2c_0|put_rxfifo                                                                                                                                                                                                                                                                                                                                ; LCCOMB_X27_Y11_N10 ; 4       ; Write enable               ; no     ; --                   ; --               ; --                        ;
; servo_ua:U_NIOS|altera_avalon_i2c:i2c_0|put_txfifo~0                                                                                                                                                                                                                                                                                                                              ; LCCOMB_X23_Y11_N0  ; 6       ; Write enable               ; no     ; --                   ; --               ; --                        ;
; servo_ua:U_NIOS|altera_reset_controller:rst_controller|merged_reset~0                                                                                                                                                                                                                                                                                                             ; LCCOMB_X20_Y3_N4   ; 3       ; Async. clear               ; yes    ; Global Clock         ; GCLK7            ; --                        ;
; servo_ua:U_NIOS|altera_reset_controller:rst_controller|r_early_rst                                                                                                                                                                                                                                                                                                                ; FF_X14_Y7_N1       ; 17      ; Clock enable               ; no     ; --                   ; --               ; --                        ;
; servo_ua:U_NIOS|altera_reset_controller:rst_controller|r_sync_rst                                                                                                                                                                                                                                                                                                                 ; FF_X14_Y7_N9       ; 919     ; Async. clear               ; yes    ; Global Clock         ; GCLK1            ; --                        ;
; servo_ua:U_NIOS|servo_ua_jtag_uart_0:jtag_uart_0|alt_jtag_atlantic:servo_ua_jtag_uart_0_alt_jtag_atlantic|r_ena~0                                                                                                                                                                                                                                                                 ; LCCOMB_X12_Y13_N28 ; 1       ; Clock enable               ; no     ; --                   ; --               ; --                        ;
; servo_ua:U_NIOS|servo_ua_jtag_uart_0:jtag_uart_0|alt_jtag_atlantic:servo_ua_jtag_uart_0_alt_jtag_atlantic|td_shift[0]~4                                                                                                                                                                                                                                                           ; LCCOMB_X13_Y18_N16 ; 21      ; Clock enable               ; no     ; --                   ; --               ; --                        ;
; servo_ua:U_NIOS|servo_ua_jtag_uart_0:jtag_uart_0|alt_jtag_atlantic:servo_ua_jtag_uart_0_alt_jtag_atlantic|wdata[1]~1                                                                                                                                                                                                                                                              ; LCCOMB_X12_Y15_N16 ; 8       ; Clock enable               ; no     ; --                   ; --               ; --                        ;
; servo_ua:U_NIOS|servo_ua_jtag_uart_0:jtag_uart_0|alt_jtag_atlantic:servo_ua_jtag_uart_0_alt_jtag_atlantic|write_stalled~1                                                                                                                                                                                                                                                         ; LCCOMB_X12_Y15_N26 ; 5       ; Clock enable               ; no     ; --                   ; --               ; --                        ;
; servo_ua:U_NIOS|servo_ua_jtag_uart_0:jtag_uart_0|fifo_rd~1                                                                                                                                                                                                                                                                                                                        ; LCCOMB_X15_Y11_N8  ; 11      ; Clock enable               ; no     ; --                   ; --               ; --                        ;
; servo_ua:U_NIOS|servo_ua_jtag_uart_0:jtag_uart_0|fifo_wr                                                                                                                                                                                                                                                                                                                          ; FF_X18_Y9_N25      ; 15      ; Clock enable, Write enable ; no     ; --                   ; --               ; --                        ;
; servo_ua:U_NIOS|servo_ua_jtag_uart_0:jtag_uart_0|ien_AE~0                                                                                                                                                                                                                                                                                                                         ; LCCOMB_X19_Y10_N28 ; 3       ; Clock enable               ; no     ; --                   ; --               ; --                        ;
; servo_ua:U_NIOS|servo_ua_jtag_uart_0:jtag_uart_0|r_val~0                                                                                                                                                                                                                                                                                                                          ; LCCOMB_X12_Y13_N24 ; 11      ; Clock enable               ; no     ; --                   ; --               ; --                        ;
; servo_ua:U_NIOS|servo_ua_jtag_uart_0:jtag_uart_0|read_0                                                                                                                                                                                                                                                                                                                           ; FF_X15_Y11_N21     ; 16      ; Sync. load                 ; no     ; --                   ; --               ; --                        ;
; servo_ua:U_NIOS|servo_ua_jtag_uart_0:jtag_uart_0|servo_ua_jtag_uart_0_scfifo_r:the_servo_ua_jtag_uart_0_scfifo_r|scfifo:rfifo|scfifo_9621:auto_generated|a_dpfifo_bb01:dpfifo|a_fefifo_7cf:fifo_state|_~4                                                                                                                                                                         ; LCCOMB_X15_Y11_N2  ; 6       ; Clock enable               ; no     ; --                   ; --               ; --                        ;
; servo_ua:U_NIOS|servo_ua_jtag_uart_0:jtag_uart_0|servo_ua_jtag_uart_0_scfifo_w:the_servo_ua_jtag_uart_0_scfifo_w|scfifo:wfifo|scfifo_9621:auto_generated|a_dpfifo_bb01:dpfifo|a_fefifo_7cf:fifo_state|_~0                                                                                                                                                                         ; LCCOMB_X9_Y9_N28   ; 6       ; Clock enable               ; no     ; --                   ; --               ; --                        ;
; servo_ua:U_NIOS|servo_ua_jtag_uart_0:jtag_uart_0|wr_rfifo                                                                                                                                                                                                                                                                                                                         ; LCCOMB_X13_Y11_N0  ; 13      ; Clock enable, Write enable ; no     ; --                   ; --               ; --                        ;
; servo_ua:U_NIOS|servo_ua_mm_interconnect_0:mm_interconnect_0|altera_avalon_sc_fifo:i2c_0_csr_agent_rsp_fifo|always0~0                                                                                                                                                                                                                                                             ; LCCOMB_X17_Y15_N18 ; 2       ; Clock enable               ; no     ; --                   ; --               ; --                        ;
; servo_ua:U_NIOS|servo_ua_mm_interconnect_0:mm_interconnect_0|altera_avalon_sc_fifo:i2c_0_csr_agent_rsp_fifo|always1~0                                                                                                                                                                                                                                                             ; LCCOMB_X17_Y15_N0  ; 2       ; Clock enable               ; no     ; --                   ; --               ; --                        ;
; servo_ua:U_NIOS|servo_ua_mm_interconnect_0:mm_interconnect_0|altera_avalon_sc_fifo:i2c_0_csr_agent_rsp_fifo|mem_used[0]~5                                                                                                                                                                                                                                                         ; LCCOMB_X17_Y15_N28 ; 2       ; Clock enable               ; no     ; --                   ; --               ; --                        ;
; servo_ua:U_NIOS|servo_ua_mm_interconnect_0:mm_interconnect_0|altera_avalon_sc_fifo:jtag_uart_0_avalon_jtag_slave_agent_rsp_fifo|mem_used[1]~0                                                                                                                                                                                                                                     ; LCCOMB_X18_Y7_N26  ; 3       ; Clock enable               ; no     ; --                   ; --               ; --                        ;
; servo_ua:U_NIOS|servo_ua_mm_interconnect_0:mm_interconnect_0|altera_avalon_sc_fifo:nios2_gen2_0_debug_mem_slave_agent_rsp_fifo|mem_used[1]~0                                                                                                                                                                                                                                      ; LCCOMB_X19_Y13_N14 ; 3       ; Clock enable               ; no     ; --                   ; --               ; --                        ;
; servo_ua:U_NIOS|servo_ua_mm_interconnect_0:mm_interconnect_0|altera_avalon_sc_fifo:onchip_memory2_0_s1_agent_rsp_fifo|mem_used[1]~0                                                                                                                                                                                                                                               ; LCCOMB_X16_Y9_N24  ; 3       ; Clock enable               ; no     ; --                   ; --               ; --                        ;
; servo_ua:U_NIOS|servo_ua_mm_interconnect_0:mm_interconnect_0|altera_avalon_sc_fifo:pio_0_s1_agent_rsp_fifo|mem_used[1]~0                                                                                                                                                                                                                                                          ; LCCOMB_X16_Y12_N2  ; 3       ; Clock enable               ; no     ; --                   ; --               ; --                        ;
; servo_ua:U_NIOS|servo_ua_mm_interconnect_0:mm_interconnect_0|altera_avalon_sc_fifo:uart_0_s1_agent_rsp_fifo|mem_used[1]~0                                                                                                                                                                                                                                                         ; LCCOMB_X17_Y9_N18  ; 3       ; Clock enable               ; no     ; --                   ; --               ; --                        ;
; servo_ua:U_NIOS|servo_ua_mm_interconnect_0:mm_interconnect_0|servo_ua_mm_interconnect_0_cmd_mux:cmd_mux_001|altera_merlin_arbitrator:arb|top_priority_reg[0]~2                                                                                                                                                                                                                    ; LCCOMB_X15_Y12_N28 ; 2       ; Clock enable               ; no     ; --                   ; --               ; --                        ;
; servo_ua:U_NIOS|servo_ua_mm_interconnect_0:mm_interconnect_0|servo_ua_mm_interconnect_0_cmd_mux:cmd_mux_001|update_grant~1                                                                                                                                                                                                                                                        ; LCCOMB_X17_Y15_N26 ; 4       ; Clock enable               ; no     ; --                   ; --               ; --                        ;
; servo_ua:U_NIOS|servo_ua_mm_interconnect_0:mm_interconnect_0|servo_ua_mm_interconnect_0_cmd_mux:cmd_mux_002|altera_merlin_arbitrator:arb|top_priority_reg[0]~0                                                                                                                                                                                                                    ; LCCOMB_X18_Y15_N26 ; 2       ; Clock enable               ; no     ; --                   ; --               ; --                        ;
; servo_ua:U_NIOS|servo_ua_mm_interconnect_0:mm_interconnect_0|servo_ua_mm_interconnect_0_cmd_mux:cmd_mux_002|update_grant~1                                                                                                                                                                                                                                                        ; LCCOMB_X19_Y13_N22 ; 4       ; Clock enable               ; no     ; --                   ; --               ; --                        ;
; servo_ua:U_NIOS|servo_ua_mm_interconnect_0:mm_interconnect_0|servo_ua_mm_interconnect_0_cmd_mux:cmd_mux_003|altera_merlin_arbitrator:arb|top_priority_reg[0]~2                                                                                                                                                                                                                    ; LCCOMB_X15_Y13_N2  ; 2       ; Clock enable               ; no     ; --                   ; --               ; --                        ;
; servo_ua:U_NIOS|servo_ua_mm_interconnect_0:mm_interconnect_0|servo_ua_mm_interconnect_0_cmd_mux:cmd_mux_003|update_grant~1                                                                                                                                                                                                                                                        ; LCCOMB_X15_Y13_N24 ; 4       ; Clock enable               ; no     ; --                   ; --               ; --                        ;
; servo_ua:U_NIOS|servo_ua_mm_interconnect_0:mm_interconnect_0|servo_ua_mm_interconnect_0_cmd_mux:cmd_mux_004|altera_merlin_arbitrator:arb|top_priority_reg[0]~0                                                                                                                                                                                                                    ; LCCOMB_X18_Y11_N0  ; 2       ; Clock enable               ; no     ; --                   ; --               ; --                        ;
; servo_ua:U_NIOS|servo_ua_mm_interconnect_0:mm_interconnect_0|servo_ua_mm_interconnect_0_cmd_mux:cmd_mux_004|update_grant~1                                                                                                                                                                                                                                                        ; LCCOMB_X13_Y12_N20 ; 4       ; Clock enable               ; no     ; --                   ; --               ; --                        ;
; servo_ua:U_NIOS|servo_ua_mm_interconnect_0:mm_interconnect_0|servo_ua_mm_interconnect_0_cmd_mux:cmd_mux_005|altera_merlin_arbitrator:arb|top_priority_reg[0]~2                                                                                                                                                                                                                    ; LCCOMB_X15_Y12_N26 ; 2       ; Clock enable               ; no     ; --                   ; --               ; --                        ;
; servo_ua:U_NIOS|servo_ua_mm_interconnect_0:mm_interconnect_0|servo_ua_mm_interconnect_0_cmd_mux:cmd_mux_005|update_grant~1                                                                                                                                                                                                                                                        ; LCCOMB_X15_Y12_N10 ; 4       ; Clock enable               ; no     ; --                   ; --               ; --                        ;
; servo_ua:U_NIOS|servo_ua_mm_interconnect_0:mm_interconnect_0|servo_ua_mm_interconnect_0_cmd_mux:cmd_mux|altera_merlin_arbitrator:arb|top_priority_reg[0]~0                                                                                                                                                                                                                        ; LCCOMB_X14_Y12_N28 ; 2       ; Clock enable               ; no     ; --                   ; --               ; --                        ;
; servo_ua:U_NIOS|servo_ua_mm_interconnect_0:mm_interconnect_0|servo_ua_mm_interconnect_0_cmd_mux:cmd_mux|update_grant~1                                                                                                                                                                                                                                                            ; LCCOMB_X14_Y12_N2  ; 4       ; Clock enable               ; no     ; --                   ; --               ; --                        ;
; servo_ua:U_NIOS|servo_ua_nios2_gen2_0:nios2_gen2_0|servo_ua_nios2_gen2_0_cpu:cpu|D_ctrl_mem8~1                                                                                                                                                                                                                                                                                    ; LCCOMB_X27_Y17_N22 ; 12      ; Sync. load                 ; no     ; --                   ; --               ; --                        ;
; servo_ua:U_NIOS|servo_ua_nios2_gen2_0:nios2_gen2_0|servo_ua_nios2_gen2_0_cpu:cpu|D_iw[2]                                                                                                                                                                                                                                                                                          ; FF_X19_Y14_N1      ; 26      ; Sync. clear                ; no     ; --                   ; --               ; --                        ;
; servo_ua:U_NIOS|servo_ua_nios2_gen2_0:nios2_gen2_0|servo_ua_nios2_gen2_0_cpu:cpu|E_alu_result~0                                                                                                                                                                                                                                                                                   ; LCCOMB_X19_Y18_N18 ; 61      ; Sync. clear                ; no     ; --                   ; --               ; --                        ;
; servo_ua:U_NIOS|servo_ua_nios2_gen2_0:nios2_gen2_0|servo_ua_nios2_gen2_0_cpu:cpu|E_new_inst                                                                                                                                                                                                                                                                                       ; FF_X19_Y16_N29     ; 42      ; Sync. load                 ; no     ; --                   ; --               ; --                        ;
; servo_ua:U_NIOS|servo_ua_nios2_gen2_0:nios2_gen2_0|servo_ua_nios2_gen2_0_cpu:cpu|E_valid_from_R                                                                                                                                                                                                                                                                                   ; FF_X19_Y16_N15     ; 28      ; Clock enable               ; no     ; --                   ; --               ; --                        ;
; servo_ua:U_NIOS|servo_ua_nios2_gen2_0:nios2_gen2_0|servo_ua_nios2_gen2_0_cpu:cpu|F_valid~0                                                                                                                                                                                                                                                                                        ; LCCOMB_X20_Y12_N12 ; 34      ; Clock enable               ; no     ; --                   ; --               ; --                        ;
; servo_ua:U_NIOS|servo_ua_nios2_gen2_0:nios2_gen2_0|servo_ua_nios2_gen2_0_cpu:cpu|R_ctrl_hi_imm16                                                                                                                                                                                                                                                                                  ; FF_X22_Y17_N23     ; 18      ; Sync. load                 ; no     ; --                   ; --               ; --                        ;
; servo_ua:U_NIOS|servo_ua_nios2_gen2_0:nios2_gen2_0|servo_ua_nios2_gen2_0_cpu:cpu|R_ctrl_shift_rot                                                                                                                                                                                                                                                                                 ; FF_X17_Y17_N11     ; 33      ; Sync. load                 ; no     ; --                   ; --               ; --                        ;
; servo_ua:U_NIOS|servo_ua_nios2_gen2_0:nios2_gen2_0|servo_ua_nios2_gen2_0_cpu:cpu|R_src1~37                                                                                                                                                                                                                                                                                        ; LCCOMB_X20_Y17_N20 ; 32      ; Sync. load                 ; no     ; --                   ; --               ; --                        ;
; servo_ua:U_NIOS|servo_ua_nios2_gen2_0:nios2_gen2_0|servo_ua_nios2_gen2_0_cpu:cpu|R_src2_hi~2                                                                                                                                                                                                                                                                                      ; LCCOMB_X23_Y19_N22 ; 15      ; Sync. clear                ; no     ; --                   ; --               ; --                        ;
; servo_ua:U_NIOS|servo_ua_nios2_gen2_0:nios2_gen2_0|servo_ua_nios2_gen2_0_cpu:cpu|W_ienable_reg_nxt~0                                                                                                                                                                                                                                                                              ; LCCOMB_X16_Y17_N30 ; 3       ; Clock enable               ; no     ; --                   ; --               ; --                        ;
; servo_ua:U_NIOS|servo_ua_nios2_gen2_0:nios2_gen2_0|servo_ua_nios2_gen2_0_cpu:cpu|W_rf_wren                                                                                                                                                                                                                                                                                        ; LCCOMB_X19_Y10_N4  ; 2       ; Write enable               ; no     ; --                   ; --               ; --                        ;
; servo_ua:U_NIOS|servo_ua_nios2_gen2_0:nios2_gen2_0|servo_ua_nios2_gen2_0_cpu:cpu|W_valid                                                                                                                                                                                                                                                                                          ; FF_X19_Y16_N27     ; 17      ; Clock enable               ; no     ; --                   ; --               ; --                        ;
; servo_ua:U_NIOS|servo_ua_nios2_gen2_0:nios2_gen2_0|servo_ua_nios2_gen2_0_cpu:cpu|av_ld_byte0_data[6]~0                                                                                                                                                                                                                                                                            ; LCCOMB_X22_Y18_N22 ; 8       ; Clock enable               ; no     ; --                   ; --               ; --                        ;
; servo_ua:U_NIOS|servo_ua_nios2_gen2_0:nios2_gen2_0|servo_ua_nios2_gen2_0_cpu:cpu|av_ld_byte1_data_en~0                                                                                                                                                                                                                                                                            ; LCCOMB_X22_Y18_N4  ; 8       ; Clock enable               ; no     ; --                   ; --               ; --                        ;
; servo_ua:U_NIOS|servo_ua_nios2_gen2_0:nios2_gen2_0|servo_ua_nios2_gen2_0_cpu:cpu|av_ld_rshift8~1                                                                                                                                                                                                                                                                                  ; LCCOMB_X22_Y18_N26 ; 32      ; Clock enable, Sync. load   ; no     ; --                   ; --               ; --                        ;
; servo_ua:U_NIOS|servo_ua_nios2_gen2_0:nios2_gen2_0|servo_ua_nios2_gen2_0_cpu:cpu|servo_ua_nios2_gen2_0_cpu_nios2_oci:the_servo_ua_nios2_gen2_0_cpu_nios2_oci|address[8]                                                                                                                                                                                                           ; FF_X18_Y10_N9      ; 37      ; Sync. load                 ; no     ; --                   ; --               ; --                        ;
; servo_ua:U_NIOS|servo_ua_nios2_gen2_0:nios2_gen2_0|servo_ua_nios2_gen2_0_cpu:cpu|servo_ua_nios2_gen2_0_cpu_nios2_oci:the_servo_ua_nios2_gen2_0_cpu_nios2_oci|servo_ua_nios2_gen2_0_cpu_debug_slave_wrapper:the_servo_ua_nios2_gen2_0_cpu_debug_slave_wrapper|servo_ua_nios2_gen2_0_cpu_debug_slave_sysclk:the_servo_ua_nios2_gen2_0_cpu_debug_slave_sysclk|jxuir                  ; FF_X19_Y5_N3       ; 2       ; Clock enable               ; no     ; --                   ; --               ; --                        ;
; servo_ua:U_NIOS|servo_ua_nios2_gen2_0:nios2_gen2_0|servo_ua_nios2_gen2_0_cpu:cpu|servo_ua_nios2_gen2_0_cpu_nios2_oci:the_servo_ua_nios2_gen2_0_cpu_nios2_oci|servo_ua_nios2_gen2_0_cpu_debug_slave_wrapper:the_servo_ua_nios2_gen2_0_cpu_debug_slave_wrapper|servo_ua_nios2_gen2_0_cpu_debug_slave_sysclk:the_servo_ua_nios2_gen2_0_cpu_debug_slave_sysclk|take_action_ocimem_a   ; LCCOMB_X18_Y9_N0   ; 5       ; Clock enable, Sync. load   ; no     ; --                   ; --               ; --                        ;
; servo_ua:U_NIOS|servo_ua_nios2_gen2_0:nios2_gen2_0|servo_ua_nios2_gen2_0_cpu:cpu|servo_ua_nios2_gen2_0_cpu_nios2_oci:the_servo_ua_nios2_gen2_0_cpu_nios2_oci|servo_ua_nios2_gen2_0_cpu_debug_slave_wrapper:the_servo_ua_nios2_gen2_0_cpu_debug_slave_wrapper|servo_ua_nios2_gen2_0_cpu_debug_slave_sysclk:the_servo_ua_nios2_gen2_0_cpu_debug_slave_sysclk|take_action_ocimem_a~0 ; LCCOMB_X16_Y5_N30  ; 16      ; Clock enable               ; no     ; --                   ; --               ; --                        ;
; servo_ua:U_NIOS|servo_ua_nios2_gen2_0:nios2_gen2_0|servo_ua_nios2_gen2_0_cpu:cpu|servo_ua_nios2_gen2_0_cpu_nios2_oci:the_servo_ua_nios2_gen2_0_cpu_nios2_oci|servo_ua_nios2_gen2_0_cpu_debug_slave_wrapper:the_servo_ua_nios2_gen2_0_cpu_debug_slave_wrapper|servo_ua_nios2_gen2_0_cpu_debug_slave_sysclk:the_servo_ua_nios2_gen2_0_cpu_debug_slave_sysclk|take_action_ocimem_a~1 ; LCCOMB_X16_Y5_N10  ; 10      ; Clock enable               ; no     ; --                   ; --               ; --                        ;
; servo_ua:U_NIOS|servo_ua_nios2_gen2_0:nios2_gen2_0|servo_ua_nios2_gen2_0_cpu:cpu|servo_ua_nios2_gen2_0_cpu_nios2_oci:the_servo_ua_nios2_gen2_0_cpu_nios2_oci|servo_ua_nios2_gen2_0_cpu_debug_slave_wrapper:the_servo_ua_nios2_gen2_0_cpu_debug_slave_wrapper|servo_ua_nios2_gen2_0_cpu_debug_slave_sysclk:the_servo_ua_nios2_gen2_0_cpu_debug_slave_sysclk|take_action_ocimem_b   ; LCCOMB_X16_Y5_N16  ; 37      ; Sync. load                 ; no     ; --                   ; --               ; --                        ;
; servo_ua:U_NIOS|servo_ua_nios2_gen2_0:nios2_gen2_0|servo_ua_nios2_gen2_0_cpu:cpu|servo_ua_nios2_gen2_0_cpu_nios2_oci:the_servo_ua_nios2_gen2_0_cpu_nios2_oci|servo_ua_nios2_gen2_0_cpu_debug_slave_wrapper:the_servo_ua_nios2_gen2_0_cpu_debug_slave_wrapper|servo_ua_nios2_gen2_0_cpu_debug_slave_sysclk:the_servo_ua_nios2_gen2_0_cpu_debug_slave_sysclk|update_jdo_strobe      ; FF_X11_Y13_N9      ; 39      ; Clock enable               ; no     ; --                   ; --               ; --                        ;
; servo_ua:U_NIOS|servo_ua_nios2_gen2_0:nios2_gen2_0|servo_ua_nios2_gen2_0_cpu:cpu|servo_ua_nios2_gen2_0_cpu_nios2_oci:the_servo_ua_nios2_gen2_0_cpu_nios2_oci|servo_ua_nios2_gen2_0_cpu_debug_slave_wrapper:the_servo_ua_nios2_gen2_0_cpu_debug_slave_wrapper|servo_ua_nios2_gen2_0_cpu_debug_slave_tck:the_servo_ua_nios2_gen2_0_cpu_debug_slave_tck|sr[33]~29                    ; LCCOMB_X16_Y8_N6   ; 18      ; Clock enable               ; no     ; --                   ; --               ; --                        ;
; servo_ua:U_NIOS|servo_ua_nios2_gen2_0:nios2_gen2_0|servo_ua_nios2_gen2_0_cpu:cpu|servo_ua_nios2_gen2_0_cpu_nios2_oci:the_servo_ua_nios2_gen2_0_cpu_nios2_oci|servo_ua_nios2_gen2_0_cpu_debug_slave_wrapper:the_servo_ua_nios2_gen2_0_cpu_debug_slave_wrapper|servo_ua_nios2_gen2_0_cpu_debug_slave_tck:the_servo_ua_nios2_gen2_0_cpu_debug_slave_tck|sr[36]~21                    ; LCCOMB_X16_Y8_N22  ; 2       ; Clock enable               ; no     ; --                   ; --               ; --                        ;
; servo_ua:U_NIOS|servo_ua_nios2_gen2_0:nios2_gen2_0|servo_ua_nios2_gen2_0_cpu:cpu|servo_ua_nios2_gen2_0_cpu_nios2_oci:the_servo_ua_nios2_gen2_0_cpu_nios2_oci|servo_ua_nios2_gen2_0_cpu_debug_slave_wrapper:the_servo_ua_nios2_gen2_0_cpu_debug_slave_wrapper|servo_ua_nios2_gen2_0_cpu_debug_slave_tck:the_servo_ua_nios2_gen2_0_cpu_debug_slave_tck|sr[5]~13                     ; LCCOMB_X15_Y8_N12  ; 13      ; Clock enable               ; no     ; --                   ; --               ; --                        ;
; servo_ua:U_NIOS|servo_ua_nios2_gen2_0:nios2_gen2_0|servo_ua_nios2_gen2_0_cpu:cpu|servo_ua_nios2_gen2_0_cpu_nios2_oci:the_servo_ua_nios2_gen2_0_cpu_nios2_oci|servo_ua_nios2_gen2_0_cpu_debug_slave_wrapper:the_servo_ua_nios2_gen2_0_cpu_debug_slave_wrapper|sld_virtual_jtag_basic:servo_ua_nios2_gen2_0_cpu_debug_slave_phy|virtual_state_sdr~0                                 ; LCCOMB_X15_Y8_N0   ; 39      ; Sync. load                 ; no     ; --                   ; --               ; --                        ;
; servo_ua:U_NIOS|servo_ua_nios2_gen2_0:nios2_gen2_0|servo_ua_nios2_gen2_0_cpu:cpu|servo_ua_nios2_gen2_0_cpu_nios2_oci:the_servo_ua_nios2_gen2_0_cpu_nios2_oci|servo_ua_nios2_gen2_0_cpu_debug_slave_wrapper:the_servo_ua_nios2_gen2_0_cpu_debug_slave_wrapper|sld_virtual_jtag_basic:servo_ua_nios2_gen2_0_cpu_debug_slave_phy|virtual_state_uir~0                                 ; LCCOMB_X15_Y8_N30  ; 4       ; Clock enable               ; no     ; --                   ; --               ; --                        ;
; servo_ua:U_NIOS|servo_ua_nios2_gen2_0:nios2_gen2_0|servo_ua_nios2_gen2_0_cpu:cpu|servo_ua_nios2_gen2_0_cpu_nios2_oci:the_servo_ua_nios2_gen2_0_cpu_nios2_oci|servo_ua_nios2_gen2_0_cpu_nios2_avalon_reg:the_servo_ua_nios2_gen2_0_cpu_nios2_avalon_reg|take_action_oci_intr_mask_reg~0                                                                                            ; LCCOMB_X22_Y9_N20  ; 4       ; Clock enable               ; no     ; --                   ; --               ; --                        ;
; servo_ua:U_NIOS|servo_ua_nios2_gen2_0:nios2_gen2_0|servo_ua_nios2_gen2_0_cpu:cpu|servo_ua_nios2_gen2_0_cpu_nios2_oci:the_servo_ua_nios2_gen2_0_cpu_nios2_oci|servo_ua_nios2_gen2_0_cpu_nios2_oci_break:the_servo_ua_nios2_gen2_0_cpu_nios2_oci_break|break_readreg[25]~1                                                                                                          ; LCCOMB_X16_Y5_N20  ; 61      ; Clock enable               ; no     ; --                   ; --               ; --                        ;
; servo_ua:U_NIOS|servo_ua_nios2_gen2_0:nios2_gen2_0|servo_ua_nios2_gen2_0_cpu:cpu|servo_ua_nios2_gen2_0_cpu_nios2_oci:the_servo_ua_nios2_gen2_0_cpu_nios2_oci|servo_ua_nios2_gen2_0_cpu_nios2_ocimem:the_servo_ua_nios2_gen2_0_cpu_nios2_ocimem|MonDReg[0]~8                                                                                                                       ; LCCOMB_X20_Y6_N0   ; 31      ; Clock enable               ; no     ; --                   ; --               ; --                        ;
; servo_ua:U_NIOS|servo_ua_nios2_gen2_0:nios2_gen2_0|servo_ua_nios2_gen2_0_cpu:cpu|servo_ua_nios2_gen2_0_cpu_nios2_oci:the_servo_ua_nios2_gen2_0_cpu_nios2_oci|servo_ua_nios2_gen2_0_cpu_nios2_ocimem:the_servo_ua_nios2_gen2_0_cpu_nios2_ocimem|ociram_reset_req                                                                                                                   ; LCCOMB_X19_Y9_N10  ; 2       ; Clock enable               ; no     ; --                   ; --               ; --                        ;
; servo_ua:U_NIOS|servo_ua_nios2_gen2_0:nios2_gen2_0|servo_ua_nios2_gen2_0_cpu:cpu|servo_ua_nios2_gen2_0_cpu_nios2_oci:the_servo_ua_nios2_gen2_0_cpu_nios2_oci|servo_ua_nios2_gen2_0_cpu_nios2_ocimem:the_servo_ua_nios2_gen2_0_cpu_nios2_ocimem|ociram_wr_en~1                                                                                                                     ; LCCOMB_X19_Y9_N24  ; 2       ; Read enable, Write enable  ; no     ; --                   ; --               ; --                        ;
; servo_ua:U_NIOS|servo_ua_onchip_memory2_0:onchip_memory2_0|wren~0                                                                                                                                                                                                                                                                                                                 ; LCCOMB_X15_Y10_N18 ; 16      ; Read enable, Write enable  ; no     ; --                   ; --               ; --                        ;
; servo_ua:U_NIOS|servo_ua_pio_0:pio_0|always0~1                                                                                                                                                                                                                                                                                                                                    ; LCCOMB_X17_Y13_N6  ; 8       ; Clock enable               ; no     ; --                   ; --               ; --                        ;
; servo_ua:U_NIOS|servo_ua_uart_0:uart_0|servo_ua_uart_0_regs:the_servo_ua_uart_0_regs|control_wr_strobe                                                                                                                                                                                                                                                                            ; LCCOMB_X17_Y10_N12 ; 10      ; Clock enable               ; no     ; --                   ; --               ; --                        ;
; servo_ua:U_NIOS|servo_ua_uart_0:uart_0|servo_ua_uart_0_rx:the_servo_ua_uart_0_rx|got_new_char                                                                                                                                                                                                                                                                                     ; LCCOMB_X16_Y6_N26  ; 10      ; Clock enable               ; no     ; --                   ; --               ; --                        ;
; servo_ua:U_NIOS|servo_ua_uart_0:uart_0|servo_ua_uart_0_rx:the_servo_ua_uart_0_rx|unxshiftxrxd_shift_regxshift_reg_start_bit_nxx6_out[6]~0                                                                                                                                                                                                                                         ; LCCOMB_X17_Y5_N20  ; 10      ; Clock enable               ; no     ; --                   ; --               ; --                        ;
; servo_ua:U_NIOS|servo_ua_uart_0:uart_0|servo_ua_uart_0_tx:the_servo_ua_uart_0_tx|always4~0                                                                                                                                                                                                                                                                                        ; LCCOMB_X15_Y7_N24  ; 9       ; Sync. load                 ; no     ; --                   ; --               ; --                        ;
; servo_ua:U_NIOS|servo_ua_uart_0:uart_0|servo_ua_uart_0_tx:the_servo_ua_uart_0_tx|tx_wr_strobe_onset~1                                                                                                                                                                                                                                                                             ; LCCOMB_X17_Y6_N2   ; 9       ; Clock enable               ; no     ; --                   ; --               ; --                        ;
; servo_ua:U_NIOS|servo_ua_uart_0:uart_0|servo_ua_uart_0_tx:the_servo_ua_uart_0_tx|unxshiftxtx_shift_register_contentsxtx_shift_reg_outxx5_in[0]~1                                                                                                                                                                                                                                  ; LCCOMB_X17_Y8_N14  ; 9       ; Clock enable               ; no     ; --                   ; --               ; --                        ;
; sld_hub:auto_hub|alt_sld_fab_with_jtag_input:\instrumentation_fabric_with_node_gen:fabric_gen_new_way:with_jtag_input_gen:instrumentation_fabric|alt_sld_fab:instrumentation_fabric|alt_sld_fab_alt_sld_fab:alt_sld_fab|alt_sld_fab_alt_sld_fab_sldfabric:sldfabric|sld_jtag_hub:\jtag_hub_gen:real_sld_jtag_hub|clr_reg                                                          ; FF_X11_Y17_N25     ; 59      ; Async. clear               ; no     ; --                   ; --               ; --                        ;
; sld_hub:auto_hub|alt_sld_fab_with_jtag_input:\instrumentation_fabric_with_node_gen:fabric_gen_new_way:with_jtag_input_gen:instrumentation_fabric|alt_sld_fab:instrumentation_fabric|alt_sld_fab_alt_sld_fab:alt_sld_fab|alt_sld_fab_alt_sld_fab_sldfabric:sldfabric|sld_jtag_hub:\jtag_hub_gen:real_sld_jtag_hub|design_hash_proc~0                                               ; LCCOMB_X13_Y16_N8  ; 4       ; Sync. load                 ; no     ; --                   ; --               ; --                        ;
; sld_hub:auto_hub|alt_sld_fab_with_jtag_input:\instrumentation_fabric_with_node_gen:fabric_gen_new_way:with_jtag_input_gen:instrumentation_fabric|alt_sld_fab:instrumentation_fabric|alt_sld_fab_alt_sld_fab:alt_sld_fab|alt_sld_fab_alt_sld_fab_sldfabric:sldfabric|sld_jtag_hub:\jtag_hub_gen:real_sld_jtag_hub|hub_info_reg_ena                                                 ; LCCOMB_X13_Y16_N10 ; 4       ; Clock enable               ; no     ; --                   ; --               ; --                        ;
; sld_hub:auto_hub|alt_sld_fab_with_jtag_input:\instrumentation_fabric_with_node_gen:fabric_gen_new_way:with_jtag_input_gen:instrumentation_fabric|alt_sld_fab:instrumentation_fabric|alt_sld_fab_alt_sld_fab:alt_sld_fab|alt_sld_fab_alt_sld_fab_sldfabric:sldfabric|sld_jtag_hub:\jtag_hub_gen:real_sld_jtag_hub|hub_info_reg_ena~0                                               ; LCCOMB_X13_Y17_N12 ; 6       ; Clock enable               ; no     ; --                   ; --               ; --                        ;
; sld_hub:auto_hub|alt_sld_fab_with_jtag_input:\instrumentation_fabric_with_node_gen:fabric_gen_new_way:with_jtag_input_gen:instrumentation_fabric|alt_sld_fab:instrumentation_fabric|alt_sld_fab_alt_sld_fab:alt_sld_fab|alt_sld_fab_alt_sld_fab_sldfabric:sldfabric|sld_jtag_hub:\jtag_hub_gen:real_sld_jtag_hub|identity_contrib_shift_reg[0]~1                                  ; LCCOMB_X14_Y15_N12 ; 4       ; Clock enable               ; no     ; --                   ; --               ; --                        ;
; sld_hub:auto_hub|alt_sld_fab_with_jtag_input:\instrumentation_fabric_with_node_gen:fabric_gen_new_way:with_jtag_input_gen:instrumentation_fabric|alt_sld_fab:instrumentation_fabric|alt_sld_fab_alt_sld_fab:alt_sld_fab|alt_sld_fab_alt_sld_fab_sldfabric:sldfabric|sld_jtag_hub:\jtag_hub_gen:real_sld_jtag_hub|irf_reg[2][0]~9                                                  ; LCCOMB_X13_Y14_N14 ; 2       ; Clock enable               ; no     ; --                   ; --               ; --                        ;
; sld_hub:auto_hub|alt_sld_fab_with_jtag_input:\instrumentation_fabric_with_node_gen:fabric_gen_new_way:with_jtag_input_gen:instrumentation_fabric|alt_sld_fab:instrumentation_fabric|alt_sld_fab_alt_sld_fab:alt_sld_fab|alt_sld_fab_alt_sld_fab_sldfabric:sldfabric|sld_jtag_hub:\jtag_hub_gen:real_sld_jtag_hub|irsr_reg[2]~16                                                   ; LCCOMB_X13_Y18_N14 ; 5       ; Clock enable               ; no     ; --                   ; --               ; --                        ;
; sld_hub:auto_hub|alt_sld_fab_with_jtag_input:\instrumentation_fabric_with_node_gen:fabric_gen_new_way:with_jtag_input_gen:instrumentation_fabric|alt_sld_fab:instrumentation_fabric|alt_sld_fab_alt_sld_fab:alt_sld_fab|alt_sld_fab_alt_sld_fab_sldfabric:sldfabric|sld_jtag_hub:\jtag_hub_gen:real_sld_jtag_hub|mixer_addr_reg_internal[2]~7                                     ; LCCOMB_X14_Y16_N26 ; 5       ; Sync. load                 ; no     ; --                   ; --               ; --                        ;
; sld_hub:auto_hub|alt_sld_fab_with_jtag_input:\instrumentation_fabric_with_node_gen:fabric_gen_new_way:with_jtag_input_gen:instrumentation_fabric|alt_sld_fab:instrumentation_fabric|alt_sld_fab_alt_sld_fab:alt_sld_fab|alt_sld_fab_alt_sld_fab_sldfabric:sldfabric|sld_jtag_hub:\jtag_hub_gen:real_sld_jtag_hub|mixer_addr_reg_internal[2]~8                                     ; LCCOMB_X13_Y17_N0  ; 5       ; Clock enable               ; no     ; --                   ; --               ; --                        ;
; sld_hub:auto_hub|alt_sld_fab_with_jtag_input:\instrumentation_fabric_with_node_gen:fabric_gen_new_way:with_jtag_input_gen:instrumentation_fabric|alt_sld_fab:instrumentation_fabric|alt_sld_fab_alt_sld_fab:alt_sld_fab|alt_sld_fab_alt_sld_fab_sldfabric:sldfabric|sld_jtag_hub:\jtag_hub_gen:real_sld_jtag_hub|node_ena~4                                                       ; LCCOMB_X14_Y15_N8  ; 2       ; Clock enable               ; no     ; --                   ; --               ; --                        ;
; sld_hub:auto_hub|alt_sld_fab_with_jtag_input:\instrumentation_fabric_with_node_gen:fabric_gen_new_way:with_jtag_input_gen:instrumentation_fabric|alt_sld_fab:instrumentation_fabric|alt_sld_fab_alt_sld_fab:alt_sld_fab|alt_sld_fab_alt_sld_fab_sldfabric:sldfabric|sld_jtag_hub:\jtag_hub_gen:real_sld_jtag_hub|reset_ena_reg_proc~0                                             ; LCCOMB_X14_Y14_N28 ; 5       ; Clock enable               ; no     ; --                   ; --               ; --                        ;
; sld_hub:auto_hub|alt_sld_fab_with_jtag_input:\instrumentation_fabric_with_node_gen:fabric_gen_new_way:with_jtag_input_gen:instrumentation_fabric|alt_sld_fab:instrumentation_fabric|alt_sld_fab_alt_sld_fab:alt_sld_fab|alt_sld_fab_alt_sld_fab_sldfabric:sldfabric|sld_jtag_hub:\jtag_hub_gen:real_sld_jtag_hub|shadow_irf_reg[2][0]~7                                           ; LCCOMB_X14_Y14_N22 ; 2       ; Clock enable               ; no     ; --                   ; --               ; --                        ;
; sld_hub:auto_hub|alt_sld_fab_with_jtag_input:\instrumentation_fabric_with_node_gen:fabric_gen_new_way:with_jtag_input_gen:instrumentation_fabric|alt_sld_fab:instrumentation_fabric|alt_sld_fab_alt_sld_fab:alt_sld_fab|alt_sld_fab_alt_sld_fab_sldfabric:sldfabric|sld_jtag_hub:\jtag_hub_gen:real_sld_jtag_hub|sld_rom_sr:hub_info_reg|WORD_SR[0]~20                            ; LCCOMB_X13_Y17_N26 ; 4       ; Clock enable               ; no     ; --                   ; --               ; --                        ;
; sld_hub:auto_hub|alt_sld_fab_with_jtag_input:\instrumentation_fabric_with_node_gen:fabric_gen_new_way:with_jtag_input_gen:instrumentation_fabric|alt_sld_fab:instrumentation_fabric|alt_sld_fab_alt_sld_fab:alt_sld_fab|alt_sld_fab_alt_sld_fab_sldfabric:sldfabric|sld_jtag_hub:\jtag_hub_gen:real_sld_jtag_hub|sld_rom_sr:hub_info_reg|word_counter[2]~22                       ; LCCOMB_X14_Y17_N14 ; 5       ; Sync. clear                ; no     ; --                   ; --               ; --                        ;
; sld_hub:auto_hub|alt_sld_fab_with_jtag_input:\instrumentation_fabric_with_node_gen:fabric_gen_new_way:with_jtag_input_gen:instrumentation_fabric|alt_sld_fab:instrumentation_fabric|alt_sld_fab_alt_sld_fab:alt_sld_fab|alt_sld_fab_alt_sld_fab_sldfabric:sldfabric|sld_jtag_hub:\jtag_hub_gen:real_sld_jtag_hub|sld_rom_sr:hub_info_reg|word_counter[2]~23                       ; LCCOMB_X13_Y17_N28 ; 5       ; Clock enable               ; no     ; --                   ; --               ; --                        ;
; sld_hub:auto_hub|alt_sld_fab_with_jtag_input:\instrumentation_fabric_with_node_gen:fabric_gen_new_way:with_jtag_input_gen:instrumentation_fabric|alt_sld_fab:instrumentation_fabric|alt_sld_fab_alt_sld_fab:alt_sld_fab|alt_sld_fab_alt_sld_fab_sldfabric:sldfabric|sld_jtag_hub:\jtag_hub_gen:real_sld_jtag_hub|sld_shadow_jsm:shadow_jsm|state[0]                               ; FF_X12_Y14_N13     ; 15      ; Async. clear               ; no     ; --                   ; --               ; --                        ;
; sld_hub:auto_hub|alt_sld_fab_with_jtag_input:\instrumentation_fabric_with_node_gen:fabric_gen_new_way:with_jtag_input_gen:instrumentation_fabric|alt_sld_fab:instrumentation_fabric|alt_sld_fab_alt_sld_fab:alt_sld_fab|alt_sld_fab_alt_sld_fab_sldfabric:sldfabric|sld_jtag_hub:\jtag_hub_gen:real_sld_jtag_hub|sld_shadow_jsm:shadow_jsm|state[11]                              ; FF_X11_Y13_N3      ; 12      ; Clock enable               ; no     ; --                   ; --               ; --                        ;
; sld_hub:auto_hub|alt_sld_fab_with_jtag_input:\instrumentation_fabric_with_node_gen:fabric_gen_new_way:with_jtag_input_gen:instrumentation_fabric|alt_sld_fab:instrumentation_fabric|alt_sld_fab_alt_sld_fab:alt_sld_fab|alt_sld_fab_alt_sld_fab_sldfabric:sldfabric|sld_jtag_hub:\jtag_hub_gen:real_sld_jtag_hub|sld_shadow_jsm:shadow_jsm|state[3]                               ; FF_X12_Y14_N9      ; 34      ; Sync. load                 ; no     ; --                   ; --               ; --                        ;
; sld_hub:auto_hub|alt_sld_fab_with_jtag_input:\instrumentation_fabric_with_node_gen:fabric_gen_new_way:with_jtag_input_gen:instrumentation_fabric|alt_sld_fab:instrumentation_fabric|alt_sld_fab_alt_sld_fab:alt_sld_fab|alt_sld_fab_alt_sld_fab_sldfabric:sldfabric|sld_jtag_hub:\jtag_hub_gen:real_sld_jtag_hub|sld_shadow_jsm:shadow_jsm|state[4]                               ; FF_X14_Y14_N1      ; 45      ; Sync. clear                ; no     ; --                   ; --               ; --                        ;
; sld_hub:auto_hub|alt_sld_fab_with_jtag_input:\instrumentation_fabric_with_node_gen:fabric_gen_new_way:with_jtag_input_gen:instrumentation_fabric|alt_sld_fab:instrumentation_fabric|alt_sld_fab_alt_sld_fab:alt_sld_fab|alt_sld_fab_alt_sld_fab_sldfabric:sldfabric|sld_jtag_hub:\jtag_hub_gen:real_sld_jtag_hub|virtual_ir_dr_scan_proc~0                                        ; LCCOMB_X12_Y14_N24 ; 3       ; Clock enable               ; no     ; --                   ; --               ; --                        ;
; sld_hub:auto_hub|alt_sld_fab_with_jtag_input:\instrumentation_fabric_with_node_gen:fabric_gen_new_way:with_jtag_input_gen:instrumentation_fabric|alt_sld_fab:instrumentation_fabric|alt_sld_fab_alt_sld_fab:alt_sld_fab|alt_sld_fab_alt_sld_fab_sldfabric:sldfabric|sld_jtag_hub:\jtag_hub_gen:real_sld_jtag_hub|virtual_ir_scan_reg                                              ; FF_X11_Y16_N9      ; 30      ; Async. clear               ; no     ; --                   ; --               ; --                        ;
; sld_hub:auto_hub|alt_sld_fab_with_jtag_input:\instrumentation_fabric_with_node_gen:fabric_gen_new_way:with_jtag_input_gen:instrumentation_fabric|alt_sld_fab:instrumentation_fabric|alt_sld_fab_alt_sld_fab:alt_sld_fab|sldfabric_ident_writedata[0]~0                                                                                                                            ; LCCOMB_X12_Y16_N22 ; 4       ; Clock enable               ; no     ; --                   ; --               ; --                        ;
+-----------------------------------------------------------------------------------------------------------------------------------------------------------------------------------------------------------------------------------------------------------------------------------------------------------------------------------------------------------------------------------+--------------------+---------+----------------------------+--------+----------------------+------------------+---------------------------+


+-----------------------------------------------------------------------------------------------------------------------------------------------------------------------------------------------------------------+
; Global & Other Fast Signals                                                                                                                                                                                     ;
+-----------------------------------------------------------------------+------------------+---------+--------------------------------------+----------------------+------------------+---------------------------+
; Name                                                                  ; Location         ; Fan-Out ; Fan-Out Using Intentional Clock Skew ; Global Resource Used ; Global Line Name ; Enable Signal Source Name ;
+-----------------------------------------------------------------------+------------------+---------+--------------------------------------+----------------------+------------------+---------------------------+
; altera_internal_jtag~TCKUTAP                                          ; JTAG_X10_Y11_N0  ; 171     ; 0                                    ; Global Clock         ; GCLK4            ; --                        ;
; clk_50                                                                ; PIN_26           ; 1198    ; 0                                    ; Global Clock         ; GCLK2            ; --                        ;
; servo_ua:U_NIOS|altera_reset_controller:rst_controller|merged_reset~0 ; LCCOMB_X20_Y3_N4 ; 3       ; 0                                    ; Global Clock         ; GCLK7            ; --                        ;
; servo_ua:U_NIOS|altera_reset_controller:rst_controller|r_sync_rst     ; FF_X14_Y7_N9     ; 919     ; 0                                    ; Global Clock         ; GCLK1            ; --                        ;
+-----------------------------------------------------------------------+------------------+---------+--------------------------------------+----------------------+------------------+---------------------------+


+-------------------------------------------------------------------------------------------------------------------------------------------------------------------------------------------------------------------------------------------------------------------------------------------------------------------------------------------------------------------------------------------------------------------------------------------------------------------------------------------------------------------------------------------------------------------------------------------------------------------------------------------------------------------------------------------------------------------------------------------------------------------------------------------------------------------------------------------------------------------------------------------------------------------------------------------------------------------------------------------------------------------------------------------------------------------------------------------------------------------------------------------------------------------+
; Fitter RAM Summary                                                                                                                                                                                                                                                                                                                                                                                                                                                                                                                                                                                                                                                                                                                                                                                                                                                                                                                                                                                                                                                                                                                                                ;
+-----------------------------------------------------------------------------------------------------------------------------------------------------------------------------------------------------------------------------------------------------------------------------------------------------------------------------------------------------------------------------------------------------------+------+------------------+--------------+--------------+--------------+--------------+--------------+------------------------+-------------------------+------------------------+-------------------------+--------+-----------------------------+-----------------------------+-----------------------------+-----------------------------+---------------------+------+------+------------------------------------------------------------------------------------------------------------------------------------------------------------------------------------------------------------------------------------------+----------------------+------------------------+------------------------+----------+------------------------+---------------+
; Name                                                                                                                                                                                                                                                                                                                                                                                                      ; Type ; Mode             ; Clock Mode   ; Port A Depth ; Port A Width ; Port B Depth ; Port B Width ; Port A Input Registers ; Port A Output Registers ; Port B Input Registers ; Port B Output Registers ; Size   ; Implementation Port A Depth ; Implementation Port A Width ; Implementation Port B Depth ; Implementation Port B Width ; Implementation Bits ; M9Ks ; MIF  ; Location                                                                                                                                                                                                                                 ; Mixed Width RDW Mode ; Port A RDW Mode        ; Port B RDW Mode        ; ECC Mode ; ECC Pipeline Registers ; Fits in MLABs ;
+-----------------------------------------------------------------------------------------------------------------------------------------------------------------------------------------------------------------------------------------------------------------------------------------------------------------------------------------------------------------------------------------------------------+------+------------------+--------------+--------------+--------------+--------------+--------------+------------------------+-------------------------+------------------------+-------------------------+--------+-----------------------------+-----------------------------+-----------------------------+-----------------------------+---------------------+------+------+------------------------------------------------------------------------------------------------------------------------------------------------------------------------------------------------------------------------------------------+----------------------+------------------------+------------------------+----------+------------------------+---------------+
; servo_ua:U_NIOS|altera_avalon_i2c:i2c_0|altera_avalon_i2c_fifo:u_rxfifo|altsyncram:the_dp_ram|altsyncram_h0b1:auto_generated|ALTSYNCRAM                                                                                                                                                                                                                                                                   ; AUTO ; Simple Dual Port ; Single Clock ; 4            ; 8            ; 4            ; 8            ; yes                    ; no                      ; yes                    ; yes                     ; 32     ; 4                           ; 8                           ; 4                           ; 8                           ; 32                  ; 1    ; None ; M9K_X26_Y15_N0                                                                                                                                                                                                                           ; Don't care           ; New data with NBE Read ; New data with NBE Read ; Off      ; No                     ; No - Unknown  ;
; servo_ua:U_NIOS|altera_avalon_i2c:i2c_0|altera_avalon_i2c_fifo:u_txfifo|altsyncram:the_dp_ram|altsyncram_33b1:auto_generated|ALTSYNCRAM                                                                                                                                                                                                                                                                   ; AUTO ; Simple Dual Port ; Single Clock ; 4            ; 10           ; 4            ; 10           ; yes                    ; no                      ; yes                    ; yes                     ; 40     ; 4                           ; 10                          ; 4                           ; 10                          ; 40                  ; 1    ; None ; M9K_X26_Y12_N0                                                                                                                                                                                                                           ; Don't care           ; New data with NBE Read ; New data with NBE Read ; Off      ; No                     ; No - Unknown  ;
; servo_ua:U_NIOS|servo_ua_jtag_uart_0:jtag_uart_0|servo_ua_jtag_uart_0_scfifo_r:the_servo_ua_jtag_uart_0_scfifo_r|scfifo:rfifo|scfifo_9621:auto_generated|a_dpfifo_bb01:dpfifo|altsyncram_dtn1:FIFOram|ALTSYNCRAM                                                                                                                                                                                          ; AUTO ; Simple Dual Port ; Single Clock ; 64           ; 8            ; 64           ; 8            ; yes                    ; no                      ; yes                    ; no                      ; 512    ; 64                          ; 8                           ; 64                          ; 8                           ; 512                 ; 1    ; None ; M9K_X26_Y13_N0                                                                                                                                                                                                                           ; Don't care           ; New data with NBE Read ; New data with NBE Read ; Off      ; No                     ; No - Unknown  ;
; servo_ua:U_NIOS|servo_ua_jtag_uart_0:jtag_uart_0|servo_ua_jtag_uart_0_scfifo_w:the_servo_ua_jtag_uart_0_scfifo_w|scfifo:wfifo|scfifo_9621:auto_generated|a_dpfifo_bb01:dpfifo|altsyncram_dtn1:FIFOram|ALTSYNCRAM                                                                                                                                                                                          ; AUTO ; Simple Dual Port ; Single Clock ; 64           ; 8            ; 64           ; 8            ; yes                    ; no                      ; yes                    ; yes                     ; 512    ; 64                          ; 8                           ; 64                          ; 8                           ; 512                 ; 1    ; None ; M9K_X8_Y9_N0                                                                                                                                                                                                                             ; Don't care           ; New data with NBE Read ; New data with NBE Read ; Off      ; No                     ; No - Unknown  ;
; servo_ua:U_NIOS|servo_ua_nios2_gen2_0:nios2_gen2_0|servo_ua_nios2_gen2_0_cpu:cpu|servo_ua_nios2_gen2_0_cpu_nios2_oci:the_servo_ua_nios2_gen2_0_cpu_nios2_oci|servo_ua_nios2_gen2_0_cpu_nios2_ocimem:the_servo_ua_nios2_gen2_0_cpu_nios2_ocimem|servo_ua_nios2_gen2_0_cpu_ociram_sp_ram_module:servo_ua_nios2_gen2_0_cpu_ociram_sp_ram|altsyncram:the_altsyncram|altsyncram_0n61:auto_generated|ALTSYNCRAM ; AUTO ; Single Port      ; Single Clock ; 256          ; 32           ; --           ; --           ; yes                    ; no                      ; --                     ; --                      ; 8192   ; 256                         ; 32                          ; --                          ; --                          ; 8192                ; 1    ; None ; M9K_X26_Y8_N0                                                                                                                                                                                                                            ; Don't care           ; New data with NBE Read ; New data with NBE Read ; Off      ; No                     ; No - Unknown  ;
; servo_ua:U_NIOS|servo_ua_nios2_gen2_0:nios2_gen2_0|servo_ua_nios2_gen2_0_cpu:cpu|servo_ua_nios2_gen2_0_cpu_register_bank_a_module:servo_ua_nios2_gen2_0_cpu_register_bank_a|altsyncram:the_altsyncram|altsyncram_s0c1:auto_generated|ALTSYNCRAM                                                                                                                                                           ; AUTO ; Simple Dual Port ; Single Clock ; 32           ; 32           ; 32           ; 32           ; yes                    ; no                      ; yes                    ; no                      ; 1024   ; 32                          ; 32                          ; 32                          ; 32                          ; 1024                ; 1    ; None ; M9K_X26_Y20_N0                                                                                                                                                                                                                           ; Don't care           ; New data with NBE Read ; New data with NBE Read ; Off      ; No                     ; No - Unknown  ;
; servo_ua:U_NIOS|servo_ua_nios2_gen2_0:nios2_gen2_0|servo_ua_nios2_gen2_0_cpu:cpu|servo_ua_nios2_gen2_0_cpu_register_bank_b_module:servo_ua_nios2_gen2_0_cpu_register_bank_b|altsyncram:the_altsyncram|altsyncram_s0c1:auto_generated|ALTSYNCRAM                                                                                                                                                           ; AUTO ; Simple Dual Port ; Single Clock ; 32           ; 32           ; 32           ; 32           ; yes                    ; no                      ; yes                    ; no                      ; 1024   ; 32                          ; 32                          ; 32                          ; 32                          ; 1024                ; 1    ; None ; M9K_X26_Y17_N0                                                                                                                                                                                                                           ; Don't care           ; New data with NBE Read ; New data with NBE Read ; Off      ; No                     ; No - Unknown  ;
; servo_ua:U_NIOS|servo_ua_onchip_memory2_0:onchip_memory2_0|altsyncram:the_altsyncram|altsyncram_okc1:auto_generated|ALTSYNCRAM                                                                                                                                                                                                                                                                            ; AUTO ; Single Port      ; Single Clock ; 4000         ; 32           ; --           ; --           ; yes                    ; no                      ; --                     ; --                      ; 128000 ; 4000                        ; 32                          ; --                          ; --                          ; 128000              ; 16   ; None ; M9K_X8_Y8_N0, M9K_X8_Y6_N0, M9K_X8_Y4_N0, M9K_X8_Y7_N0, M9K_X26_Y3_N0, M9K_X26_Y6_N0, M9K_X26_Y11_N0, M9K_X8_Y5_N0, M9K_X5_Y7_N0, M9K_X5_Y8_N0, M9K_X26_Y5_N0, M9K_X8_Y3_N0, M9K_X26_Y7_N0, M9K_X26_Y9_N0, M9K_X26_Y10_N0, M9K_X26_Y4_N0 ; Don't care           ; New data with NBE Read ; New data with NBE Read ; Off      ; No                     ; No - Unknown  ;
+-----------------------------------------------------------------------------------------------------------------------------------------------------------------------------------------------------------------------------------------------------------------------------------------------------------------------------------------------------------------------------------------------------------+------+------------------+--------------+--------------+--------------+--------------+--------------+------------------------+-------------------------+------------------------+-------------------------+--------+-----------------------------+-----------------------------+-----------------------------+-----------------------------+---------------------+------+------+------------------------------------------------------------------------------------------------------------------------------------------------------------------------------------------------------------------------------------------+----------------------+------------------------+------------------------+----------+------------------------+---------------+
Note: Fitter may spread logical memories into multiple blocks to improve timing. The actual required RAM blocks can be found in the Fitter Resource Usage section.


+-------------------------------------------------+
; Routing Usage Summary                           ;
+-----------------------+-------------------------+
; Routing Resource Type ; Usage                   ;
+-----------------------+-------------------------+
; Block interconnects   ; 4,162 / 27,275 ( 15 % ) ;
; C16 interconnects     ; 27 / 1,240 ( 2 % )      ;
; C4 interconnects      ; 2,539 / 20,832 ( 12 % ) ;
; Direct links          ; 529 / 27,275 ( 2 % )    ;
; Global clocks         ; 4 / 10 ( 40 % )         ;
; Local interconnects   ; 1,316 / 8,064 ( 16 % )  ;
; R24 interconnects     ; 38 / 1,320 ( 3 % )      ;
; R4 interconnects      ; 2,833 / 28,560 ( 10 % ) ;
+-----------------------+-------------------------+


+-----------------------------------------------------------------------------+
; LAB Logic Elements                                                          ;
+---------------------------------------------+-------------------------------+
; Number of Logic Elements  (Average = 11.72) ; Number of LABs  (Total = 242) ;
+---------------------------------------------+-------------------------------+
; 1                                           ; 23                            ;
; 2                                           ; 4                             ;
; 3                                           ; 8                             ;
; 4                                           ; 8                             ;
; 5                                           ; 3                             ;
; 6                                           ; 8                             ;
; 7                                           ; 1                             ;
; 8                                           ; 6                             ;
; 9                                           ; 9                             ;
; 10                                          ; 6                             ;
; 11                                          ; 8                             ;
; 12                                          ; 8                             ;
; 13                                          ; 13                            ;
; 14                                          ; 9                             ;
; 15                                          ; 36                            ;
; 16                                          ; 92                            ;
+---------------------------------------------+-------------------------------+


+--------------------------------------------------------------------+
; LAB-wide Signals                                                   ;
+------------------------------------+-------------------------------+
; LAB-wide Signals  (Average = 1.97) ; Number of LABs  (Total = 242) ;
+------------------------------------+-------------------------------+
; 1 Async. clear                     ; 155                           ;
; 1 Clock                            ; 184                           ;
; 1 Clock enable                     ; 67                            ;
; 1 Sync. clear                      ; 11                            ;
; 1 Sync. load                       ; 31                            ;
; 2 Async. clears                    ; 1                             ;
; 2 Clock enables                    ; 20                            ;
; 2 Clocks                           ; 7                             ;
+------------------------------------+-------------------------------+


+------------------------------------------------------------------------------+
; LAB Signals Sourced                                                          ;
+----------------------------------------------+-------------------------------+
; Number of Signals Sourced  (Average = 17.00) ; Number of LABs  (Total = 242) ;
+----------------------------------------------+-------------------------------+
; 0                                            ; 1                             ;
; 1                                            ; 12                            ;
; 2                                            ; 13                            ;
; 3                                            ; 1                             ;
; 4                                            ; 7                             ;
; 5                                            ; 5                             ;
; 6                                            ; 4                             ;
; 7                                            ; 4                             ;
; 8                                            ; 2                             ;
; 9                                            ; 3                             ;
; 10                                           ; 3                             ;
; 11                                           ; 4                             ;
; 12                                           ; 5                             ;
; 13                                           ; 5                             ;
; 14                                           ; 4                             ;
; 15                                           ; 17                            ;
; 16                                           ; 15                            ;
; 17                                           ; 5                             ;
; 18                                           ; 15                            ;
; 19                                           ; 5                             ;
; 20                                           ; 10                            ;
; 21                                           ; 7                             ;
; 22                                           ; 18                            ;
; 23                                           ; 17                            ;
; 24                                           ; 16                            ;
; 25                                           ; 7                             ;
; 26                                           ; 13                            ;
; 27                                           ; 7                             ;
; 28                                           ; 6                             ;
; 29                                           ; 3                             ;
; 30                                           ; 1                             ;
; 31                                           ; 4                             ;
; 32                                           ; 3                             ;
+----------------------------------------------+-------------------------------+


+---------------------------------------------------------------------------------+
; LAB Signals Sourced Out                                                         ;
+-------------------------------------------------+-------------------------------+
; Number of Signals Sourced Out  (Average = 8.43) ; Number of LABs  (Total = 242) ;
+-------------------------------------------------+-------------------------------+
; 0                                               ; 1                             ;
; 1                                               ; 22                            ;
; 2                                               ; 14                            ;
; 3                                               ; 10                            ;
; 4                                               ; 13                            ;
; 5                                               ; 11                            ;
; 6                                               ; 13                            ;
; 7                                               ; 12                            ;
; 8                                               ; 16                            ;
; 9                                               ; 26                            ;
; 10                                              ; 23                            ;
; 11                                              ; 21                            ;
; 12                                              ; 17                            ;
; 13                                              ; 9                             ;
; 14                                              ; 5                             ;
; 15                                              ; 7                             ;
; 16                                              ; 18                            ;
; 17                                              ; 0                             ;
; 18                                              ; 1                             ;
; 19                                              ; 1                             ;
; 20                                              ; 1                             ;
; 21                                              ; 0                             ;
; 22                                              ; 0                             ;
; 23                                              ; 0                             ;
; 24                                              ; 0                             ;
; 25                                              ; 0                             ;
; 26                                              ; 0                             ;
; 27                                              ; 1                             ;
+-------------------------------------------------+-------------------------------+


+------------------------------------------------------------------------------+
; LAB Distinct Inputs                                                          ;
+----------------------------------------------+-------------------------------+
; Number of Distinct Inputs  (Average = 15.11) ; Number of LABs  (Total = 242) ;
+----------------------------------------------+-------------------------------+
; 0                                            ; 0                             ;
; 1                                            ; 0                             ;
; 2                                            ; 5                             ;
; 3                                            ; 11                            ;
; 4                                            ; 8                             ;
; 5                                            ; 10                            ;
; 6                                            ; 13                            ;
; 7                                            ; 6                             ;
; 8                                            ; 7                             ;
; 9                                            ; 13                            ;
; 10                                           ; 8                             ;
; 11                                           ; 5                             ;
; 12                                           ; 7                             ;
; 13                                           ; 13                            ;
; 14                                           ; 12                            ;
; 15                                           ; 15                            ;
; 16                                           ; 10                            ;
; 17                                           ; 7                             ;
; 18                                           ; 5                             ;
; 19                                           ; 8                             ;
; 20                                           ; 7                             ;
; 21                                           ; 12                            ;
; 22                                           ; 8                             ;
; 23                                           ; 10                            ;
; 24                                           ; 8                             ;
; 25                                           ; 1                             ;
; 26                                           ; 3                             ;
; 27                                           ; 3                             ;
; 28                                           ; 5                             ;
; 29                                           ; 6                             ;
; 30                                           ; 3                             ;
; 31                                           ; 1                             ;
; 32                                           ; 6                             ;
; 33                                           ; 2                             ;
; 34                                           ; 1                             ;
; 35                                           ; 0                             ;
; 36                                           ; 1                             ;
+----------------------------------------------+-------------------------------+


+------------------------------------------+
; I/O Rules Summary                        ;
+----------------------------------+-------+
; I/O Rules Statistic              ; Total ;
+----------------------------------+-------+
; Total I/O Rules                  ; 30    ;
; Number of I/O Rules Passed       ; 13    ;
; Number of I/O Rules Failed       ; 0     ;
; Number of I/O Rules Unchecked    ; 0     ;
; Number of I/O Rules Inapplicable ; 17    ;
+----------------------------------+-------+


+-----------------------------------------------------------------------------------------------------------------------------------------------------------------------------------------------------------------------------------------------------------------------------------------------------+
; I/O Rules Details                                                                                                                                                                                                                                                                                   ;
+--------------+-----------+-----------------------------------+------------------------------------------------------------------------------------------------------+----------+--------------------------------------------------------------------------+---------------------+-------------------+
; Status       ; ID        ; Category                          ; Rule Description                                                                                     ; Severity ; Information                                                              ; Area                ; Extra Information ;
+--------------+-----------+-----------------------------------+------------------------------------------------------------------------------------------------------+----------+--------------------------------------------------------------------------+---------------------+-------------------+
; Pass         ; IO_000001 ; Capacity Checks                   ; Number of pins in an I/O bank should not exceed the number of locations available.                   ; Critical ; 0 such failures found.                                                   ; I/O                 ;                   ;
; Inapplicable ; IO_000002 ; Capacity Checks                   ; Number of clocks in an I/O bank should not exceed the number of clocks available.                    ; Critical ; No Global Signal assignments found.                                      ; I/O                 ;                   ;
; Pass         ; IO_000003 ; Capacity Checks                   ; Number of pins in a Vrefgroup should not exceed the number of locations available.                   ; Critical ; 0 such failures found.                                                   ; I/O                 ;                   ;
; Inapplicable ; IO_000004 ; Voltage Compatibility Checks      ; The I/O bank should support the requested VCCIO.                                                     ; Critical ; No IOBANK_VCCIO assignments found.                                       ; I/O                 ;                   ;
; Inapplicable ; IO_000005 ; Voltage Compatibility Checks      ; The I/O bank should not have competing VREF values.                                                  ; Critical ; No VREF I/O Standard assignments found.                                  ; I/O                 ;                   ;
; Pass         ; IO_000006 ; Voltage Compatibility Checks      ; The I/O bank should not have competing VCCIO values.                                                 ; Critical ; 0 such failures found.                                                   ; I/O                 ;                   ;
; Pass         ; IO_000007 ; Valid Location Checks             ; Checks for unavailable locations.                                                                    ; Critical ; 0 such failures found.                                                   ; I/O                 ;                   ;
; Inapplicable ; IO_000008 ; Valid Location Checks             ; Checks for reserved locations.                                                                       ; Critical ; No reserved LogicLock region found.                                      ; I/O                 ;                   ;
; Pass         ; IO_000009 ; I/O Properties Checks for One I/O ; The location should support the requested I/O standard.                                              ; Critical ; 0 such failures found.                                                   ; I/O                 ;                   ;
; Pass         ; IO_000010 ; I/O Properties Checks for One I/O ; The location should support the requested I/O direction.                                             ; Critical ; 0 such failures found.                                                   ; I/O                 ;                   ;
; Inapplicable ; IO_000011 ; I/O Properties Checks for One I/O ; The location should support the requested Current Strength.                                          ; Critical ; No Current Strength assignments found.                                   ; I/O                 ;                   ;
; Pass         ; IO_000012 ; I/O Properties Checks for One I/O ; The location should support the requested On Chip Termination value.                                 ; Critical ; 0 such failures found.                                                   ; I/O                 ;                   ;
; Inapplicable ; IO_000013 ; I/O Properties Checks for One I/O ; The location should support the requested Bus Hold value.                                            ; Critical ; No Enable Bus-Hold Circuitry assignments found.                          ; I/O                 ;                   ;
; Inapplicable ; IO_000014 ; I/O Properties Checks for One I/O ; The location should support the requested Weak Pull Up value.                                        ; Critical ; No Weak Pull-Up Resistor assignments found.                              ; I/O                 ;                   ;
; Pass         ; IO_000015 ; I/O Properties Checks for One I/O ; The location should support the requested PCI Clamp Diode.                                           ; Critical ; 0 such failures found.                                                   ; I/O                 ;                   ;
; Inapplicable ; IO_000018 ; I/O Properties Checks for One I/O ; The I/O standard should support the requested Current Strength.                                      ; Critical ; No Current Strength assignments found.                                   ; I/O                 ;                   ;
; Pass         ; IO_000019 ; I/O Properties Checks for One I/O ; The I/O standard should support the requested On Chip Termination value.                             ; Critical ; 0 such failures found.                                                   ; I/O                 ;                   ;
; Pass         ; IO_000020 ; I/O Properties Checks for One I/O ; The I/O standard should support the requested PCI Clamp Diode.                                       ; Critical ; 0 such failures found.                                                   ; I/O                 ;                   ;
; Inapplicable ; IO_000021 ; I/O Properties Checks for One I/O ; The I/O standard should support the requested Weak Pull Up value.                                    ; Critical ; No Weak Pull-Up Resistor assignments found.                              ; I/O                 ;                   ;
; Inapplicable ; IO_000022 ; I/O Properties Checks for One I/O ; The I/O standard should support the requested Bus Hold value.                                        ; Critical ; No Enable Bus-Hold Circuitry assignments found.                          ; I/O                 ;                   ;
; Pass         ; IO_000023 ; I/O Properties Checks for One I/O ; The I/O standard should support the Open Drain value.                                                ; Critical ; 0 such failures found.                                                   ; I/O                 ;                   ;
; Pass         ; IO_000024 ; I/O Properties Checks for One I/O ; The I/O direction should support the On Chip Termination value.                                      ; Critical ; 0 such failures found.                                                   ; I/O                 ;                   ;
; Inapplicable ; IO_000026 ; I/O Properties Checks for One I/O ; On Chip Termination and Current Strength should not be used at the same time.                        ; Critical ; No Current Strength assignments found.                                   ; I/O                 ;                   ;
; Inapplicable ; IO_000027 ; I/O Properties Checks for One I/O ; Weak Pull Up and Bus Hold should not be used at the same time.                                       ; Critical ; No Enable Bus-Hold Circuitry or Weak Pull-Up Resistor assignments found. ; I/O                 ;                   ;
; Inapplicable ; IO_000045 ; I/O Properties Checks for One I/O ; The I/O standard should support the requested Slew Rate value.                                       ; Critical ; No Slew Rate assignments found.                                          ; I/O                 ;                   ;
; Inapplicable ; IO_000046 ; I/O Properties Checks for One I/O ; The location should support the requested Slew Rate value.                                           ; Critical ; No Slew Rate assignments found.                                          ; I/O                 ;                   ;
; Inapplicable ; IO_000047 ; I/O Properties Checks for One I/O ; On Chip Termination and Slew Rate should not be used at the same time.                               ; Critical ; No Slew Rate assignments found.                                          ; I/O                 ;                   ;
; Pass         ; IO_000033 ; Electromigration Checks           ; Current density for consecutive I/Os should not exceed 160mA for row I/Os and 160mA for column I/Os. ; Critical ; 0 such failures found.                                                   ; I/O                 ;                   ;
; Inapplicable ; IO_000034 ; SI Related Distance Checks        ; Single-ended outputs should be 5 LAB row(s) away from a differential I/O.                            ; High     ; No Differential I/O Standard assignments found.                          ; I/O                 ;                   ;
; Inapplicable ; IO_000042 ; SI Related SSO Limit Checks       ; No more than 20 outputs are allowed in a VREF group when VREF is being read from.                    ; High     ; No VREF I/O Standard assignments found.                                  ; I/O                 ;                   ;
; ----         ; ----      ; Disclaimer                        ; OCT rules are checked but not reported.                                                              ; None     ; ----                                                                     ; On Chip Termination ;                   ;
+--------------+-----------+-----------------------------------+------------------------------------------------------------------------------------------------------+----------+--------------------------------------------------------------------------+---------------------+-------------------+


+---------------------------------------------------------------------------------------------------------------------------------------------------------------------------------------------------------------------------------------------------------------------------------------------------------------------------------------------------------------------------------------------------------------------------------------------------------------------------+
; I/O Rules Matrix                                                                                                                                                                                                                                                                                                                                                                                                                                                          ;
+---------------------+--------------+--------------+--------------+--------------+--------------+-----------+--------------+--------------+-----------+-----------+--------------+--------------+--------------+--------------+--------------+--------------+--------------+--------------+--------------+--------------+--------------+--------------+--------------+--------------+--------------+--------------+--------------+-----------+--------------+--------------+
; Pin/Rules           ; IO_000001    ; IO_000002    ; IO_000003    ; IO_000004    ; IO_000005    ; IO_000006 ; IO_000007    ; IO_000008    ; IO_000009 ; IO_000010 ; IO_000011    ; IO_000012    ; IO_000013    ; IO_000014    ; IO_000015    ; IO_000018    ; IO_000019    ; IO_000020    ; IO_000021    ; IO_000022    ; IO_000023    ; IO_000024    ; IO_000026    ; IO_000027    ; IO_000045    ; IO_000046    ; IO_000047    ; IO_000033 ; IO_000034    ; IO_000042    ;
+---------------------+--------------+--------------+--------------+--------------+--------------+-----------+--------------+--------------+-----------+-----------+--------------+--------------+--------------+--------------+--------------+--------------+--------------+--------------+--------------+--------------+--------------+--------------+--------------+--------------+--------------+--------------+--------------+-----------+--------------+--------------+
; Total Pass          ; 7            ; 0            ; 7            ; 0            ; 0            ; 11        ; 7            ; 0            ; 11        ; 11        ; 0            ; 1            ; 0            ; 0            ; 5            ; 0            ; 1            ; 5            ; 0            ; 0            ; 2            ; 1            ; 0            ; 0            ; 0            ; 0            ; 0            ; 11        ; 0            ; 0            ;
; Total Unchecked     ; 0            ; 0            ; 0            ; 0            ; 0            ; 0         ; 0            ; 0            ; 0         ; 0         ; 0            ; 0            ; 0            ; 0            ; 0            ; 0            ; 0            ; 0            ; 0            ; 0            ; 0            ; 0            ; 0            ; 0            ; 0            ; 0            ; 0            ; 0         ; 0            ; 0            ;
; Total Inapplicable  ; 4            ; 11           ; 4            ; 11           ; 11           ; 0         ; 4            ; 11           ; 0         ; 0         ; 11           ; 10           ; 11           ; 11           ; 6            ; 11           ; 10           ; 6            ; 11           ; 11           ; 9            ; 10           ; 11           ; 11           ; 11           ; 11           ; 11           ; 0         ; 11           ; 11           ;
; Total Fail          ; 0            ; 0            ; 0            ; 0            ; 0            ; 0         ; 0            ; 0            ; 0         ; 0         ; 0            ; 0            ; 0            ; 0            ; 0            ; 0            ; 0            ; 0            ; 0            ; 0            ; 0            ; 0            ; 0            ; 0            ; 0            ; 0            ; 0            ; 0         ; 0            ; 0            ;
; uart_tx             ; Pass         ; Inapplicable ; Pass         ; Inapplicable ; Inapplicable ; Pass      ; Pass         ; Inapplicable ; Pass      ; Pass      ; Inapplicable ; Pass         ; Inapplicable ; Inapplicable ; Inapplicable ; Inapplicable ; Pass         ; Inapplicable ; Inapplicable ; Inapplicable ; Inapplicable ; Pass         ; Inapplicable ; Inapplicable ; Inapplicable ; Inapplicable ; Inapplicable ; Pass      ; Inapplicable ; Inapplicable ;
; servo_pwm           ; Pass         ; Inapplicable ; Pass         ; Inapplicable ; Inapplicable ; Pass      ; Pass         ; Inapplicable ; Pass      ; Pass      ; Inapplicable ; Inapplicable ; Inapplicable ; Inapplicable ; Inapplicable ; Inapplicable ; Inapplicable ; Inapplicable ; Inapplicable ; Inapplicable ; Inapplicable ; Inapplicable ; Inapplicable ; Inapplicable ; Inapplicable ; Inapplicable ; Inapplicable ; Pass      ; Inapplicable ; Inapplicable ;
; i2c_sda             ; Pass         ; Inapplicable ; Pass         ; Inapplicable ; Inapplicable ; Pass      ; Pass         ; Inapplicable ; Pass      ; Pass      ; Inapplicable ; Inapplicable ; Inapplicable ; Inapplicable ; Pass         ; Inapplicable ; Inapplicable ; Pass         ; Inapplicable ; Inapplicable ; Pass         ; Inapplicable ; Inapplicable ; Inapplicable ; Inapplicable ; Inapplicable ; Inapplicable ; Pass      ; Inapplicable ; Inapplicable ;
; i2c_scl             ; Pass         ; Inapplicable ; Pass         ; Inapplicable ; Inapplicable ; Pass      ; Pass         ; Inapplicable ; Pass      ; Pass      ; Inapplicable ; Inapplicable ; Inapplicable ; Inapplicable ; Pass         ; Inapplicable ; Inapplicable ; Pass         ; Inapplicable ; Inapplicable ; Pass         ; Inapplicable ; Inapplicable ; Inapplicable ; Inapplicable ; Inapplicable ; Inapplicable ; Pass      ; Inapplicable ; Inapplicable ;
; clk_50              ; Pass         ; Inapplicable ; Pass         ; Inapplicable ; Inapplicable ; Pass      ; Pass         ; Inapplicable ; Pass      ; Pass      ; Inapplicable ; Inapplicable ; Inapplicable ; Inapplicable ; Pass         ; Inapplicable ; Inapplicable ; Pass         ; Inapplicable ; Inapplicable ; Inapplicable ; Inapplicable ; Inapplicable ; Inapplicable ; Inapplicable ; Inapplicable ; Inapplicable ; Pass      ; Inapplicable ; Inapplicable ;
; reset_n             ; Pass         ; Inapplicable ; Pass         ; Inapplicable ; Inapplicable ; Pass      ; Pass         ; Inapplicable ; Pass      ; Pass      ; Inapplicable ; Inapplicable ; Inapplicable ; Inapplicable ; Pass         ; Inapplicable ; Inapplicable ; Pass         ; Inapplicable ; Inapplicable ; Inapplicable ; Inapplicable ; Inapplicable ; Inapplicable ; Inapplicable ; Inapplicable ; Inapplicable ; Pass      ; Inapplicable ; Inapplicable ;
; uart_rx             ; Pass         ; Inapplicable ; Pass         ; Inapplicable ; Inapplicable ; Pass      ; Pass         ; Inapplicable ; Pass      ; Pass      ; Inapplicable ; Inapplicable ; Inapplicable ; Inapplicable ; Pass         ; Inapplicable ; Inapplicable ; Pass         ; Inapplicable ; Inapplicable ; Inapplicable ; Inapplicable ; Inapplicable ; Inapplicable ; Inapplicable ; Inapplicable ; Inapplicable ; Pass      ; Inapplicable ; Inapplicable ;
; altera_reserved_tms ; Inapplicable ; Inapplicable ; Inapplicable ; Inapplicable ; Inapplicable ; Pass      ; Inapplicable ; Inapplicable ; Pass      ; Pass      ; Inapplicable ; Inapplicable ; Inapplicable ; Inapplicable ; Inapplicable ; Inapplicable ; Inapplicable ; Inapplicable ; Inapplicable ; Inapplicable ; Inapplicable ; Inapplicable ; Inapplicable ; Inapplicable ; Inapplicable ; Inapplicable ; Inapplicable ; Pass      ; Inapplicable ; Inapplicable ;
; altera_reserved_tck ; Inapplicable ; Inapplicable ; Inapplicable ; Inapplicable ; Inapplicable ; Pass      ; Inapplicable ; Inapplicable ; Pass      ; Pass      ; Inapplicable ; Inapplicable ; Inapplicable ; Inapplicable ; Inapplicable ; Inapplicable ; Inapplicable ; Inapplicable ; Inapplicable ; Inapplicable ; Inapplicable ; Inapplicable ; Inapplicable ; Inapplicable ; Inapplicable ; Inapplicable ; Inapplicable ; Pass      ; Inapplicable ; Inapplicable ;
; altera_reserved_tdi ; Inapplicable ; Inapplicable ; Inapplicable ; Inapplicable ; Inapplicable ; Pass      ; Inapplicable ; Inapplicable ; Pass      ; Pass      ; Inapplicable ; Inapplicable ; Inapplicable ; Inapplicable ; Inapplicable ; Inapplicable ; Inapplicable ; Inapplicable ; Inapplicable ; Inapplicable ; Inapplicable ; Inapplicable ; Inapplicable ; Inapplicable ; Inapplicable ; Inapplicable ; Inapplicable ; Pass      ; Inapplicable ; Inapplicable ;
; altera_reserved_tdo ; Inapplicable ; Inapplicable ; Inapplicable ; Inapplicable ; Inapplicable ; Pass      ; Inapplicable ; Inapplicable ; Pass      ; Pass      ; Inapplicable ; Inapplicable ; Inapplicable ; Inapplicable ; Inapplicable ; Inapplicable ; Inapplicable ; Inapplicable ; Inapplicable ; Inapplicable ; Inapplicable ; Inapplicable ; Inapplicable ; Inapplicable ; Inapplicable ; Inapplicable ; Inapplicable ; Pass      ; Inapplicable ; Inapplicable ;
+---------------------+--------------+--------------+--------------+--------------+--------------+-----------+--------------+--------------+-----------+-----------+--------------+--------------+--------------+--------------+--------------+--------------+--------------+--------------+--------------+--------------+--------------+--------------+--------------+--------------+--------------+--------------+--------------+-----------+--------------+--------------+


+-------------------------------------------------------------------------------------------+
; Fitter Device Options                                                                     ;
+------------------------------------------------------------------+------------------------+
; Option                                                           ; Setting                ;
+------------------------------------------------------------------+------------------------+
; Enable user-supplied start-up clock (CLKUSR)                     ; Off                    ;
; Enable device-wide reset (DEV_CLRn)                              ; Off                    ;
; Enable device-wide output enable (DEV_OE)                        ; Off                    ;
; Enable INIT_DONE output                                          ; Off                    ;
; Configuration scheme                                             ; Internal Configuration ;
; Enable Error Detection CRC_ERROR pin                             ; Off                    ;
; Enable open drain on CRC_ERROR pin                               ; Off                    ;
; Enable nCONFIG, nSTATUS, and CONF_DONE pins                      ; On                     ;
; Enable JTAG pin sharing                                          ; Off                    ;
; Enable nCE pin                                                   ; Off                    ;
; Enable CONFIG_SEL pin                                            ; On                     ;
; Enable input tri-state on active configuration pins in user mode ; Off                    ;
; Configuration Voltage Level                                      ; Auto                   ;
; Force Configuration Voltage Level                                ; Off                    ;
; Data[0]                                                          ; Unreserved             ;
; Data[1]/ASDO                                                     ; Unreserved             ;
; FLASH_nCE/nCSO                                                   ; Unreserved             ;
; DCLK                                                             ; Unreserved             ;
+------------------------------------------------------------------+------------------------+


+------------------------------------+
; Operating Settings and Conditions  ;
+---------------------------+--------+
; Setting                   ; Value  ;
+---------------------------+--------+
; Nominal Core Voltage      ; 1.20 V ;
; Low Junction Temperature  ; 0 °C   ;
; High Junction Temperature ; 85 °C  ;
+---------------------------+--------+


+-----------------+
; Fitter Messages ;
+-----------------+
Warning (18236): Number of processors has not been specified which may cause overloading on shared machines.  Set the global assignment NUM_PARALLEL_PROCESSORS in your QSF to an appropriate value for best performance.
Info (20030): Parallel compilation is enabled and will use 8 of the 8 processors detected
Info (119006): Selected device 10M08SCE144C8G for design "servo_ua"
Info (21077): Low junction temperature is 0 degrees C
Info (21077): High junction temperature is 85 degrees C
Info (171003): Fitter is performing an Auto Fit compilation, which may decrease Fitter effort to reduce compilation time
Warning (292013): Feature LogicLock is only available with a valid subscription license. You can purchase a software subscription to gain full access to this feature.
Critical Warning (16562): Review the Power Analyzer report file (<design>.pow.rpt) to ensure your design is within the maximum power utilization limit of the single power-supply target device and to avoid functional failures.
Info (176444): Device migration not selected. If you intend to use device migration later, you may need to change the pin assignments as they may be incompatible with other devices
    Info (176445): Device 10M04SCE144C8G is compatible
    Info (176445): Device 10M16SCE144C8G is compatible
    Info (176445): Device 10M25SCE144C8G is compatible
Info (169124): Fitter converted 4 user pins into dedicated programming pins
    Info (169125): Pin ~ALTERA_CONFIG_SEL~ is reserved at location 126
    Info (169125): Pin ~ALTERA_nCONFIG~ is reserved at location 129
    Info (169125): Pin ~ALTERA_nSTATUS~ is reserved at location 136
    Info (169125): Pin ~ALTERA_CONF_DONE~ is reserved at location 138
Info (169141): DATA[0] dual-purpose pin not reserved
Info (12825): Data[1]/ASDO dual-purpose pin not reserved
Info (12825): nCSO dual-purpose pin not reserved
Info (12825): DCLK dual-purpose pin not reserved
Warning (15714): Some pins have incomplete I/O assignments. Refer to the I/O Assignment Warnings report for details
Info (176045): Design uses memory blocks. Violating setup or hold times of memory block address registers for either read or write operations could cause memory contents to be corrupted. Make sure that all memory block address registers meet the setup and hold time requirements.
Info (332164): Evaluating HDL-embedded SDC commands
    Info (332165): Entity alt_jtag_atlantic
        Info (332166): set_false_path -from [get_registers {*|alt_jtag_atlantic:*|jupdate}] -to [get_registers {*|alt_jtag_atlantic:*|jupdate1*}] 
        Info (332166): set_false_path -from [get_registers {*|alt_jtag_atlantic:*|rdata[*]}] -to [get_registers {*|alt_jtag_atlantic*|td_shift[*]}]
        Info (332166): set_false_path -from [get_registers {*|alt_jtag_atlantic:*|rdata[*]}] -to [get_registers {*|alt_jtag_atlantic*|td_shift[*]}]
        Info (332166): set_false_path -from [get_registers {*|alt_jtag_atlantic:*|rdata[*]}] -to [get_registers {*|alt_jtag_atlantic*|td_shift[*]}]
        Info (332166): set_false_path -from [get_registers {*|alt_jtag_atlantic:*|rdata[*]}] -to [get_registers {*|alt_jtag_atlantic*|td_shift[*]}]
        Info (332166): set_false_path -from [get_registers {*|alt_jtag_atlantic:*|rdata[*]}] -to [get_registers {*|alt_jtag_atlantic*|td_shift[*]}]
        Info (332166): set_false_path -from [get_registers {*|alt_jtag_atlantic:*|rdata[*]}] -to [get_registers {*|alt_jtag_atlantic*|td_shift[*]}]
        Info (332166): set_false_path -from [get_registers {*|alt_jtag_atlantic:*|rdata[*]}] -to [get_registers {*|alt_jtag_atlantic*|td_shift[*]}]
        Info (332166): set_false_path -from [get_registers {*|alt_jtag_atlantic:*|rdata[*]}] -to [get_registers {*|alt_jtag_atlantic*|td_shift[*]}]
        Info (332166): set_false_path -from [get_registers {*|alt_jtag_atlantic:*|read}] -to [get_registers {*|alt_jtag_atlantic:*|read1*}] 
        Info (332166): set_false_path -from [get_registers {*|alt_jtag_atlantic:*|read_req}]
        Info (332166): set_false_path -from [get_registers {*|alt_jtag_atlantic:*|rvalid}] -to [get_registers {*|alt_jtag_atlantic*|td_shift[*]}]
        Info (332166): set_false_path -from [get_registers {*|t_dav}] -to [get_registers {*|alt_jtag_atlantic:*|tck_t_dav}]
        Info (332166): set_false_path -from [get_registers {*|alt_jtag_atlantic:*|user_saw_rvalid}] -to [get_registers {*|alt_jtag_atlantic:*|rvalid0*}]
        Info (332166): set_false_path -from [get_registers {*|alt_jtag_atlantic:*|wdata[*]}] -to [get_registers {*}]
        Info (332166): set_false_path -from [get_registers {*|alt_jtag_atlantic:*|wdata[*]}] -to [get_registers {*}]
        Info (332166): set_false_path -from [get_registers {*|alt_jtag_atlantic:*|wdata[*]}] -to [get_registers {*}]
        Info (332166): set_false_path -from [get_registers {*|alt_jtag_atlantic:*|wdata[*]}] -to [get_registers {*}]
        Info (332166): set_false_path -from [get_registers {*|alt_jtag_atlantic:*|wdata[*]}] -to [get_registers {*}]
        Info (332166): set_false_path -from [get_registers {*|alt_jtag_atlantic:*|wdata[*]}] -to [get_registers {*}]
        Info (332166): set_false_path -from [get_registers {*|alt_jtag_atlantic:*|wdata[*]}] -to [get_registers {*}]
        Info (332166): set_false_path -from [get_registers {*|alt_jtag_atlantic:*|wdata[*]}] -to [get_registers {*}]
        Info (332166): set_false_path -from [get_registers {*|alt_jtag_atlantic:*|write}] -to [get_registers {*|alt_jtag_atlantic:*|write1*}] 
        Info (332166): set_false_path -from [get_registers {*|alt_jtag_atlantic:*|write_stalled}] -to [get_registers {*|alt_jtag_atlantic:*|t_ena*}]
        Info (332166): set_false_path -from [get_registers {*|alt_jtag_atlantic:*|write_stalled}] -to [get_registers {*|alt_jtag_atlantic:*|t_pause*}]
        Info (332166): set_false_path -from [get_registers {*|alt_jtag_atlantic:*|write_valid}]
    Info (332165): Entity altera_std_synchronizer
        Info (332166): set_false_path -to [get_keepers {*altera_std_synchronizer:*|din_s1}]
    Info (332165): Entity sld_hub
        Info (332166): create_clock -name altera_reserved_tck [get_ports {altera_reserved_tck}] -period 10MHz   
        Info (332166): set_clock_groups -asynchronous -group {altera_reserved_tck}
Info (332104): Reading SDC File: 'servo_ua/synthesis/submodules/altera_reset_controller.sdc'
Info (332104): Reading SDC File: 'servo_ua/synthesis/submodules/servo_ua_nios2_gen2_0_cpu.sdc'
Warning (332060): Node: clk_50 was determined to be a clock but was found without an associated clock assignment.
    Info (13166): Register servo_ua:U_NIOS|servo_ua_nios2_gen2_0:nios2_gen2_0|servo_ua_nios2_gen2_0_cpu:cpu|servo_ua_nios2_gen2_0_cpu_nios2_oci:the_servo_ua_nios2_gen2_0_cpu_nios2_oci|servo_ua_nios2_gen2_0_cpu_nios2_oci_debug:the_servo_ua_nios2_gen2_0_cpu_nios2_oci_debug|monitor_ready is being clocked by clk_50
Info (332097): The following timing edges are non-unate.  TimeQuest will assume pos-unate behavior for these edges in the clock network.
    Info (332098): Cell: altera_internal_jtag  from: tck  to: tckutap
Critical Warning (332168): The following clock transfers have no clock uncertainty assignment. For more accurate results, apply clock uncertainty assignments or use the derive_clock_uncertainty command.
    Critical Warning (332169): From altera_reserved_tck (Rise) to altera_reserved_tck (Rise) (setup and hold)
    Critical Warning (332169): From altera_reserved_tck (Rise) to altera_reserved_tck (Fall) (setup and hold)
    Critical Warning (332169): From altera_reserved_tck (Fall) to altera_reserved_tck (Fall) (setup and hold)
Info (332129): Detected timing requirements -- optimizing circuit to achieve only the specified requirements
Info (332111): Found 1 clocks
    Info (332111):   Period   Clock Name
    Info (332111): ======== ============
    Info (332111):  100.000 altera_reserved_tck
Info (176353): Automatically promoted node clk_50~input (placed in PIN 26 (CLK0n, DIFFIO_RX_L18n, DIFFOUT_L18n, High_Speed)) File: C:/intelFPGA_lite/17.1/prueba5_vhdl_y_ni2/servo_ua_top.vhd Line: 6
    Info (176355): Automatically promoted destinations to use location or clock signal Global Clock CLKCTRL_G2
Info (176353): Automatically promoted node altera_internal_jtag~TCKUTAP 
    Info (176355): Automatically promoted destinations to use location or clock signal Global Clock
Info (176353): Automatically promoted node servo_ua:U_NIOS|altera_reset_controller:rst_controller|r_sync_rst  File: C:/intelFPGA_lite/17.1/prueba5_vhdl_y_ni2/servo_ua/synthesis/submodules/altera_reset_controller.v Line: 288
    Info (176355): Automatically promoted destinations to use location or clock signal Global Clock
    Info (176356): Following destination nodes may be non-global or may not use global or regional clocks
        Info (176357): Destination node servo_ua:U_NIOS|altera_reset_controller:rst_controller|WideOr0~0 File: C:/intelFPGA_lite/17.1/prueba5_vhdl_y_ni2/servo_ua/synthesis/submodules/altera_reset_controller.v Line: 290
        Info (176357): Destination node servo_ua:U_NIOS|servo_ua_nios2_gen2_0:nios2_gen2_0|servo_ua_nios2_gen2_0_cpu:cpu|W_rf_wren File: C:/intelFPGA_lite/17.1/prueba5_vhdl_y_ni2/servo_ua/synthesis/submodules/servo_ua_nios2_gen2_0_cpu.v Line: 3451
        Info (176357): Destination node servo_ua:U_NIOS|servo_ua_nios2_gen2_0:nios2_gen2_0|servo_ua_nios2_gen2_0_cpu:cpu|servo_ua_nios2_gen2_0_cpu_nios2_oci:the_servo_ua_nios2_gen2_0_cpu_nios2_oci|servo_ua_nios2_gen2_0_cpu_nios2_oci_debug:the_servo_ua_nios2_gen2_0_cpu_nios2_oci_debug|altera_std_synchronizer:the_altera_std_synchronizer|din_s1 File: c:/intelfpga_lite/17.1/quartus/libraries/megafunctions/altera_std_synchronizer.v Line: 45
Info (176353): Automatically promoted node servo_ua:U_NIOS|altera_reset_controller:rst_controller|merged_reset~0  File: C:/intelFPGA_lite/17.1/prueba5_vhdl_y_ni2/servo_ua/synthesis/submodules/altera_reset_controller.v Line: 134
    Info (176355): Automatically promoted destinations to use location or clock signal Global Clock
Info (176233): Starting register packing
Info (176235): Finished register packing
    Extra Info (176218): Packed 8 registers into blocks of type Block RAM
Info (171121): Fitter preparation operations ending: elapsed time is 00:00:01
Info (14896): Fitter has disabled Advanced Physical Optimization because it is not supported for the current family.
Info (170189): Fitter placement preparation operations beginning
Info (170190): Fitter placement preparation operations ending: elapsed time is 00:00:00
Info (170191): Fitter placement operations beginning
Info (170137): Fitter placement was successful
Info (170192): Fitter placement operations ending: elapsed time is 00:00:01
Info (170193): Fitter routing operations beginning
Info (170195): Router estimated average interconnect usage is 9% of the available device resources
    Info (170196): Router estimated peak interconnect usage is 16% of the available device resources in the region that extends from location X10_Y0 to location X20_Y12
Info (170199): The Fitter performed an Auto Fit compilation.  Optimizations were skipped to reduce compilation time.
    Info (170201): Optimizations that may affect the design's routability were skipped
    Info (170200): Optimizations that may affect the design's timing were skipped
Info (170194): Fitter routing operations ending: elapsed time is 00:00:01
Info (11888): Total time spent on timing analysis during the Fitter is 0.25 seconds.
Info (334003): Started post-fitting delay annotation
Info (334004): Delay annotation completed successfully
Info (334003): Started post-fitting delay annotation
Info (334004): Delay annotation completed successfully
Info (11218): Fitter post-fit operations ending: elapsed time is 00:00:02
Warning (171167): Found invalid Fitter assignments. See the Ignored Assignments panel in the Fitter Compilation Report for more information.
Warning (169177): 2 pins must meet Intel FPGA requirements for 3.3-, 3.0-, and 2.5-V interfaces. For more information, refer to AN 447: Interfacing MAX 10 Devices with 3.3/3.0/2.5-V LVTTL/LVCMOS I/O Systems.
    Info (169178): Pin i2c_sda uses I/O standard 3.3-V LVCMOS at 12 File: C:/intelFPGA_lite/17.1/prueba5_vhdl_y_ni2/servo_ua_top.vhd Line: 14
    Info (169178): Pin i2c_scl uses I/O standard 3.3-V LVCMOS at 11 File: C:/intelFPGA_lite/17.1/prueba5_vhdl_y_ni2/servo_ua_top.vhd Line: 15
Info (144001): Generated suppressed messages file C:/intelFPGA_lite/17.1/prueba5_vhdl_y_ni2/output_files/servo_ua.fit.smsg
Info: Quartus Prime Fitter was successful. 0 errors, 11 warnings
    Info: Peak virtual memory: 5898 megabytes
    Info: Processing ended: Wed Dec 24 19:13:20 2025
    Info: Elapsed time: 00:00:08
    Info: Total CPU time (on all processors): 00:00:14


+----------------------------+
; Fitter Suppressed Messages ;
+----------------------------+
The suppressed messages can be found in C:/intelFPGA_lite/17.1/prueba5_vhdl_y_ni2/output_files/servo_ua.fit.smsg.


