Power Analyzer report for mat_ua_ni2
Thu Dec 18 20:59:36 2025
Quartus Prime Version 17.1.0 Build 590 10/25/2017 SJ Lite Edition


---------------------
; Table of Contents ;
---------------------
  1. Legal Notice
  2. Parallel Compilation
  3. Power Analyzer Summary
  4. Power Analyzer Settings
  5. Indeterminate Toggle Rates
  6. Operating Conditions Used
  7. Thermal Power Dissipation by Block
  8. Thermal Power Dissipation by Block Type
  9. Thermal Power Dissipation by Hierarchy
 10. Core Dynamic Thermal Power Dissipation by Clock Domain
 11. Current Drawn from Voltage Supplies Summary
 12. VCCIO Supply Current Drawn by I/O Bank
 13. VCCIO Supply Current Drawn by Voltage
 14. Confidence Metric Details
 15. Signal Activities
 16. Power Analyzer Messages



----------------
; Legal Notice ;
----------------
Copyright (C) 2017  Intel Corporation. All rights reserved.
Your use of Intel Corporation's design tools, logic functions 
and other software and tools, and its AMPP partner logic 
functions, and any output files from any of the foregoing 
(including device programming or simulation files), and any 
associated documentation or information are expressly subject 
to the terms and conditions of the Intel Program License 
Subscription Agreement, the Intel Quartus Prime License Agreement,
the Intel FPGA IP License Agreement, or other applicable license
agreement, including, without limitation, that your use is for
the sole purpose of programming logic devices manufactured by
Intel and sold by Intel or its authorized distributors.  Please
refer to the applicable agreement for further details.



+------------------------------------------+
; Parallel Compilation                     ;
+----------------------------+-------------+
; Processors                 ; Number      ;
+----------------------------+-------------+
; Number detected on machine ; 12          ;
; Maximum allowed            ; 8           ;
;                            ;             ;
; Average used               ; 2.04        ;
; Maximum used               ; 8           ;
;                            ;             ;
; Usage by Processor         ; % Time Used ;
;     Processor 1            ; 100.0%      ;
;     Processors 2-8         ;  14.8%      ;
+----------------------------+-------------+


+-------------------------------------------------------------------------------------------+
; Power Analyzer Summary                                                                    ;
+----------------------------------------+--------------------------------------------------+
; Power Analyzer Status                  ; Successful - Thu Dec 18 20:59:36 2025            ;
; Quartus Prime Version                  ; 17.1.0 Build 590 10/25/2017 SJ Lite Edition      ;
; Revision Name                          ; mat_ua_ni2                                       ;
; Top-level Entity Name                  ; mat_ua_ni2                                       ;
; Family                                 ; MAX 10                                           ;
; Device                                 ; 10M08SCE144C8G                                   ;
; Power Models                           ; Final                                            ;
; Total Thermal Power Dissipation        ; 117.91 mW                                        ;
; Core Dynamic Thermal Power Dissipation ; 1.46 mW                                          ;
; Core Static Thermal Power Dissipation  ; 110.61 mW                                        ;
; I/O Thermal Power Dissipation          ; 5.84 mW                                          ;
; Power Estimation Confidence            ; Low: user provided insufficient toggle rate data ;
+----------------------------------------+--------------------------------------------------+


+------------------------------------------------------------------------------------------------------------------------------------+
; Power Analyzer Settings                                                                                                            ;
+----------------------------------------------------------------------------+---------------------------------------+---------------+
; Option                                                                     ; Setting                               ; Default Value ;
+----------------------------------------------------------------------------+---------------------------------------+---------------+
; Use smart compilation                                                      ; Off                                   ; Off           ;
; Enable parallel Assembler and TimeQuest Timing Analyzer during compilation ; On                                    ; On            ;
; Enable compact report table                                                ; Off                                   ; Off           ;
; Default Power Input I/O Toggle Rate                                        ; 12.5%                                 ; 12.5%         ;
; Preset Cooling Solution                                                    ; 23 MM HEAT SINK WITH 200 LFPM AIRFLOW ;               ;
; Board thermal model                                                        ; None (CONSERVATIVE)                   ;               ;
; Default Power Toggle Rate                                                  ; 12.5%                                 ; 12.5%         ;
; Use vectorless estimation                                                  ; On                                    ; On            ;
; Use Input Files                                                            ; Off                                   ; Off           ;
; Filter Glitches in VCD File Reader                                         ; On                                    ; On            ;
; Power Analyzer Report Signal Activity                                      ; Off                                   ; Off           ;
; Power Analyzer Report Power Dissipation                                    ; Off                                   ; Off           ;
; Device Power Characteristics                                               ; TYPICAL                               ; TYPICAL       ;
; Automatically Compute Junction Temperature                                 ; On                                    ; On            ;
; Specified Junction Temperature                                             ; 25                                    ; 25            ;
; Ambient Temperature                                                        ; 25                                    ; 25            ;
; Use Custom Cooling Solution                                                ; Off                                   ; Off           ;
; Board Temperature                                                          ; 25                                    ; 25            ;
+----------------------------------------------------------------------------+---------------------------------------+---------------+


+-----------------------------------------------------------------------------------------------------------------------------------------------------------------------------------------------------------------------------------------------------------------------------------------------------+
; Indeterminate Toggle Rates                                                                                                                                                                                                                                                                          ;
+-----------------------------------------------------------------------------------------------------------------------------------------------------------------------------------------------------------------------------------------------------------------------+-----------------------------+
; Node                                                                                                                                                                                                                                                                  ; Reason                      ;
+-----------------------------------------------------------------------------------------------------------------------------------------------------------------------------------------------------------------------------------------------------------------------+-----------------------------+
; clk_clk                                                                                                                                                                                                                                                               ; No valid clock domain found ;
; uart_rxd                                                                                                                                                                                                                                                              ; No valid clock domain found ;
; clk_clk~inputclkctrl                                                                                                                                                                                                                                                  ; No valid clock domain found ;
; altera_reset_controller:rst_controller|r_sync_rst~clkctrl                                                                                                                                                                                                             ; No valid clock domain found ;
; altera_reset_controller:rst_controller_001|r_sync_rst~clkctrl                                                                                                                                                                                                         ; No valid clock domain found ;
; mat_ua_ni2_nios2_gen2_0:nios2_gen2_0|mat_ua_ni2_nios2_gen2_0_cpu:cpu|mat_ua_ni2_nios2_gen2_0_cpu_nios2_oci:the_mat_ua_ni2_nios2_gen2_0_cpu_nios2_oci|mat_ua_ni2_nios2_gen2_0_cpu_nios2_oci_debug:the_mat_ua_ni2_nios2_gen2_0_cpu_nios2_oci_debug|resetrequest~clkctrl ; No valid clock domain found ;
+-----------------------------------------------------------------------------------------------------------------------------------------------------------------------------------------------------------------------------------------------------------------------+-----------------------------+


+--------------------------------------------------------------------------+
; Operating Conditions Used                                                ;
+---------------------------------------------+----------------------------+
; Setting                                     ; Value                      ;
+---------------------------------------------+----------------------------+
; Device power characteristics                ; Typical                    ;
;                                             ;                            ;
; Voltages                                    ;                            ;
;     VCCA                                    ; 3.00 V                     ;
;     VCC_ONE                                 ; 3.00 V                     ;
;     2.5 V I/O Standard                      ; 2.5 V                      ;
;     2.5 V Schmitt Trigger I/O Standard      ; 2.5 V                      ;
;                                             ;                            ;
; Auto computed junction temperature          ; 27.1 degrees Celsius       ;
;     Ambient temperature                     ; 25.0 degrees Celsius       ;
;     Junction-to-Case thermal resistance     ; 10.90 degrees Celsius/Watt ;
;     Case-to-Heat Sink thermal resistance    ; 0.10 degrees Celsius/Watt  ;
;     Heat Sink-to-Ambient thermal resistance ; 7.20 degrees Celsius/Watt  ;
;                                             ;                            ;
; Board model used                            ; None                       ;
+---------------------------------------------+----------------------------+


+----------------------------------------------------------------------------------------------------------------------------------------------+
; Thermal Power Dissipation by Block                                                                                                           ;
+------------+------------+---------------------+-----------------------------+--------------------------------+-------------------------------+
; Block Name ; Block Type ; Total Thermal Power ; Block Thermal Dynamic Power ; Block Thermal Static Power (1) ; Routing Thermal Dynamic Power ;
+------------+------------+---------------------+-----------------------------+--------------------------------+-------------------------------+
(1) The "Thermal Power Dissipation by Block" Table has been hidden. To show this table, please select the "Write power dissipation by block to report file" option under "PowerPlay Power Analyzer Settings".


+--------------------------------------------------------------------------------------------------------------------------------------------------------------------------------------------------------------------+
; Thermal Power Dissipation by Block Type                                                                                                                                                                            ;
+---------------------+-----------------------------------+-----------------------------+--------------------------------+-------------------------------+-----------------------------------------------------------+
; Block Type          ; Total Thermal Power by Block Type ; Block Thermal Dynamic Power ; Block Thermal Static Power (1) ; Routing Thermal Dynamic Power ; Block Average Toggle Rate (millions of transitions / sec) ;
+---------------------+-----------------------------------+-----------------------------+--------------------------------+-------------------------------+-----------------------------------------------------------+
; JTAG                ; 0.00 mW                           ; 0.00 mW                     ; --                             ; 0.00 mW                       ;    6.875                                                  ;
; M9K                 ; 0.01 mW                           ; 0.00 mW                     ; --                             ; 0.01 mW                       ;    0.069                                                  ;
; Combinational cell  ; 0.07 mW                           ; 0.06 mW                     ; --                             ; 0.02 mW                       ;    0.164                                                  ;
; Clock control block ; 0.26 mW                           ; 0.00 mW                     ; --                             ; 0.26 mW                       ;    4.000                                                  ;
; Register cell       ; 0.24 mW                           ; 0.15 mW                     ; --                             ; 0.09 mW                       ;    0.292                                                  ;
; I/O                 ; 0.21 mW                           ; 0.15 mW                     ; 0.06 mW                        ; 0.00 mW                       ;    1.833                                                  ;
; Voltage Regulator   ; 0.88 mW                           ; 0.88 mW                     ; 0.00 mW                        ; --                            ; --                                                        ;
+---------------------+-----------------------------------+-----------------------------+--------------------------------+-------------------------------+-----------------------------------------------------------+
(1) The "Block Thermal Static Power" for all block types except Pins and the Voltage Regulator, if one exists, is part of the "Core Static Thermal Power Dissipation" value found on the PowerPlay Power Analyzer-->Summary report panel. The "Core Static Thermal Power Dissipation" also contains the thermal static power dissipated by the routing.


+------------------------------------------------------------------------------------------------------------------------------------------------------------------------------------------------------------------------------------------------------------------------------------------------------------------------------------------------------------------------------------------------------------------------------------------------------------------------------------------------------------------------------------------------------------------------------------------------------------------------------------------------------------------------------------------------------------------------------------+
; Thermal Power Dissipation by Hierarchy                                                                                                                                                                                                                                                                                                                                                                                                                                                                                                                                                                                                                                                                                             ;
+------------------------------------------------------------------------------------------------------------------------------------------+--------------------------------------+---------------------------------+-----------------------------------+-----------------------------------+----------------------------------------------------------------------------------------------------------------------------------------------------------------------------------------------------------------------------------------------------------------------------------------------------------------------------------------------------------------------------------------------------------------------------------------+
; Compilation Hierarchy Node                                                                                                               ; Total Thermal Power by Hierarchy (1) ; Block Thermal Dynamic Power (1) ; Block Thermal Static Power (1)(2) ; Routing Thermal Dynamic Power (1) ; Full Hierarchy Name                                                                                                                                                                                                                                                                                                                                                                                                                    ;
+------------------------------------------------------------------------------------------------------------------------------------------+--------------------------------------+---------------------------------+-----------------------------------+-----------------------------------+----------------------------------------------------------------------------------------------------------------------------------------------------------------------------------------------------------------------------------------------------------------------------------------------------------------------------------------------------------------------------------------------------------------------------------------+
; |mat_ua_ni2                                                                                                                              ; 1.67 mW (1.35 mW)                    ; 1.23 mW (1.03 mW)               ; 0.06 mW (0.06 mW)                 ; 0.38 mW (0.26 mW)                 ; |mat_ua_ni2                                                                                                                                                                                                                                                                                                                                                                                                                            ;
;     |hard_block:auto_generated_inst                                                                                                      ; 0.00 mW (0.00 mW)                    ; 0.00 mW (0.00 mW)               ; --                                ; 0.00 mW (0.00 mW)                 ; |mat_ua_ni2|hard_block:auto_generated_inst                                                                                                                                                                                                                                                                                                                                                                                             ;
;     |sld_hub:auto_hub                                                                                                                    ; 0.14 mW (0.00 mW)                    ; 0.10 mW (0.00 mW)               ; --                                ; 0.04 mW (0.00 mW)                 ; |mat_ua_ni2|sld_hub:auto_hub                                                                                                                                                                                                                                                                                                                                                                                                           ;
;         |alt_sld_fab_with_jtag_input:\instrumentation_fabric_with_node_gen:fabric_gen_new_way:with_jtag_input_gen:instrumentation_fabric ; 0.14 mW (0.00 mW)                    ; 0.10 mW (0.00 mW)               ; --                                ; 0.04 mW (0.00 mW)                 ; |mat_ua_ni2|sld_hub:auto_hub|alt_sld_fab_with_jtag_input:\instrumentation_fabric_with_node_gen:fabric_gen_new_way:with_jtag_input_gen:instrumentation_fabric                                                                                                                                                                                                                                                                           ;
;             |alt_sld_fab:instrumentation_fabric                                                                                          ; 0.14 mW (0.00 mW)                    ; 0.10 mW (0.00 mW)               ; --                                ; 0.04 mW (0.00 mW)                 ; |mat_ua_ni2|sld_hub:auto_hub|alt_sld_fab_with_jtag_input:\instrumentation_fabric_with_node_gen:fabric_gen_new_way:with_jtag_input_gen:instrumentation_fabric|alt_sld_fab:instrumentation_fabric                                                                                                                                                                                                                                        ;
;                 |alt_sld_fab_alt_sld_fab:alt_sld_fab                                                                                     ; 0.14 mW (0.01 mW)                    ; 0.10 mW (0.01 mW)               ; --                                ; 0.04 mW (0.00 mW)                 ; |mat_ua_ni2|sld_hub:auto_hub|alt_sld_fab_with_jtag_input:\instrumentation_fabric_with_node_gen:fabric_gen_new_way:with_jtag_input_gen:instrumentation_fabric|alt_sld_fab:instrumentation_fabric|alt_sld_fab_alt_sld_fab:alt_sld_fab                                                                                                                                                                                                    ;
;                     |alt_sld_fab_alt_sld_fab_sldfabric:sldfabric                                                                         ; 0.13 mW (0.00 mW)                    ; 0.09 mW (0.00 mW)               ; --                                ; 0.04 mW (0.00 mW)                 ; |mat_ua_ni2|sld_hub:auto_hub|alt_sld_fab_with_jtag_input:\instrumentation_fabric_with_node_gen:fabric_gen_new_way:with_jtag_input_gen:instrumentation_fabric|alt_sld_fab:instrumentation_fabric|alt_sld_fab_alt_sld_fab:alt_sld_fab|alt_sld_fab_alt_sld_fab_sldfabric:sldfabric                                                                                                                                                        ;
;                         |sld_jtag_hub:\jtag_hub_gen:real_sld_jtag_hub                                                                    ; 0.13 mW (0.09 mW)                    ; 0.09 mW (0.06 mW)               ; --                                ; 0.04 mW (0.03 mW)                 ; |mat_ua_ni2|sld_hub:auto_hub|alt_sld_fab_with_jtag_input:\instrumentation_fabric_with_node_gen:fabric_gen_new_way:with_jtag_input_gen:instrumentation_fabric|alt_sld_fab:instrumentation_fabric|alt_sld_fab_alt_sld_fab:alt_sld_fab|alt_sld_fab_alt_sld_fab_sldfabric:sldfabric|sld_jtag_hub:\jtag_hub_gen:real_sld_jtag_hub                                                                                                           ;
;                             |sld_rom_sr:hub_info_reg                                                                                     ; 0.01 mW (0.01 mW)                    ; 0.01 mW (0.01 mW)               ; --                                ; 0.00 mW (0.00 mW)                 ; |mat_ua_ni2|sld_hub:auto_hub|alt_sld_fab_with_jtag_input:\instrumentation_fabric_with_node_gen:fabric_gen_new_way:with_jtag_input_gen:instrumentation_fabric|alt_sld_fab:instrumentation_fabric|alt_sld_fab_alt_sld_fab:alt_sld_fab|alt_sld_fab_alt_sld_fab_sldfabric:sldfabric|sld_jtag_hub:\jtag_hub_gen:real_sld_jtag_hub|sld_rom_sr:hub_info_reg                                                                                   ;
;                             |sld_shadow_jsm:shadow_jsm                                                                                   ; 0.03 mW (0.03 mW)                    ; 0.02 mW (0.02 mW)               ; --                                ; 0.01 mW (0.01 mW)                 ; |mat_ua_ni2|sld_hub:auto_hub|alt_sld_fab_with_jtag_input:\instrumentation_fabric_with_node_gen:fabric_gen_new_way:with_jtag_input_gen:instrumentation_fabric|alt_sld_fab:instrumentation_fabric|alt_sld_fab_alt_sld_fab:alt_sld_fab|alt_sld_fab_alt_sld_fab_sldfabric:sldfabric|sld_jtag_hub:\jtag_hub_gen:real_sld_jtag_hub|sld_shadow_jsm:shadow_jsm                                                                                 ;
;         |sld_jtag_interface_mod:\jtag_interface_mod_gen:device_family_mod_inst                                                           ; 0.00 mW (0.00 mW)                    ; 0.00 mW (0.00 mW)               ; --                                ; 0.00 mW (0.00 mW)                 ; |mat_ua_ni2|sld_hub:auto_hub|sld_jtag_interface_mod:\jtag_interface_mod_gen:device_family_mod_inst                                                                                                                                                                                                                                                                                                                                     ;
;     |mat_ua_ni2_jtag_uart_0:jtag_uart_0                                                                                                  ; 0.07 mW (0.00 mW)                    ; 0.04 mW (0.00 mW)               ; --                                ; 0.02 mW (0.00 mW)                 ; |mat_ua_ni2|mat_ua_ni2_jtag_uart_0:jtag_uart_0                                                                                                                                                                                                                                                                                                                                                                                         ;
;         |alt_jtag_atlantic:mat_ua_ni2_jtag_uart_0_alt_jtag_atlantic                                                                      ; 0.07 mW (0.07 mW)                    ; 0.04 mW (0.04 mW)               ; --                                ; 0.02 mW (0.02 mW)                 ; |mat_ua_ni2|mat_ua_ni2_jtag_uart_0:jtag_uart_0|alt_jtag_atlantic:mat_ua_ni2_jtag_uart_0_alt_jtag_atlantic                                                                                                                                                                                                                                                                                                                              ;
;             |altera_sld_agent_endpoint:inst                                                                                              ; 0.00 mW (0.00 mW)                    ; 0.00 mW (0.00 mW)               ; --                                ; 0.00 mW (0.00 mW)                 ; |mat_ua_ni2|mat_ua_ni2_jtag_uart_0:jtag_uart_0|alt_jtag_atlantic:mat_ua_ni2_jtag_uart_0_alt_jtag_atlantic|altera_sld_agent_endpoint:inst                                                                                                                                                                                                                                                                                               ;
;         |mat_ua_ni2_jtag_uart_0_scfifo_r:the_mat_ua_ni2_jtag_uart_0_scfifo_r                                                             ; 0.00 mW (0.00 mW)                    ; 0.00 mW (0.00 mW)               ; --                                ; 0.00 mW (0.00 mW)                 ; |mat_ua_ni2|mat_ua_ni2_jtag_uart_0:jtag_uart_0|mat_ua_ni2_jtag_uart_0_scfifo_r:the_mat_ua_ni2_jtag_uart_0_scfifo_r                                                                                                                                                                                                                                                                                                                     ;
;             |scfifo:rfifo                                                                                                                ; 0.00 mW (0.00 mW)                    ; 0.00 mW (0.00 mW)               ; --                                ; 0.00 mW (0.00 mW)                 ; |mat_ua_ni2|mat_ua_ni2_jtag_uart_0:jtag_uart_0|mat_ua_ni2_jtag_uart_0_scfifo_r:the_mat_ua_ni2_jtag_uart_0_scfifo_r|scfifo:rfifo                                                                                                                                                                                                                                                                                                        ;
;                 |scfifo_9621:auto_generated                                                                                              ; 0.00 mW (0.00 mW)                    ; 0.00 mW (0.00 mW)               ; --                                ; 0.00 mW (0.00 mW)                 ; |mat_ua_ni2|mat_ua_ni2_jtag_uart_0:jtag_uart_0|mat_ua_ni2_jtag_uart_0_scfifo_r:the_mat_ua_ni2_jtag_uart_0_scfifo_r|scfifo:rfifo|scfifo_9621:auto_generated                                                                                                                                                                                                                                                                             ;
;                     |a_dpfifo_bb01:dpfifo                                                                                                ; 0.00 mW (0.00 mW)                    ; 0.00 mW (0.00 mW)               ; --                                ; 0.00 mW (0.00 mW)                 ; |mat_ua_ni2|mat_ua_ni2_jtag_uart_0:jtag_uart_0|mat_ua_ni2_jtag_uart_0_scfifo_r:the_mat_ua_ni2_jtag_uart_0_scfifo_r|scfifo:rfifo|scfifo_9621:auto_generated|a_dpfifo_bb01:dpfifo                                                                                                                                                                                                                                                        ;
;                         |a_fefifo_7cf:fifo_state                                                                                         ; 0.00 mW (0.00 mW)                    ; 0.00 mW (0.00 mW)               ; --                                ; 0.00 mW (0.00 mW)                 ; |mat_ua_ni2|mat_ua_ni2_jtag_uart_0:jtag_uart_0|mat_ua_ni2_jtag_uart_0_scfifo_r:the_mat_ua_ni2_jtag_uart_0_scfifo_r|scfifo:rfifo|scfifo_9621:auto_generated|a_dpfifo_bb01:dpfifo|a_fefifo_7cf:fifo_state                                                                                                                                                                                                                                ;
;                             |cntr_337:count_usedw                                                                                        ; 0.00 mW (0.00 mW)                    ; 0.00 mW (0.00 mW)               ; --                                ; 0.00 mW (0.00 mW)                 ; |mat_ua_ni2|mat_ua_ni2_jtag_uart_0:jtag_uart_0|mat_ua_ni2_jtag_uart_0_scfifo_r:the_mat_ua_ni2_jtag_uart_0_scfifo_r|scfifo:rfifo|scfifo_9621:auto_generated|a_dpfifo_bb01:dpfifo|a_fefifo_7cf:fifo_state|cntr_337:count_usedw                                                                                                                                                                                                           ;
;                         |altsyncram_dtn1:FIFOram                                                                                         ; 0.00 mW (0.00 mW)                    ; 0.00 mW (0.00 mW)               ; --                                ; 0.00 mW (0.00 mW)                 ; |mat_ua_ni2|mat_ua_ni2_jtag_uart_0:jtag_uart_0|mat_ua_ni2_jtag_uart_0_scfifo_r:the_mat_ua_ni2_jtag_uart_0_scfifo_r|scfifo:rfifo|scfifo_9621:auto_generated|a_dpfifo_bb01:dpfifo|altsyncram_dtn1:FIFOram                                                                                                                                                                                                                                ;
;                         |cntr_n2b:rd_ptr_count                                                                                           ; 0.00 mW (0.00 mW)                    ; 0.00 mW (0.00 mW)               ; --                                ; 0.00 mW (0.00 mW)                 ; |mat_ua_ni2|mat_ua_ni2_jtag_uart_0:jtag_uart_0|mat_ua_ni2_jtag_uart_0_scfifo_r:the_mat_ua_ni2_jtag_uart_0_scfifo_r|scfifo:rfifo|scfifo_9621:auto_generated|a_dpfifo_bb01:dpfifo|cntr_n2b:rd_ptr_count                                                                                                                                                                                                                                  ;
;                         |cntr_n2b:wr_ptr                                                                                                 ; 0.00 mW (0.00 mW)                    ; 0.00 mW (0.00 mW)               ; --                                ; 0.00 mW (0.00 mW)                 ; |mat_ua_ni2|mat_ua_ni2_jtag_uart_0:jtag_uart_0|mat_ua_ni2_jtag_uart_0_scfifo_r:the_mat_ua_ni2_jtag_uart_0_scfifo_r|scfifo:rfifo|scfifo_9621:auto_generated|a_dpfifo_bb01:dpfifo|cntr_n2b:wr_ptr                                                                                                                                                                                                                                        ;
;         |mat_ua_ni2_jtag_uart_0_scfifo_w:the_mat_ua_ni2_jtag_uart_0_scfifo_w                                                             ; 0.00 mW (0.00 mW)                    ; 0.00 mW (0.00 mW)               ; --                                ; 0.00 mW (0.00 mW)                 ; |mat_ua_ni2|mat_ua_ni2_jtag_uart_0:jtag_uart_0|mat_ua_ni2_jtag_uart_0_scfifo_w:the_mat_ua_ni2_jtag_uart_0_scfifo_w                                                                                                                                                                                                                                                                                                                     ;
;             |scfifo:wfifo                                                                                                                ; 0.00 mW (0.00 mW)                    ; 0.00 mW (0.00 mW)               ; --                                ; 0.00 mW (0.00 mW)                 ; |mat_ua_ni2|mat_ua_ni2_jtag_uart_0:jtag_uart_0|mat_ua_ni2_jtag_uart_0_scfifo_w:the_mat_ua_ni2_jtag_uart_0_scfifo_w|scfifo:wfifo                                                                                                                                                                                                                                                                                                        ;
;                 |scfifo_9621:auto_generated                                                                                              ; 0.00 mW (0.00 mW)                    ; 0.00 mW (0.00 mW)               ; --                                ; 0.00 mW (0.00 mW)                 ; |mat_ua_ni2|mat_ua_ni2_jtag_uart_0:jtag_uart_0|mat_ua_ni2_jtag_uart_0_scfifo_w:the_mat_ua_ni2_jtag_uart_0_scfifo_w|scfifo:wfifo|scfifo_9621:auto_generated                                                                                                                                                                                                                                                                             ;
;                     |a_dpfifo_bb01:dpfifo                                                                                                ; 0.00 mW (0.00 mW)                    ; 0.00 mW (0.00 mW)               ; --                                ; 0.00 mW (0.00 mW)                 ; |mat_ua_ni2|mat_ua_ni2_jtag_uart_0:jtag_uart_0|mat_ua_ni2_jtag_uart_0_scfifo_w:the_mat_ua_ni2_jtag_uart_0_scfifo_w|scfifo:wfifo|scfifo_9621:auto_generated|a_dpfifo_bb01:dpfifo                                                                                                                                                                                                                                                        ;
;                         |a_fefifo_7cf:fifo_state                                                                                         ; 0.00 mW (0.00 mW)                    ; 0.00 mW (0.00 mW)               ; --                                ; 0.00 mW (0.00 mW)                 ; |mat_ua_ni2|mat_ua_ni2_jtag_uart_0:jtag_uart_0|mat_ua_ni2_jtag_uart_0_scfifo_w:the_mat_ua_ni2_jtag_uart_0_scfifo_w|scfifo:wfifo|scfifo_9621:auto_generated|a_dpfifo_bb01:dpfifo|a_fefifo_7cf:fifo_state                                                                                                                                                                                                                                ;
;                             |cntr_337:count_usedw                                                                                        ; 0.00 mW (0.00 mW)                    ; 0.00 mW (0.00 mW)               ; --                                ; 0.00 mW (0.00 mW)                 ; |mat_ua_ni2|mat_ua_ni2_jtag_uart_0:jtag_uart_0|mat_ua_ni2_jtag_uart_0_scfifo_w:the_mat_ua_ni2_jtag_uart_0_scfifo_w|scfifo:wfifo|scfifo_9621:auto_generated|a_dpfifo_bb01:dpfifo|a_fefifo_7cf:fifo_state|cntr_337:count_usedw                                                                                                                                                                                                           ;
;                         |altsyncram_dtn1:FIFOram                                                                                         ; 0.00 mW (0.00 mW)                    ; 0.00 mW (0.00 mW)               ; --                                ; 0.00 mW (0.00 mW)                 ; |mat_ua_ni2|mat_ua_ni2_jtag_uart_0:jtag_uart_0|mat_ua_ni2_jtag_uart_0_scfifo_w:the_mat_ua_ni2_jtag_uart_0_scfifo_w|scfifo:wfifo|scfifo_9621:auto_generated|a_dpfifo_bb01:dpfifo|altsyncram_dtn1:FIFOram                                                                                                                                                                                                                                ;
;                         |cntr_n2b:rd_ptr_count                                                                                           ; 0.00 mW (0.00 mW)                    ; 0.00 mW (0.00 mW)               ; --                                ; 0.00 mW (0.00 mW)                 ; |mat_ua_ni2|mat_ua_ni2_jtag_uart_0:jtag_uart_0|mat_ua_ni2_jtag_uart_0_scfifo_w:the_mat_ua_ni2_jtag_uart_0_scfifo_w|scfifo:wfifo|scfifo_9621:auto_generated|a_dpfifo_bb01:dpfifo|cntr_n2b:rd_ptr_count                                                                                                                                                                                                                                  ;
;                         |cntr_n2b:wr_ptr                                                                                                 ; 0.00 mW (0.00 mW)                    ; 0.00 mW (0.00 mW)               ; --                                ; 0.00 mW (0.00 mW)                 ; |mat_ua_ni2|mat_ua_ni2_jtag_uart_0:jtag_uart_0|mat_ua_ni2_jtag_uart_0_scfifo_w:the_mat_ua_ni2_jtag_uart_0_scfifo_w|scfifo:wfifo|scfifo_9621:auto_generated|a_dpfifo_bb01:dpfifo|cntr_n2b:wr_ptr                                                                                                                                                                                                                                        ;
;     |mat_ua_ni2_mm_interconnect_0:mm_interconnect_0                                                                                      ; 0.00 mW (0.00 mW)                    ; 0.00 mW (0.00 mW)               ; --                                ; 0.00 mW (0.00 mW)                 ; |mat_ua_ni2|mat_ua_ni2_mm_interconnect_0:mm_interconnect_0                                                                                                                                                                                                                                                                                                                                                                             ;
;         |mat_ua_ni2_mm_interconnect_0_avalon_st_adapter:avalon_st_adapter                                                                ; 0.00 mW (0.00 mW)                    ; 0.00 mW (0.00 mW)               ; --                                ; 0.00 mW (0.00 mW)                 ; |mat_ua_ni2|mat_ua_ni2_mm_interconnect_0:mm_interconnect_0|mat_ua_ni2_mm_interconnect_0_avalon_st_adapter:avalon_st_adapter                                                                                                                                                                                                                                                                                                            ;
;         |mat_ua_ni2_mm_interconnect_0_avalon_st_adapter:avalon_st_adapter_001                                                            ; 0.00 mW (0.00 mW)                    ; 0.00 mW (0.00 mW)               ; --                                ; 0.00 mW (0.00 mW)                 ; |mat_ua_ni2|mat_ua_ni2_mm_interconnect_0:mm_interconnect_0|mat_ua_ni2_mm_interconnect_0_avalon_st_adapter:avalon_st_adapter_001                                                                                                                                                                                                                                                                                                        ;
;         |mat_ua_ni2_mm_interconnect_0_avalon_st_adapter:avalon_st_adapter_002                                                            ; 0.00 mW (0.00 mW)                    ; 0.00 mW (0.00 mW)               ; --                                ; 0.00 mW (0.00 mW)                 ; |mat_ua_ni2|mat_ua_ni2_mm_interconnect_0:mm_interconnect_0|mat_ua_ni2_mm_interconnect_0_avalon_st_adapter:avalon_st_adapter_002                                                                                                                                                                                                                                                                                                        ;
;         |mat_ua_ni2_mm_interconnect_0_avalon_st_adapter:avalon_st_adapter_003                                                            ; 0.00 mW (0.00 mW)                    ; 0.00 mW (0.00 mW)               ; --                                ; 0.00 mW (0.00 mW)                 ; |mat_ua_ni2|mat_ua_ni2_mm_interconnect_0:mm_interconnect_0|mat_ua_ni2_mm_interconnect_0_avalon_st_adapter:avalon_st_adapter_003                                                                                                                                                                                                                                                                                                        ;
;         |mat_ua_ni2_mm_interconnect_0_avalon_st_adapter:avalon_st_adapter_004                                                            ; 0.00 mW (0.00 mW)                    ; 0.00 mW (0.00 mW)               ; --                                ; 0.00 mW (0.00 mW)                 ; |mat_ua_ni2|mat_ua_ni2_mm_interconnect_0:mm_interconnect_0|mat_ua_ni2_mm_interconnect_0_avalon_st_adapter:avalon_st_adapter_004                                                                                                                                                                                                                                                                                                        ;
;         |mat_ua_ni2_mm_interconnect_0_cmd_demux:cmd_demux                                                                                ; 0.00 mW (0.00 mW)                    ; 0.00 mW (0.00 mW)               ; --                                ; 0.00 mW (0.00 mW)                 ; |mat_ua_ni2|mat_ua_ni2_mm_interconnect_0:mm_interconnect_0|mat_ua_ni2_mm_interconnect_0_cmd_demux:cmd_demux                                                                                                                                                                                                                                                                                                                            ;
;         |mat_ua_ni2_mm_interconnect_0_cmd_demux:cmd_demux_001                                                                            ; 0.00 mW (0.00 mW)                    ; 0.00 mW (0.00 mW)               ; --                                ; 0.00 mW (0.00 mW)                 ; |mat_ua_ni2|mat_ua_ni2_mm_interconnect_0:mm_interconnect_0|mat_ua_ni2_mm_interconnect_0_cmd_demux:cmd_demux_001                                                                                                                                                                                                                                                                                                                        ;
;         |mat_ua_ni2_mm_interconnect_0_cmd_mux:cmd_mux                                                                                    ; 0.00 mW (0.00 mW)                    ; 0.00 mW (0.00 mW)               ; --                                ; 0.00 mW (0.00 mW)                 ; |mat_ua_ni2|mat_ua_ni2_mm_interconnect_0:mm_interconnect_0|mat_ua_ni2_mm_interconnect_0_cmd_mux:cmd_mux                                                                                                                                                                                                                                                                                                                                ;
;             |altera_merlin_arbitrator:arb                                                                                                ; 0.00 mW (0.00 mW)                    ; 0.00 mW (0.00 mW)               ; --                                ; 0.00 mW (0.00 mW)                 ; |mat_ua_ni2|mat_ua_ni2_mm_interconnect_0:mm_interconnect_0|mat_ua_ni2_mm_interconnect_0_cmd_mux:cmd_mux|altera_merlin_arbitrator:arb                                                                                                                                                                                                                                                                                                   ;
;         |mat_ua_ni2_mm_interconnect_0_cmd_mux:cmd_mux_001                                                                                ; 0.00 mW (0.00 mW)                    ; 0.00 mW (0.00 mW)               ; --                                ; 0.00 mW (0.00 mW)                 ; |mat_ua_ni2|mat_ua_ni2_mm_interconnect_0:mm_interconnect_0|mat_ua_ni2_mm_interconnect_0_cmd_mux:cmd_mux_001                                                                                                                                                                                                                                                                                                                            ;
;             |altera_merlin_arbitrator:arb                                                                                                ; 0.00 mW (0.00 mW)                    ; 0.00 mW (0.00 mW)               ; --                                ; 0.00 mW (0.00 mW)                 ; |mat_ua_ni2|mat_ua_ni2_mm_interconnect_0:mm_interconnect_0|mat_ua_ni2_mm_interconnect_0_cmd_mux:cmd_mux_001|altera_merlin_arbitrator:arb                                                                                                                                                                                                                                                                                               ;
;         |mat_ua_ni2_mm_interconnect_0_cmd_mux:cmd_mux_002                                                                                ; 0.00 mW (0.00 mW)                    ; 0.00 mW (0.00 mW)               ; --                                ; 0.00 mW (0.00 mW)                 ; |mat_ua_ni2|mat_ua_ni2_mm_interconnect_0:mm_interconnect_0|mat_ua_ni2_mm_interconnect_0_cmd_mux:cmd_mux_002                                                                                                                                                                                                                                                                                                                            ;
;             |altera_merlin_arbitrator:arb                                                                                                ; 0.00 mW (0.00 mW)                    ; 0.00 mW (0.00 mW)               ; --                                ; 0.00 mW (0.00 mW)                 ; |mat_ua_ni2|mat_ua_ni2_mm_interconnect_0:mm_interconnect_0|mat_ua_ni2_mm_interconnect_0_cmd_mux:cmd_mux_002|altera_merlin_arbitrator:arb                                                                                                                                                                                                                                                                                               ;
;         |mat_ua_ni2_mm_interconnect_0_cmd_mux:cmd_mux_003                                                                                ; 0.00 mW (0.00 mW)                    ; 0.00 mW (0.00 mW)               ; --                                ; 0.00 mW (0.00 mW)                 ; |mat_ua_ni2|mat_ua_ni2_mm_interconnect_0:mm_interconnect_0|mat_ua_ni2_mm_interconnect_0_cmd_mux:cmd_mux_003                                                                                                                                                                                                                                                                                                                            ;
;             |altera_merlin_arbitrator:arb                                                                                                ; 0.00 mW (0.00 mW)                    ; 0.00 mW (0.00 mW)               ; --                                ; 0.00 mW (0.00 mW)                 ; |mat_ua_ni2|mat_ua_ni2_mm_interconnect_0:mm_interconnect_0|mat_ua_ni2_mm_interconnect_0_cmd_mux:cmd_mux_003|altera_merlin_arbitrator:arb                                                                                                                                                                                                                                                                                               ;
;         |mat_ua_ni2_mm_interconnect_0_cmd_mux:cmd_mux_004                                                                                ; 0.00 mW (0.00 mW)                    ; 0.00 mW (0.00 mW)               ; --                                ; 0.00 mW (0.00 mW)                 ; |mat_ua_ni2|mat_ua_ni2_mm_interconnect_0:mm_interconnect_0|mat_ua_ni2_mm_interconnect_0_cmd_mux:cmd_mux_004                                                                                                                                                                                                                                                                                                                            ;
;             |altera_merlin_arbitrator:arb                                                                                                ; 0.00 mW (0.00 mW)                    ; 0.00 mW (0.00 mW)               ; --                                ; 0.00 mW (0.00 mW)                 ; |mat_ua_ni2|mat_ua_ni2_mm_interconnect_0:mm_interconnect_0|mat_ua_ni2_mm_interconnect_0_cmd_mux:cmd_mux_004|altera_merlin_arbitrator:arb                                                                                                                                                                                                                                                                                               ;
;         |altera_merlin_slave_agent:jtag_uart_0_avalon_jtag_slave_agent                                                                   ; 0.00 mW (0.00 mW)                    ; 0.00 mW (0.00 mW)               ; --                                ; 0.00 mW (0.00 mW)                 ; |mat_ua_ni2|mat_ua_ni2_mm_interconnect_0:mm_interconnect_0|altera_merlin_slave_agent:jtag_uart_0_avalon_jtag_slave_agent                                                                                                                                                                                                                                                                                                               ;
;         |altera_avalon_sc_fifo:jtag_uart_0_avalon_jtag_slave_agent_rsp_fifo                                                              ; 0.00 mW (0.00 mW)                    ; 0.00 mW (0.00 mW)               ; --                                ; 0.00 mW (0.00 mW)                 ; |mat_ua_ni2|mat_ua_ni2_mm_interconnect_0:mm_interconnect_0|altera_avalon_sc_fifo:jtag_uart_0_avalon_jtag_slave_agent_rsp_fifo                                                                                                                                                                                                                                                                                                          ;
;         |altera_merlin_slave_translator:jtag_uart_0_avalon_jtag_slave_translator                                                         ; 0.00 mW (0.00 mW)                    ; 0.00 mW (0.00 mW)               ; --                                ; 0.00 mW (0.00 mW)                 ; |mat_ua_ni2|mat_ua_ni2_mm_interconnect_0:mm_interconnect_0|altera_merlin_slave_translator:jtag_uart_0_avalon_jtag_slave_translator                                                                                                                                                                                                                                                                                                     ;
;         |altera_merlin_master_agent:nios2_gen2_0_data_master_agent                                                                       ; 0.00 mW (0.00 mW)                    ; 0.00 mW (0.00 mW)               ; --                                ; 0.00 mW (0.00 mW)                 ; |mat_ua_ni2|mat_ua_ni2_mm_interconnect_0:mm_interconnect_0|altera_merlin_master_agent:nios2_gen2_0_data_master_agent                                                                                                                                                                                                                                                                                                                   ;
;         |altera_merlin_master_translator:nios2_gen2_0_data_master_translator                                                             ; 0.00 mW (0.00 mW)                    ; 0.00 mW (0.00 mW)               ; --                                ; 0.00 mW (0.00 mW)                 ; |mat_ua_ni2|mat_ua_ni2_mm_interconnect_0:mm_interconnect_0|altera_merlin_master_translator:nios2_gen2_0_data_master_translator                                                                                                                                                                                                                                                                                                         ;
;         |altera_merlin_slave_agent:nios2_gen2_0_debug_mem_slave_agent                                                                    ; 0.00 mW (0.00 mW)                    ; 0.00 mW (0.00 mW)               ; --                                ; 0.00 mW (0.00 mW)                 ; |mat_ua_ni2|mat_ua_ni2_mm_interconnect_0:mm_interconnect_0|altera_merlin_slave_agent:nios2_gen2_0_debug_mem_slave_agent                                                                                                                                                                                                                                                                                                                ;
;         |altera_avalon_sc_fifo:nios2_gen2_0_debug_mem_slave_agent_rsp_fifo                                                               ; 0.00 mW (0.00 mW)                    ; 0.00 mW (0.00 mW)               ; --                                ; 0.00 mW (0.00 mW)                 ; |mat_ua_ni2|mat_ua_ni2_mm_interconnect_0:mm_interconnect_0|altera_avalon_sc_fifo:nios2_gen2_0_debug_mem_slave_agent_rsp_fifo                                                                                                                                                                                                                                                                                                           ;
;         |altera_merlin_slave_translator:nios2_gen2_0_debug_mem_slave_translator                                                          ; 0.00 mW (0.00 mW)                    ; 0.00 mW (0.00 mW)               ; --                                ; 0.00 mW (0.00 mW)                 ; |mat_ua_ni2|mat_ua_ni2_mm_interconnect_0:mm_interconnect_0|altera_merlin_slave_translator:nios2_gen2_0_debug_mem_slave_translator                                                                                                                                                                                                                                                                                                      ;
;         |altera_merlin_master_agent:nios2_gen2_0_instruction_master_agent                                                                ; 0.00 mW (0.00 mW)                    ; 0.00 mW (0.00 mW)               ; --                                ; 0.00 mW (0.00 mW)                 ; |mat_ua_ni2|mat_ua_ni2_mm_interconnect_0:mm_interconnect_0|altera_merlin_master_agent:nios2_gen2_0_instruction_master_agent                                                                                                                                                                                                                                                                                                            ;
;         |altera_merlin_master_translator:nios2_gen2_0_instruction_master_translator                                                      ; 0.00 mW (0.00 mW)                    ; 0.00 mW (0.00 mW)               ; --                                ; 0.00 mW (0.00 mW)                 ; |mat_ua_ni2|mat_ua_ni2_mm_interconnect_0:mm_interconnect_0|altera_merlin_master_translator:nios2_gen2_0_instruction_master_translator                                                                                                                                                                                                                                                                                                  ;
;         |altera_merlin_slave_agent:onchip_memory2_0_s1_agent                                                                             ; 0.00 mW (0.00 mW)                    ; 0.00 mW (0.00 mW)               ; --                                ; 0.00 mW (0.00 mW)                 ; |mat_ua_ni2|mat_ua_ni2_mm_interconnect_0:mm_interconnect_0|altera_merlin_slave_agent:onchip_memory2_0_s1_agent                                                                                                                                                                                                                                                                                                                         ;
;         |altera_avalon_sc_fifo:onchip_memory2_0_s1_agent_rsp_fifo                                                                        ; 0.00 mW (0.00 mW)                    ; 0.00 mW (0.00 mW)               ; --                                ; 0.00 mW (0.00 mW)                 ; |mat_ua_ni2|mat_ua_ni2_mm_interconnect_0:mm_interconnect_0|altera_avalon_sc_fifo:onchip_memory2_0_s1_agent_rsp_fifo                                                                                                                                                                                                                                                                                                                    ;
;         |altera_merlin_slave_translator:onchip_memory2_0_s1_translator                                                                   ; 0.00 mW (0.00 mW)                    ; 0.00 mW (0.00 mW)               ; --                                ; 0.00 mW (0.00 mW)                 ; |mat_ua_ni2|mat_ua_ni2_mm_interconnect_0:mm_interconnect_0|altera_merlin_slave_translator:onchip_memory2_0_s1_translator                                                                                                                                                                                                                                                                                                               ;
;         |altera_merlin_slave_agent:pio_0_s1_agent                                                                                        ; 0.00 mW (0.00 mW)                    ; 0.00 mW (0.00 mW)               ; --                                ; 0.00 mW (0.00 mW)                 ; |mat_ua_ni2|mat_ua_ni2_mm_interconnect_0:mm_interconnect_0|altera_merlin_slave_agent:pio_0_s1_agent                                                                                                                                                                                                                                                                                                                                    ;
;         |altera_avalon_sc_fifo:pio_0_s1_agent_rsp_fifo                                                                                   ; 0.00 mW (0.00 mW)                    ; 0.00 mW (0.00 mW)               ; --                                ; 0.00 mW (0.00 mW)                 ; |mat_ua_ni2|mat_ua_ni2_mm_interconnect_0:mm_interconnect_0|altera_avalon_sc_fifo:pio_0_s1_agent_rsp_fifo                                                                                                                                                                                                                                                                                                                               ;
;         |altera_merlin_slave_translator:pio_0_s1_translator                                                                              ; 0.00 mW (0.00 mW)                    ; 0.00 mW (0.00 mW)               ; --                                ; 0.00 mW (0.00 mW)                 ; |mat_ua_ni2|mat_ua_ni2_mm_interconnect_0:mm_interconnect_0|altera_merlin_slave_translator:pio_0_s1_translator                                                                                                                                                                                                                                                                                                                          ;
;         |mat_ua_ni2_mm_interconnect_0_router:router                                                                                      ; 0.00 mW (0.00 mW)                    ; 0.00 mW (0.00 mW)               ; --                                ; 0.00 mW (0.00 mW)                 ; |mat_ua_ni2|mat_ua_ni2_mm_interconnect_0:mm_interconnect_0|mat_ua_ni2_mm_interconnect_0_router:router                                                                                                                                                                                                                                                                                                                                  ;
;         |mat_ua_ni2_mm_interconnect_0_router:router_001                                                                                  ; 0.00 mW (0.00 mW)                    ; 0.00 mW (0.00 mW)               ; --                                ; 0.00 mW (0.00 mW)                 ; |mat_ua_ni2|mat_ua_ni2_mm_interconnect_0:mm_interconnect_0|mat_ua_ni2_mm_interconnect_0_router:router_001                                                                                                                                                                                                                                                                                                                              ;
;         |mat_ua_ni2_mm_interconnect_0_router_002:router_002                                                                              ; 0.00 mW (0.00 mW)                    ; 0.00 mW (0.00 mW)               ; --                                ; 0.00 mW (0.00 mW)                 ; |mat_ua_ni2|mat_ua_ni2_mm_interconnect_0:mm_interconnect_0|mat_ua_ni2_mm_interconnect_0_router_002:router_002                                                                                                                                                                                                                                                                                                                          ;
;         |mat_ua_ni2_mm_interconnect_0_router_002:router_003                                                                              ; 0.00 mW (0.00 mW)                    ; 0.00 mW (0.00 mW)               ; --                                ; 0.00 mW (0.00 mW)                 ; |mat_ua_ni2|mat_ua_ni2_mm_interconnect_0:mm_interconnect_0|mat_ua_ni2_mm_interconnect_0_router_002:router_003                                                                                                                                                                                                                                                                                                                          ;
;         |mat_ua_ni2_mm_interconnect_0_router_002:router_004                                                                              ; 0.00 mW (0.00 mW)                    ; 0.00 mW (0.00 mW)               ; --                                ; 0.00 mW (0.00 mW)                 ; |mat_ua_ni2|mat_ua_ni2_mm_interconnect_0:mm_interconnect_0|mat_ua_ni2_mm_interconnect_0_router_002:router_004                                                                                                                                                                                                                                                                                                                          ;
;         |mat_ua_ni2_mm_interconnect_0_router_002:router_005                                                                              ; 0.00 mW (0.00 mW)                    ; 0.00 mW (0.00 mW)               ; --                                ; 0.00 mW (0.00 mW)                 ; |mat_ua_ni2|mat_ua_ni2_mm_interconnect_0:mm_interconnect_0|mat_ua_ni2_mm_interconnect_0_router_002:router_005                                                                                                                                                                                                                                                                                                                          ;
;         |mat_ua_ni2_mm_interconnect_0_router_002:router_006                                                                              ; 0.00 mW (0.00 mW)                    ; 0.00 mW (0.00 mW)               ; --                                ; 0.00 mW (0.00 mW)                 ; |mat_ua_ni2|mat_ua_ni2_mm_interconnect_0:mm_interconnect_0|mat_ua_ni2_mm_interconnect_0_router_002:router_006                                                                                                                                                                                                                                                                                                                          ;
;         |mat_ua_ni2_mm_interconnect_0_rsp_demux:rsp_demux                                                                                ; 0.00 mW (0.00 mW)                    ; 0.00 mW (0.00 mW)               ; --                                ; 0.00 mW (0.00 mW)                 ; |mat_ua_ni2|mat_ua_ni2_mm_interconnect_0:mm_interconnect_0|mat_ua_ni2_mm_interconnect_0_rsp_demux:rsp_demux                                                                                                                                                                                                                                                                                                                            ;
;         |mat_ua_ni2_mm_interconnect_0_rsp_demux:rsp_demux_001                                                                            ; 0.00 mW (0.00 mW)                    ; 0.00 mW (0.00 mW)               ; --                                ; 0.00 mW (0.00 mW)                 ; |mat_ua_ni2|mat_ua_ni2_mm_interconnect_0:mm_interconnect_0|mat_ua_ni2_mm_interconnect_0_rsp_demux:rsp_demux_001                                                                                                                                                                                                                                                                                                                        ;
;         |mat_ua_ni2_mm_interconnect_0_rsp_demux:rsp_demux_002                                                                            ; 0.00 mW (0.00 mW)                    ; 0.00 mW (0.00 mW)               ; --                                ; 0.00 mW (0.00 mW)                 ; |mat_ua_ni2|mat_ua_ni2_mm_interconnect_0:mm_interconnect_0|mat_ua_ni2_mm_interconnect_0_rsp_demux:rsp_demux_002                                                                                                                                                                                                                                                                                                                        ;
;         |mat_ua_ni2_mm_interconnect_0_rsp_demux:rsp_demux_003                                                                            ; 0.00 mW (0.00 mW)                    ; 0.00 mW (0.00 mW)               ; --                                ; 0.00 mW (0.00 mW)                 ; |mat_ua_ni2|mat_ua_ni2_mm_interconnect_0:mm_interconnect_0|mat_ua_ni2_mm_interconnect_0_rsp_demux:rsp_demux_003                                                                                                                                                                                                                                                                                                                        ;
;         |mat_ua_ni2_mm_interconnect_0_rsp_demux:rsp_demux_004                                                                            ; 0.00 mW (0.00 mW)                    ; 0.00 mW (0.00 mW)               ; --                                ; 0.00 mW (0.00 mW)                 ; |mat_ua_ni2|mat_ua_ni2_mm_interconnect_0:mm_interconnect_0|mat_ua_ni2_mm_interconnect_0_rsp_demux:rsp_demux_004                                                                                                                                                                                                                                                                                                                        ;
;         |mat_ua_ni2_mm_interconnect_0_rsp_mux:rsp_mux                                                                                    ; 0.00 mW (0.00 mW)                    ; 0.00 mW (0.00 mW)               ; --                                ; 0.00 mW (0.00 mW)                 ; |mat_ua_ni2|mat_ua_ni2_mm_interconnect_0:mm_interconnect_0|mat_ua_ni2_mm_interconnect_0_rsp_mux:rsp_mux                                                                                                                                                                                                                                                                                                                                ;
;             |altera_merlin_arbitrator:arb                                                                                                ; 0.00 mW (0.00 mW)                    ; 0.00 mW (0.00 mW)               ; --                                ; 0.00 mW (0.00 mW)                 ; |mat_ua_ni2|mat_ua_ni2_mm_interconnect_0:mm_interconnect_0|mat_ua_ni2_mm_interconnect_0_rsp_mux:rsp_mux|altera_merlin_arbitrator:arb                                                                                                                                                                                                                                                                                                   ;
;         |mat_ua_ni2_mm_interconnect_0_rsp_mux:rsp_mux_001                                                                                ; 0.00 mW (0.00 mW)                    ; 0.00 mW (0.00 mW)               ; --                                ; 0.00 mW (0.00 mW)                 ; |mat_ua_ni2|mat_ua_ni2_mm_interconnect_0:mm_interconnect_0|mat_ua_ni2_mm_interconnect_0_rsp_mux:rsp_mux_001                                                                                                                                                                                                                                                                                                                            ;
;             |altera_merlin_arbitrator:arb                                                                                                ; 0.00 mW (0.00 mW)                    ; 0.00 mW (0.00 mW)               ; --                                ; 0.00 mW (0.00 mW)                 ; |mat_ua_ni2|mat_ua_ni2_mm_interconnect_0:mm_interconnect_0|mat_ua_ni2_mm_interconnect_0_rsp_mux:rsp_mux_001|altera_merlin_arbitrator:arb                                                                                                                                                                                                                                                                                               ;
;         |altera_merlin_slave_agent:uart_0_s1_agent                                                                                       ; 0.00 mW (0.00 mW)                    ; 0.00 mW (0.00 mW)               ; --                                ; 0.00 mW (0.00 mW)                 ; |mat_ua_ni2|mat_ua_ni2_mm_interconnect_0:mm_interconnect_0|altera_merlin_slave_agent:uart_0_s1_agent                                                                                                                                                                                                                                                                                                                                   ;
;         |altera_avalon_sc_fifo:uart_0_s1_agent_rsp_fifo                                                                                  ; 0.00 mW (0.00 mW)                    ; 0.00 mW (0.00 mW)               ; --                                ; 0.00 mW (0.00 mW)                 ; |mat_ua_ni2|mat_ua_ni2_mm_interconnect_0:mm_interconnect_0|altera_avalon_sc_fifo:uart_0_s1_agent_rsp_fifo                                                                                                                                                                                                                                                                                                                              ;
;         |altera_merlin_slave_translator:uart_0_s1_translator                                                                             ; 0.00 mW (0.00 mW)                    ; 0.00 mW (0.00 mW)               ; --                                ; 0.00 mW (0.00 mW)                 ; |mat_ua_ni2|mat_ua_ni2_mm_interconnect_0:mm_interconnect_0|altera_merlin_slave_translator:uart_0_s1_translator                                                                                                                                                                                                                                                                                                                         ;
;     |mat_ua_ni2_nios2_gen2_0:nios2_gen2_0                                                                                                ; 0.11 mW (0.00 mW)                    ; 0.07 mW (0.00 mW)               ; --                                ; 0.05 mW (0.00 mW)                 ; |mat_ua_ni2|mat_ua_ni2_nios2_gen2_0:nios2_gen2_0                                                                                                                                                                                                                                                                                                                                                                                       ;
;         |mat_ua_ni2_nios2_gen2_0_cpu:cpu                                                                                                 ; 0.11 mW (0.00 mW)                    ; 0.07 mW (0.00 mW)               ; --                                ; 0.05 mW (0.00 mW)                 ; |mat_ua_ni2|mat_ua_ni2_nios2_gen2_0:nios2_gen2_0|mat_ua_ni2_nios2_gen2_0_cpu:cpu                                                                                                                                                                                                                                                                                                                                                       ;
;             |mat_ua_ni2_nios2_gen2_0_cpu_register_bank_a_module:mat_ua_ni2_nios2_gen2_0_cpu_register_bank_a                              ; 0.00 mW (0.00 mW)                    ; 0.00 mW (0.00 mW)               ; --                                ; 0.00 mW (0.00 mW)                 ; |mat_ua_ni2|mat_ua_ni2_nios2_gen2_0:nios2_gen2_0|mat_ua_ni2_nios2_gen2_0_cpu:cpu|mat_ua_ni2_nios2_gen2_0_cpu_register_bank_a_module:mat_ua_ni2_nios2_gen2_0_cpu_register_bank_a                                                                                                                                                                                                                                                        ;
;                 |altsyncram:the_altsyncram                                                                                               ; 0.00 mW (0.00 mW)                    ; 0.00 mW (0.00 mW)               ; --                                ; 0.00 mW (0.00 mW)                 ; |mat_ua_ni2|mat_ua_ni2_nios2_gen2_0:nios2_gen2_0|mat_ua_ni2_nios2_gen2_0_cpu:cpu|mat_ua_ni2_nios2_gen2_0_cpu_register_bank_a_module:mat_ua_ni2_nios2_gen2_0_cpu_register_bank_a|altsyncram:the_altsyncram                                                                                                                                                                                                                              ;
;                     |altsyncram_s0c1:auto_generated                                                                                      ; 0.00 mW (0.00 mW)                    ; 0.00 mW (0.00 mW)               ; --                                ; 0.00 mW (0.00 mW)                 ; |mat_ua_ni2|mat_ua_ni2_nios2_gen2_0:nios2_gen2_0|mat_ua_ni2_nios2_gen2_0_cpu:cpu|mat_ua_ni2_nios2_gen2_0_cpu_register_bank_a_module:mat_ua_ni2_nios2_gen2_0_cpu_register_bank_a|altsyncram:the_altsyncram|altsyncram_s0c1:auto_generated                                                                                                                                                                                               ;
;             |mat_ua_ni2_nios2_gen2_0_cpu_register_bank_b_module:mat_ua_ni2_nios2_gen2_0_cpu_register_bank_b                              ; 0.00 mW (0.00 mW)                    ; 0.00 mW (0.00 mW)               ; --                                ; 0.00 mW (0.00 mW)                 ; |mat_ua_ni2|mat_ua_ni2_nios2_gen2_0:nios2_gen2_0|mat_ua_ni2_nios2_gen2_0_cpu:cpu|mat_ua_ni2_nios2_gen2_0_cpu_register_bank_b_module:mat_ua_ni2_nios2_gen2_0_cpu_register_bank_b                                                                                                                                                                                                                                                        ;
;                 |altsyncram:the_altsyncram                                                                                               ; 0.00 mW (0.00 mW)                    ; 0.00 mW (0.00 mW)               ; --                                ; 0.00 mW (0.00 mW)                 ; |mat_ua_ni2|mat_ua_ni2_nios2_gen2_0:nios2_gen2_0|mat_ua_ni2_nios2_gen2_0_cpu:cpu|mat_ua_ni2_nios2_gen2_0_cpu_register_bank_b_module:mat_ua_ni2_nios2_gen2_0_cpu_register_bank_b|altsyncram:the_altsyncram                                                                                                                                                                                                                              ;
;                     |altsyncram_s0c1:auto_generated                                                                                      ; 0.00 mW (0.00 mW)                    ; 0.00 mW (0.00 mW)               ; --                                ; 0.00 mW (0.00 mW)                 ; |mat_ua_ni2|mat_ua_ni2_nios2_gen2_0:nios2_gen2_0|mat_ua_ni2_nios2_gen2_0_cpu:cpu|mat_ua_ni2_nios2_gen2_0_cpu_register_bank_b_module:mat_ua_ni2_nios2_gen2_0_cpu_register_bank_b|altsyncram:the_altsyncram|altsyncram_s0c1:auto_generated                                                                                                                                                                                               ;
;             |mat_ua_ni2_nios2_gen2_0_cpu_nios2_oci:the_mat_ua_ni2_nios2_gen2_0_cpu_nios2_oci                                             ; 0.11 mW (0.00 mW)                    ; 0.06 mW (0.00 mW)               ; --                                ; 0.05 mW (0.00 mW)                 ; |mat_ua_ni2|mat_ua_ni2_nios2_gen2_0:nios2_gen2_0|mat_ua_ni2_nios2_gen2_0_cpu:cpu|mat_ua_ni2_nios2_gen2_0_cpu_nios2_oci:the_mat_ua_ni2_nios2_gen2_0_cpu_nios2_oci                                                                                                                                                                                                                                                                       ;
;                 |mat_ua_ni2_nios2_gen2_0_cpu_debug_slave_wrapper:the_mat_ua_ni2_nios2_gen2_0_cpu_debug_slave_wrapper                     ; 0.07 mW (0.00 mW)                    ; 0.05 mW (0.00 mW)               ; --                                ; 0.02 mW (0.00 mW)                 ; |mat_ua_ni2|mat_ua_ni2_nios2_gen2_0:nios2_gen2_0|mat_ua_ni2_nios2_gen2_0_cpu:cpu|mat_ua_ni2_nios2_gen2_0_cpu_nios2_oci:the_mat_ua_ni2_nios2_gen2_0_cpu_nios2_oci|mat_ua_ni2_nios2_gen2_0_cpu_debug_slave_wrapper:the_mat_ua_ni2_nios2_gen2_0_cpu_debug_slave_wrapper                                                                                                                                                                   ;
;                     |sld_virtual_jtag_basic:mat_ua_ni2_nios2_gen2_0_cpu_debug_slave_phy                                                  ; 0.00 mW (0.00 mW)                    ; 0.00 mW (0.00 mW)               ; --                                ; 0.00 mW (0.00 mW)                 ; |mat_ua_ni2|mat_ua_ni2_nios2_gen2_0:nios2_gen2_0|mat_ua_ni2_nios2_gen2_0_cpu:cpu|mat_ua_ni2_nios2_gen2_0_cpu_nios2_oci:the_mat_ua_ni2_nios2_gen2_0_cpu_nios2_oci|mat_ua_ni2_nios2_gen2_0_cpu_debug_slave_wrapper:the_mat_ua_ni2_nios2_gen2_0_cpu_debug_slave_wrapper|sld_virtual_jtag_basic:mat_ua_ni2_nios2_gen2_0_cpu_debug_slave_phy                                                                                                ;
;                         |sld_virtual_jtag_impl:sld_virtual_jtag_impl_inst                                                                ; 0.00 mW (0.00 mW)                    ; 0.00 mW (0.00 mW)               ; --                                ; 0.00 mW (0.00 mW)                 ; |mat_ua_ni2|mat_ua_ni2_nios2_gen2_0:nios2_gen2_0|mat_ua_ni2_nios2_gen2_0_cpu:cpu|mat_ua_ni2_nios2_gen2_0_cpu_nios2_oci:the_mat_ua_ni2_nios2_gen2_0_cpu_nios2_oci|mat_ua_ni2_nios2_gen2_0_cpu_debug_slave_wrapper:the_mat_ua_ni2_nios2_gen2_0_cpu_debug_slave_wrapper|sld_virtual_jtag_basic:mat_ua_ni2_nios2_gen2_0_cpu_debug_slave_phy|sld_virtual_jtag_impl:sld_virtual_jtag_impl_inst                                               ;
;                             |sld_jtag_endpoint_adapter:jtag_signal_adapter                                                               ; 0.00 mW (0.00 mW)                    ; 0.00 mW (0.00 mW)               ; --                                ; 0.00 mW (0.00 mW)                 ; |mat_ua_ni2|mat_ua_ni2_nios2_gen2_0:nios2_gen2_0|mat_ua_ni2_nios2_gen2_0_cpu:cpu|mat_ua_ni2_nios2_gen2_0_cpu_nios2_oci:the_mat_ua_ni2_nios2_gen2_0_cpu_nios2_oci|mat_ua_ni2_nios2_gen2_0_cpu_debug_slave_wrapper:the_mat_ua_ni2_nios2_gen2_0_cpu_debug_slave_wrapper|sld_virtual_jtag_basic:mat_ua_ni2_nios2_gen2_0_cpu_debug_slave_phy|sld_virtual_jtag_impl:sld_virtual_jtag_impl_inst|sld_jtag_endpoint_adapter:jtag_signal_adapter ;
;                     |mat_ua_ni2_nios2_gen2_0_cpu_debug_slave_sysclk:the_mat_ua_ni2_nios2_gen2_0_cpu_debug_slave_sysclk                   ; 0.00 mW (0.00 mW)                    ; 0.00 mW (0.00 mW)               ; --                                ; 0.00 mW (0.00 mW)                 ; |mat_ua_ni2|mat_ua_ni2_nios2_gen2_0:nios2_gen2_0|mat_ua_ni2_nios2_gen2_0_cpu:cpu|mat_ua_ni2_nios2_gen2_0_cpu_nios2_oci:the_mat_ua_ni2_nios2_gen2_0_cpu_nios2_oci|mat_ua_ni2_nios2_gen2_0_cpu_debug_slave_wrapper:the_mat_ua_ni2_nios2_gen2_0_cpu_debug_slave_wrapper|mat_ua_ni2_nios2_gen2_0_cpu_debug_slave_sysclk:the_mat_ua_ni2_nios2_gen2_0_cpu_debug_slave_sysclk                                                                 ;
;                         |altera_std_synchronizer:the_altera_std_synchronizer3                                                            ; 0.00 mW (0.00 mW)                    ; 0.00 mW (0.00 mW)               ; --                                ; 0.00 mW (0.00 mW)                 ; |mat_ua_ni2|mat_ua_ni2_nios2_gen2_0:nios2_gen2_0|mat_ua_ni2_nios2_gen2_0_cpu:cpu|mat_ua_ni2_nios2_gen2_0_cpu_nios2_oci:the_mat_ua_ni2_nios2_gen2_0_cpu_nios2_oci|mat_ua_ni2_nios2_gen2_0_cpu_debug_slave_wrapper:the_mat_ua_ni2_nios2_gen2_0_cpu_debug_slave_wrapper|mat_ua_ni2_nios2_gen2_0_cpu_debug_slave_sysclk:the_mat_ua_ni2_nios2_gen2_0_cpu_debug_slave_sysclk|altera_std_synchronizer:the_altera_std_synchronizer3            ;
;                         |altera_std_synchronizer:the_altera_std_synchronizer4                                                            ; 0.00 mW (0.00 mW)                    ; 0.00 mW (0.00 mW)               ; --                                ; 0.00 mW (0.00 mW)                 ; |mat_ua_ni2|mat_ua_ni2_nios2_gen2_0:nios2_gen2_0|mat_ua_ni2_nios2_gen2_0_cpu:cpu|mat_ua_ni2_nios2_gen2_0_cpu_nios2_oci:the_mat_ua_ni2_nios2_gen2_0_cpu_nios2_oci|mat_ua_ni2_nios2_gen2_0_cpu_debug_slave_wrapper:the_mat_ua_ni2_nios2_gen2_0_cpu_debug_slave_wrapper|mat_ua_ni2_nios2_gen2_0_cpu_debug_slave_sysclk:the_mat_ua_ni2_nios2_gen2_0_cpu_debug_slave_sysclk|altera_std_synchronizer:the_altera_std_synchronizer4            ;
;                     |mat_ua_ni2_nios2_gen2_0_cpu_debug_slave_tck:the_mat_ua_ni2_nios2_gen2_0_cpu_debug_slave_tck                         ; 0.07 mW (0.07 mW)                    ; 0.05 mW (0.05 mW)               ; --                                ; 0.02 mW (0.02 mW)                 ; |mat_ua_ni2|mat_ua_ni2_nios2_gen2_0:nios2_gen2_0|mat_ua_ni2_nios2_gen2_0_cpu:cpu|mat_ua_ni2_nios2_gen2_0_cpu_nios2_oci:the_mat_ua_ni2_nios2_gen2_0_cpu_nios2_oci|mat_ua_ni2_nios2_gen2_0_cpu_debug_slave_wrapper:the_mat_ua_ni2_nios2_gen2_0_cpu_debug_slave_wrapper|mat_ua_ni2_nios2_gen2_0_cpu_debug_slave_tck:the_mat_ua_ni2_nios2_gen2_0_cpu_debug_slave_tck                                                                       ;
;                         |altera_std_synchronizer:the_altera_std_synchronizer1                                                            ; 0.00 mW (0.00 mW)                    ; 0.00 mW (0.00 mW)               ; --                                ; 0.00 mW (0.00 mW)                 ; |mat_ua_ni2|mat_ua_ni2_nios2_gen2_0:nios2_gen2_0|mat_ua_ni2_nios2_gen2_0_cpu:cpu|mat_ua_ni2_nios2_gen2_0_cpu_nios2_oci:the_mat_ua_ni2_nios2_gen2_0_cpu_nios2_oci|mat_ua_ni2_nios2_gen2_0_cpu_debug_slave_wrapper:the_mat_ua_ni2_nios2_gen2_0_cpu_debug_slave_wrapper|mat_ua_ni2_nios2_gen2_0_cpu_debug_slave_tck:the_mat_ua_ni2_nios2_gen2_0_cpu_debug_slave_tck|altera_std_synchronizer:the_altera_std_synchronizer1                  ;
;                         |altera_std_synchronizer:the_altera_std_synchronizer2                                                            ; 0.00 mW (0.00 mW)                    ; 0.00 mW (0.00 mW)               ; --                                ; 0.00 mW (0.00 mW)                 ; |mat_ua_ni2|mat_ua_ni2_nios2_gen2_0:nios2_gen2_0|mat_ua_ni2_nios2_gen2_0_cpu:cpu|mat_ua_ni2_nios2_gen2_0_cpu_nios2_oci:the_mat_ua_ni2_nios2_gen2_0_cpu_nios2_oci|mat_ua_ni2_nios2_gen2_0_cpu_debug_slave_wrapper:the_mat_ua_ni2_nios2_gen2_0_cpu_debug_slave_wrapper|mat_ua_ni2_nios2_gen2_0_cpu_debug_slave_tck:the_mat_ua_ni2_nios2_gen2_0_cpu_debug_slave_tck|altera_std_synchronizer:the_altera_std_synchronizer2                  ;
;                 |mat_ua_ni2_nios2_gen2_0_cpu_nios2_avalon_reg:the_mat_ua_ni2_nios2_gen2_0_cpu_nios2_avalon_reg                           ; 0.00 mW (0.00 mW)                    ; 0.00 mW (0.00 mW)               ; --                                ; 0.00 mW (0.00 mW)                 ; |mat_ua_ni2|mat_ua_ni2_nios2_gen2_0:nios2_gen2_0|mat_ua_ni2_nios2_gen2_0_cpu:cpu|mat_ua_ni2_nios2_gen2_0_cpu_nios2_oci:the_mat_ua_ni2_nios2_gen2_0_cpu_nios2_oci|mat_ua_ni2_nios2_gen2_0_cpu_nios2_avalon_reg:the_mat_ua_ni2_nios2_gen2_0_cpu_nios2_avalon_reg                                                                                                                                                                         ;
;                 |mat_ua_ni2_nios2_gen2_0_cpu_nios2_oci_break:the_mat_ua_ni2_nios2_gen2_0_cpu_nios2_oci_break                             ; 0.01 mW (0.01 mW)                    ; 0.01 mW (0.01 mW)               ; --                                ; 0.01 mW (0.01 mW)                 ; |mat_ua_ni2|mat_ua_ni2_nios2_gen2_0:nios2_gen2_0|mat_ua_ni2_nios2_gen2_0_cpu:cpu|mat_ua_ni2_nios2_gen2_0_cpu_nios2_oci:the_mat_ua_ni2_nios2_gen2_0_cpu_nios2_oci|mat_ua_ni2_nios2_gen2_0_cpu_nios2_oci_break:the_mat_ua_ni2_nios2_gen2_0_cpu_nios2_oci_break                                                                                                                                                                           ;
;                 |mat_ua_ni2_nios2_gen2_0_cpu_nios2_oci_debug:the_mat_ua_ni2_nios2_gen2_0_cpu_nios2_oci_debug                             ; 0.00 mW (0.00 mW)                    ; 0.00 mW (0.00 mW)               ; --                                ; 0.00 mW (0.00 mW)                 ; |mat_ua_ni2|mat_ua_ni2_nios2_gen2_0:nios2_gen2_0|mat_ua_ni2_nios2_gen2_0_cpu:cpu|mat_ua_ni2_nios2_gen2_0_cpu_nios2_oci:the_mat_ua_ni2_nios2_gen2_0_cpu_nios2_oci|mat_ua_ni2_nios2_gen2_0_cpu_nios2_oci_debug:the_mat_ua_ni2_nios2_gen2_0_cpu_nios2_oci_debug                                                                                                                                                                           ;
;                     |altera_std_synchronizer:the_altera_std_synchronizer                                                                 ; 0.00 mW (0.00 mW)                    ; 0.00 mW (0.00 mW)               ; --                                ; 0.00 mW (0.00 mW)                 ; |mat_ua_ni2|mat_ua_ni2_nios2_gen2_0:nios2_gen2_0|mat_ua_ni2_nios2_gen2_0_cpu:cpu|mat_ua_ni2_nios2_gen2_0_cpu_nios2_oci:the_mat_ua_ni2_nios2_gen2_0_cpu_nios2_oci|mat_ua_ni2_nios2_gen2_0_cpu_nios2_oci_debug:the_mat_ua_ni2_nios2_gen2_0_cpu_nios2_oci_debug|altera_std_synchronizer:the_altera_std_synchronizer                                                                                                                       ;
;                 |mat_ua_ni2_nios2_gen2_0_cpu_nios2_oci_dtrace:the_mat_ua_ni2_nios2_gen2_0_cpu_nios2_oci_dtrace                           ; 0.00 mW (0.00 mW)                    ; 0.00 mW (0.00 mW)               ; --                                ; 0.00 mW (0.00 mW)                 ; |mat_ua_ni2|mat_ua_ni2_nios2_gen2_0:nios2_gen2_0|mat_ua_ni2_nios2_gen2_0_cpu:cpu|mat_ua_ni2_nios2_gen2_0_cpu_nios2_oci:the_mat_ua_ni2_nios2_gen2_0_cpu_nios2_oci|mat_ua_ni2_nios2_gen2_0_cpu_nios2_oci_dtrace:the_mat_ua_ni2_nios2_gen2_0_cpu_nios2_oci_dtrace                                                                                                                                                                         ;
;                 |mat_ua_ni2_nios2_gen2_0_cpu_nios2_oci_fifo:the_mat_ua_ni2_nios2_gen2_0_cpu_nios2_oci_fifo                               ; 0.00 mW (0.00 mW)                    ; 0.00 mW (0.00 mW)               ; --                                ; 0.00 mW (0.00 mW)                 ; |mat_ua_ni2|mat_ua_ni2_nios2_gen2_0:nios2_gen2_0|mat_ua_ni2_nios2_gen2_0_cpu:cpu|mat_ua_ni2_nios2_gen2_0_cpu_nios2_oci:the_mat_ua_ni2_nios2_gen2_0_cpu_nios2_oci|mat_ua_ni2_nios2_gen2_0_cpu_nios2_oci_fifo:the_mat_ua_ni2_nios2_gen2_0_cpu_nios2_oci_fifo                                                                                                                                                                             ;
;                 |mat_ua_ni2_nios2_gen2_0_cpu_nios2_ocimem:the_mat_ua_ni2_nios2_gen2_0_cpu_nios2_ocimem                                   ; 0.02 mW (0.02 mW)                    ; 0.01 mW (0.01 mW)               ; --                                ; 0.02 mW (0.02 mW)                 ; |mat_ua_ni2|mat_ua_ni2_nios2_gen2_0:nios2_gen2_0|mat_ua_ni2_nios2_gen2_0_cpu:cpu|mat_ua_ni2_nios2_gen2_0_cpu_nios2_oci:the_mat_ua_ni2_nios2_gen2_0_cpu_nios2_oci|mat_ua_ni2_nios2_gen2_0_cpu_nios2_ocimem:the_mat_ua_ni2_nios2_gen2_0_cpu_nios2_ocimem                                                                                                                                                                                 ;
;                     |mat_ua_ni2_nios2_gen2_0_cpu_ociram_sp_ram_module:mat_ua_ni2_nios2_gen2_0_cpu_ociram_sp_ram                          ; 0.00 mW (0.00 mW)                    ; 0.00 mW (0.00 mW)               ; --                                ; 0.00 mW (0.00 mW)                 ; |mat_ua_ni2|mat_ua_ni2_nios2_gen2_0:nios2_gen2_0|mat_ua_ni2_nios2_gen2_0_cpu:cpu|mat_ua_ni2_nios2_gen2_0_cpu_nios2_oci:the_mat_ua_ni2_nios2_gen2_0_cpu_nios2_oci|mat_ua_ni2_nios2_gen2_0_cpu_nios2_ocimem:the_mat_ua_ni2_nios2_gen2_0_cpu_nios2_ocimem|mat_ua_ni2_nios2_gen2_0_cpu_ociram_sp_ram_module:mat_ua_ni2_nios2_gen2_0_cpu_ociram_sp_ram                                                                                      ;
;                         |altsyncram:the_altsyncram                                                                                       ; 0.00 mW (0.00 mW)                    ; 0.00 mW (0.00 mW)               ; --                                ; 0.00 mW (0.00 mW)                 ; |mat_ua_ni2|mat_ua_ni2_nios2_gen2_0:nios2_gen2_0|mat_ua_ni2_nios2_gen2_0_cpu:cpu|mat_ua_ni2_nios2_gen2_0_cpu_nios2_oci:the_mat_ua_ni2_nios2_gen2_0_cpu_nios2_oci|mat_ua_ni2_nios2_gen2_0_cpu_nios2_ocimem:the_mat_ua_ni2_nios2_gen2_0_cpu_nios2_ocimem|mat_ua_ni2_nios2_gen2_0_cpu_ociram_sp_ram_module:mat_ua_ni2_nios2_gen2_0_cpu_ociram_sp_ram|altsyncram:the_altsyncram                                                            ;
;                             |altsyncram_0n61:auto_generated                                                                              ; 0.00 mW (0.00 mW)                    ; 0.00 mW (0.00 mW)               ; --                                ; 0.00 mW (0.00 mW)                 ; |mat_ua_ni2|mat_ua_ni2_nios2_gen2_0:nios2_gen2_0|mat_ua_ni2_nios2_gen2_0_cpu:cpu|mat_ua_ni2_nios2_gen2_0_cpu_nios2_oci:the_mat_ua_ni2_nios2_gen2_0_cpu_nios2_oci|mat_ua_ni2_nios2_gen2_0_cpu_nios2_ocimem:the_mat_ua_ni2_nios2_gen2_0_cpu_nios2_ocimem|mat_ua_ni2_nios2_gen2_0_cpu_ociram_sp_ram_module:mat_ua_ni2_nios2_gen2_0_cpu_ociram_sp_ram|altsyncram:the_altsyncram|altsyncram_0n61:auto_generated                             ;
;     |mat_ua_ni2_onchip_memory2_0:onchip_memory2_0                                                                                        ; 0.00 mW (0.00 mW)                    ; 0.00 mW (0.00 mW)               ; --                                ; 0.00 mW (0.00 mW)                 ; |mat_ua_ni2|mat_ua_ni2_onchip_memory2_0:onchip_memory2_0                                                                                                                                                                                                                                                                                                                                                                               ;
;         |altsyncram:the_altsyncram                                                                                                       ; 0.00 mW (0.00 mW)                    ; 0.00 mW (0.00 mW)               ; --                                ; 0.00 mW (0.00 mW)                 ; |mat_ua_ni2|mat_ua_ni2_onchip_memory2_0:onchip_memory2_0|altsyncram:the_altsyncram                                                                                                                                                                                                                                                                                                                                                     ;
;             |altsyncram_blc1:auto_generated                                                                                              ; 0.00 mW (0.00 mW)                    ; 0.00 mW (0.00 mW)               ; --                                ; 0.00 mW (0.00 mW)                 ; |mat_ua_ni2|mat_ua_ni2_onchip_memory2_0:onchip_memory2_0|altsyncram:the_altsyncram|altsyncram_blc1:auto_generated                                                                                                                                                                                                                                                                                                                      ;
;     |mat_ua_ni2_pio_0:pio_0                                                                                                              ; 0.00 mW (0.00 mW)                    ; 0.00 mW (0.00 mW)               ; --                                ; 0.00 mW (0.00 mW)                 ; |mat_ua_ni2|mat_ua_ni2_pio_0:pio_0                                                                                                                                                                                                                                                                                                                                                                                                     ;
;     |altera_reset_controller:rst_controller                                                                                              ; 0.00 mW (0.00 mW)                    ; 0.00 mW (0.00 mW)               ; --                                ; 0.00 mW (0.00 mW)                 ; |mat_ua_ni2|altera_reset_controller:rst_controller                                                                                                                                                                                                                                                                                                                                                                                     ;
;         |altera_reset_synchronizer:alt_rst_req_sync_uq1                                                                                  ; 0.00 mW (0.00 mW)                    ; 0.00 mW (0.00 mW)               ; --                                ; 0.00 mW (0.00 mW)                 ; |mat_ua_ni2|altera_reset_controller:rst_controller|altera_reset_synchronizer:alt_rst_req_sync_uq1                                                                                                                                                                                                                                                                                                                                      ;
;         |altera_reset_synchronizer:alt_rst_sync_uq1                                                                                      ; 0.00 mW (0.00 mW)                    ; 0.00 mW (0.00 mW)               ; --                                ; 0.00 mW (0.00 mW)                 ; |mat_ua_ni2|altera_reset_controller:rst_controller|altera_reset_synchronizer:alt_rst_sync_uq1                                                                                                                                                                                                                                                                                                                                          ;
;     |altera_reset_controller:rst_controller_001                                                                                          ; 0.00 mW (0.00 mW)                    ; 0.00 mW (0.00 mW)               ; --                                ; 0.00 mW (0.00 mW)                 ; |mat_ua_ni2|altera_reset_controller:rst_controller_001                                                                                                                                                                                                                                                                                                                                                                                 ;
;         |altera_reset_synchronizer:alt_rst_req_sync_uq1                                                                                  ; 0.00 mW (0.00 mW)                    ; 0.00 mW (0.00 mW)               ; --                                ; 0.00 mW (0.00 mW)                 ; |mat_ua_ni2|altera_reset_controller:rst_controller_001|altera_reset_synchronizer:alt_rst_req_sync_uq1                                                                                                                                                                                                                                                                                                                                  ;
;         |altera_reset_synchronizer:alt_rst_sync_uq1                                                                                      ; 0.00 mW (0.00 mW)                    ; 0.00 mW (0.00 mW)               ; --                                ; 0.00 mW (0.00 mW)                 ; |mat_ua_ni2|altera_reset_controller:rst_controller_001|altera_reset_synchronizer:alt_rst_sync_uq1                                                                                                                                                                                                                                                                                                                                      ;
;     |mat_ua_ni2_uart_0:uart_0                                                                                                            ; 0.00 mW (0.00 mW)                    ; 0.00 mW (0.00 mW)               ; --                                ; 0.00 mW (0.00 mW)                 ; |mat_ua_ni2|mat_ua_ni2_uart_0:uart_0                                                                                                                                                                                                                                                                                                                                                                                                   ;
;         |mat_ua_ni2_uart_0_regs:the_mat_ua_ni2_uart_0_regs                                                                               ; 0.00 mW (0.00 mW)                    ; 0.00 mW (0.00 mW)               ; --                                ; 0.00 mW (0.00 mW)                 ; |mat_ua_ni2|mat_ua_ni2_uart_0:uart_0|mat_ua_ni2_uart_0_regs:the_mat_ua_ni2_uart_0_regs                                                                                                                                                                                                                                                                                                                                                 ;
;         |mat_ua_ni2_uart_0_rx:the_mat_ua_ni2_uart_0_rx                                                                                   ; 0.00 mW (0.00 mW)                    ; 0.00 mW (0.00 mW)               ; --                                ; 0.00 mW (0.00 mW)                 ; |mat_ua_ni2|mat_ua_ni2_uart_0:uart_0|mat_ua_ni2_uart_0_rx:the_mat_ua_ni2_uart_0_rx                                                                                                                                                                                                                                                                                                                                                     ;
;             |altera_std_synchronizer:the_altera_std_synchronizer                                                                         ; 0.00 mW (0.00 mW)                    ; 0.00 mW (0.00 mW)               ; --                                ; 0.00 mW (0.00 mW)                 ; |mat_ua_ni2|mat_ua_ni2_uart_0:uart_0|mat_ua_ni2_uart_0_rx:the_mat_ua_ni2_uart_0_rx|altera_std_synchronizer:the_altera_std_synchronizer                                                                                                                                                                                                                                                                                                 ;
;         |mat_ua_ni2_uart_0_tx:the_mat_ua_ni2_uart_0_tx                                                                                   ; 0.00 mW (0.00 mW)                    ; 0.00 mW (0.00 mW)               ; --                                ; 0.00 mW (0.00 mW)                 ; |mat_ua_ni2|mat_ua_ni2_uart_0:uart_0|mat_ua_ni2_uart_0_tx:the_mat_ua_ni2_uart_0_tx                                                                                                                                                                                                                                                                                                                                                     ;
+------------------------------------------------------------------------------------------------------------------------------------------+--------------------------------------+---------------------------------+-----------------------------------+-----------------------------------+----------------------------------------------------------------------------------------------------------------------------------------------------------------------------------------------------------------------------------------------------------------------------------------------------------------------------------------------------------------------------------------------------------------------------------------+
(1) Value in parentheses is the power consumed at that level of hierarchy. Value not in parentheses is the power consumed at that level of hierarchy plus the power consumed by all levels of hierarchy below it.

(2) The "Block Thermal Static Power" for all levels of hierarchy except the top-level hierarchy is part of the "Core Static Thermal Power Dissipation" value found on the PowerPlay Power Analyzer-->Summary report panel. The "Core Static Thermal Power Dissipation" also contains the thermal static power dissipated by the routing.


+------------------------------------------------------------------------+
; Core Dynamic Thermal Power Dissipation by Clock Domain                 ;
+---------------------+-----------------------+--------------------------+
; Clock Domain        ; Clock Frequency (MHz) ; Total Core Dynamic Power ;
+---------------------+-----------------------+--------------------------+
; altera_reserved_tck ; 10.00                 ; 0.58                     ;
; No clock domain     ; 0.00                  ; 0.00                     ;
+---------------------+-----------------------+--------------------------+


+------------------------------------------------------------------------------------------------------------------------------------+
; Current Drawn from Voltage Supplies Summary                                                                                        ;
+----------------+-------------------------+---------------------------+--------------------------+----------------------------------+
; Voltage Supply ; Total Current Drawn (1) ; Dynamic Current Drawn (1) ; Static Current Drawn (1) ; Minimum Power Supply Current (2) ;
+----------------+-------------------------+---------------------------+--------------------------+----------------------------------+
; VCCIO          ; 2.34 mA                 ; 0.05 mA                   ; 2.29 mA                  ; 2.34 mA                          ;
; VCCA           ; 0.00 mA                 ; 0.00 mA                   ; 0.00 mA                  ; 0.00 mA                          ;
; VCC_ONE        ; 37.36 mA                ; 0.49 mA                   ; 36.87 mA                 ; 37.36 mA                         ;
+----------------+-------------------------+---------------------------+--------------------------+----------------------------------+
(1) Currents reported in columns "Total Current Drawn", "Dynamic Current Drawn", and "Static Current Drawn" are sufficient for user operation of the device.  
(2) Currents reported in column "Minimum Power Supply Current" are sufficient for power-up, configuration, and user operation of the device.


+-----------------------------------------------------------------------------------------------+
; VCCIO Supply Current Drawn by I/O Bank                                                        ;
+----------+---------------+---------------------+-----------------------+----------------------+
; I/O Bank ; VCCIO Voltage ; Total Current Drawn ; Dynamic Current Drawn ; Static Current Drawn ;
+----------+---------------+---------------------+-----------------------+----------------------+
; 1A       ; 2.5V          ; 0.25 mA             ; 0.00 mA               ; 0.25 mA              ;
; 1B       ; 2.5V          ; 0.31 mA             ; 0.05 mA               ; 0.26 mA              ;
; 2        ; 2.5V          ; 0.26 mA             ; 0.00 mA               ; 0.26 mA              ;
; 3        ; 2.5V          ; 0.25 mA             ; 0.00 mA               ; 0.25 mA              ;
; 4        ; 2.5V          ; 0.25 mA             ; 0.00 mA               ; 0.25 mA              ;
; 5        ; 2.5V          ; 0.25 mA             ; 0.00 mA               ; 0.25 mA              ;
; 6        ; 2.5V          ; 0.26 mA             ; 0.00 mA               ; 0.26 mA              ;
; 7        ; 2.5V          ; 0.25 mA             ; 0.00 mA               ; 0.25 mA              ;
; 8        ; 2.5V          ; 0.26 mA             ; 0.00 mA               ; 0.26 mA              ;
+----------+---------------+---------------------+-----------------------+----------------------+


+-----------------------------------------------------------------------------------------------------------------------------------+
; VCCIO Supply Current Drawn by Voltage                                                                                             ;
+---------------+-------------------------+---------------------------+--------------------------+----------------------------------+
; VCCIO Voltage ; Total Current Drawn (1) ; Dynamic Current Drawn (1) ; Static Current Drawn (1) ; Minimum Power Supply Current (2) ;
+---------------+-------------------------+---------------------------+--------------------------+----------------------------------+
; 2.5V          ; 2.34 mA                 ; 0.05 mA                   ; 2.29 mA                  ; 2.34 mA                          ;
+---------------+-------------------------+---------------------------+--------------------------+----------------------------------+
(1) Currents reported in columns "Total Current Drawn", "Dynamic Current Drawn", and "Static Current Drawn" are sufficient for user operation of the device.  
(2) Currents reported in column "Minimum Power Supply Current" are sufficient for power-up, configuration, and user operation of the device.


+---------------------------------------------------------------------------------------------------------------------------------------------------+
; Confidence Metric Details                                                                                                                         ;
+----------------------------------------------------------------------------------------+--------------+-----------+---------------+---------------+
; Data Source                                                                            ; Total        ; Pin       ; Registered    ; Combinational ;
+----------------------------------------------------------------------------------------+--------------+-----------+---------------+---------------+
; Simulation (from file)                                                                 ;              ;           ;               ;               ;
;     -- Number of signals with Toggle Rate from Simulation                              ; 0 (0.0%)     ; 0 (0.0%)  ; 0 (0.0%)      ; 0 (0.0%)      ;
;     -- Number of signals with Static Probability from Simulation                       ; 0 (0.0%)     ; 0 (0.0%)  ; 0 (0.0%)      ; 0 (0.0%)      ;
;                                                                                        ;              ;           ;               ;               ;
; Node, entity or clock assignment                                                       ;              ;           ;               ;               ;
;     -- Number of signals with Toggle Rate from Node, entity or clock assignment        ; 2 (0.1%)     ; 1 (6.7%)  ; 0 (0.0%)      ; 1 (0.0%)      ;
;     -- Number of signals with Static Probability from Node, entity or clock assignment ; 6 (0.2%)     ; 1 (6.7%)  ; 0 (0.0%)      ; 5 (0.2%)      ;
;                                                                                        ;              ;           ;               ;               ;
; Vectorless estimation                                                                  ;              ;           ;               ;               ;
;     -- Number of signals with Toggle Rate from Vectorless estimation                   ; 3186 (99.7%) ; 6 (40.0%) ; 1040 (100.0%) ; 2140 (100.0%) ;
;     -- Number of signals with Zero toggle rate, from Vectorless estimation             ; 161 (5.0%)   ; 0 (0.0%)  ; 80 (7.7%)     ; 81 (3.8%)     ;
;     -- Number of signals with Static Probability from Vectorless estimation            ; 3182 (99.6%) ; 6 (40.0%) ; 1040 (100.0%) ; 2136 (99.8%)  ;
;                                                                                        ;              ;           ;               ;               ;
; Default assignment                                                                     ;              ;           ;               ;               ;
;     -- Number of signals with Toggle Rate from Default assignment                      ; 2 (0.1%)     ; 2 (13.3%) ; 0 (0.0%)      ; 0 (0.0%)      ;
;     -- Number of signals with Static Probability from Default assignment               ; 8 (0.3%)     ; 8 (53.3%) ; 0 (0.0%)      ; 0 (0.0%)      ;
;                                                                                        ;              ;           ;               ;               ;
; Assumed 0                                                                              ;              ;           ;               ;               ;
;     -- Number of signals with Toggle Rate assumed 0                                    ; 6 (0.2%)     ; 6 (40.0%) ; 0 (0.0%)      ; 0 (0.0%)      ;
+----------------------------------------------------------------------------------------+--------------+-----------+---------------+---------------+


+---------------------------------------------------------------------------------------------------------------------------------------------+
; Signal Activities                                                                                                                           ;
+--------+------+---------------------------------------------+-------------------------+--------------------+--------------------------------+
; Signal ; Type ; Toggle Rate (millions of transitions / sec) ; Toggle Rate Data Source ; Static Probability ; Static Probability Data Source ;
+--------+------+---------------------------------------------+-------------------------+--------------------+--------------------------------+
(1) The "Signal Activity" Table has been hidden. To show this table, please select the "Write signal activities to report file" option under "PowerPlay Power Analyzer Settings".


+-------------------------+
; Power Analyzer Messages ;
+-------------------------+
Info: *******************************************************************
Info: Running Quartus Prime Power Analyzer
    Info: Version 17.1.0 Build 590 10/25/2017 SJ Lite Edition
    Info: Processing started: Thu Dec 18 20:59:34 2025
Info: Command: quartus_pow --read_settings_files=off --write_settings_files=off mat_ua_ni2 -c mat_ua_ni2
Warning (18236): Number of processors has not been specified which may cause overloading on shared machines.  Set the global assignment NUM_PARALLEL_PROCESSORS in your QSF to an appropriate value for best performance.
Info (21077): Low junction temperature is 0 degrees C
Info (21077): High junction temperature is 85 degrees C
Info (332164): Evaluating HDL-embedded SDC commands
    Info (332165): Entity alt_jtag_atlantic
        Info (332166): set_false_path -from [get_registers {*|alt_jtag_atlantic:*|jupdate}] -to [get_registers {*|alt_jtag_atlantic:*|jupdate1*}] 
        Info (332166): set_false_path -from [get_registers {*|alt_jtag_atlantic:*|rdata[*]}] -to [get_registers {*|alt_jtag_atlantic*|td_shift[*]}]
        Info (332166): set_false_path -from [get_registers {*|alt_jtag_atlantic:*|rdata[*]}] -to [get_registers {*|alt_jtag_atlantic*|td_shift[*]}]
        Info (332166): set_false_path -from [get_registers {*|alt_jtag_atlantic:*|rdata[*]}] -to [get_registers {*|alt_jtag_atlantic*|td_shift[*]}]
        Info (332166): set_false_path -from [get_registers {*|alt_jtag_atlantic:*|rdata[*]}] -to [get_registers {*|alt_jtag_atlantic*|td_shift[*]}]
        Info (332166): set_false_path -from [get_registers {*|alt_jtag_atlantic:*|rdata[*]}] -to [get_registers {*|alt_jtag_atlantic*|td_shift[*]}]
        Info (332166): set_false_path -from [get_registers {*|alt_jtag_atlantic:*|rdata[*]}] -to [get_registers {*|alt_jtag_atlantic*|td_shift[*]}]
        Info (332166): set_false_path -from [get_registers {*|alt_jtag_atlantic:*|rdata[*]}] -to [get_registers {*|alt_jtag_atlantic*|td_shift[*]}]
        Info (332166): set_false_path -from [get_registers {*|alt_jtag_atlantic:*|rdata[*]}] -to [get_registers {*|alt_jtag_atlantic*|td_shift[*]}]
        Info (332166): set_false_path -from [get_registers {*|alt_jtag_atlantic:*|read}] -to [get_registers {*|alt_jtag_atlantic:*|read1*}] 
        Info (332166): set_false_path -from [get_registers {*|alt_jtag_atlantic:*|read_req}]
        Info (332166): set_false_path -from [get_registers {*|alt_jtag_atlantic:*|rvalid}] -to [get_registers {*|alt_jtag_atlantic*|td_shift[*]}]
        Info (332166): set_false_path -from [get_registers {*|t_dav}] -to [get_registers {*|alt_jtag_atlantic:*|tck_t_dav}]
        Info (332166): set_false_path -from [get_registers {*|alt_jtag_atlantic:*|user_saw_rvalid}] -to [get_registers {*|alt_jtag_atlantic:*|rvalid0*}]
        Info (332166): set_false_path -from [get_registers {*|alt_jtag_atlantic:*|wdata[*]}] -to [get_registers {*}]
        Info (332166): set_false_path -from [get_registers {*|alt_jtag_atlantic:*|wdata[*]}] -to [get_registers {*}]
        Info (332166): set_false_path -from [get_registers {*|alt_jtag_atlantic:*|wdata[*]}] -to [get_registers {*}]
        Info (332166): set_false_path -from [get_registers {*|alt_jtag_atlantic:*|wdata[*]}] -to [get_registers {*}]
        Info (332166): set_false_path -from [get_registers {*|alt_jtag_atlantic:*|wdata[*]}] -to [get_registers {*}]
        Info (332166): set_false_path -from [get_registers {*|alt_jtag_atlantic:*|wdata[*]}] -to [get_registers {*}]
        Info (332166): set_false_path -from [get_registers {*|alt_jtag_atlantic:*|wdata[*]}] -to [get_registers {*}]
        Info (332166): set_false_path -from [get_registers {*|alt_jtag_atlantic:*|wdata[*]}] -to [get_registers {*}]
        Info (332166): set_false_path -from [get_registers {*|alt_jtag_atlantic:*|write}] -to [get_registers {*|alt_jtag_atlantic:*|write1*}] 
        Info (332166): set_false_path -from [get_registers {*|alt_jtag_atlantic:*|write_stalled}] -to [get_registers {*|alt_jtag_atlantic:*|t_ena*}]
        Info (332166): set_false_path -from [get_registers {*|alt_jtag_atlantic:*|write_stalled}] -to [get_registers {*|alt_jtag_atlantic:*|t_pause*}]
        Info (332166): set_false_path -from [get_registers {*|alt_jtag_atlantic:*|write_valid}]
    Info (332165): Entity altera_std_synchronizer
        Info (332166): set_false_path -to [get_keepers {*altera_std_synchronizer:*|din_s1}]
    Info (332165): Entity sld_hub
        Info (332166): create_clock -name altera_reserved_tck [get_ports {altera_reserved_tck}] -period 10MHz   
        Info (332166): set_clock_groups -asynchronous -group {altera_reserved_tck}
Info (332104): Reading SDC File: 'mat_ua_ni2/synthesis/submodules/altera_reset_controller.sdc'
Info (332104): Reading SDC File: 'mat_ua_ni2/synthesis/submodules/mat_ua_ni2_nios2_gen2_0_cpu.sdc'
Warning (332060): Node: clk_clk was determined to be a clock but was found without an associated clock assignment.
    Info (13166): Register mat_ua_ni2_nios2_gen2_0:nios2_gen2_0|mat_ua_ni2_nios2_gen2_0_cpu:cpu|hbreak_enabled is being clocked by clk_clk
Info (332097): The following timing edges are non-unate.  TimeQuest will assume pos-unate behavior for these edges in the clock network.
    Info (332098): Cell: altera_internal_jtag  from: tck  to: tckutap
Critical Warning (332168): The following clock transfers have no clock uncertainty assignment. For more accurate results, apply clock uncertainty assignments or use the derive_clock_uncertainty command.
    Critical Warning (332169): From altera_reserved_tck (Rise) to altera_reserved_tck (Rise) (setup and hold)
    Critical Warning (332169): From altera_reserved_tck (Rise) to altera_reserved_tck (Fall) (setup and hold)
    Critical Warning (332169): From altera_reserved_tck (Fall) to altera_reserved_tck (Fall) (setup and hold)
Info (223000): Starting Vectorless Power Activity Estimation
Warning (222013): Relative toggle rates could not be calculated because no clock domain could be identified for some nodes
Info (223001): Completed Vectorless Power Activity Estimation
Info (218000): Using Advanced I/O Power to simulate I/O buffers with the specified board trace model
Info (334003): Started post-fitting delay annotation
Info (334004): Delay annotation completed successfully
Info (215049): Average toggle rate for this design is 0.223 millions of transitions / sec
Info (215031): Total thermal power estimate for the design is 117.91 mW
Info: Quartus Prime Power Analyzer was successful. 0 errors, 7 warnings
    Info: Peak virtual memory: 4895 megabytes
    Info: Processing ended: Thu Dec 18 20:59:36 2025
    Info: Elapsed time: 00:00:02
    Info: Total CPU time (on all processors): 00:00:04


